state,year,sex,ethnicity,population
Johor,2000,both,overall,2762.5
Johor,2000,both,bumi_malay,1452.5
Johor,2000,both,bumi_other,32.8
Johor,2000,both,chinese,923.2
Johor,2000,both,indian,178.9
Johor,2000,both,other_citizen,17.4
Johor,2000,both,other_noncitizen,157.7
Johor,2000,female,overall,1332.5
Johor,2000,female,bumi_malay,718.2
Johor,2000,female,bumi_other,15.6
Johor,2000,female,chinese,446.6
Johor,2000,female,indian,87.1
Johor,2000,female,other_citizen,8
Johor,2000,female,other_noncitizen,56.9
Johor,2000,male,overall,1430.1
Johor,2000,male,bumi_malay,734.3
Johor,2000,male,bumi_other,17.2
Johor,2000,male,chinese,476.6
Johor,2000,male,indian,91.8
Johor,2000,male,other_citizen,9.4
Johor,2000,male,other_noncitizen,100.7
Johor,2001,both,overall,2829.9
Johor,2001,both,bumi_malay,1486.9
Johor,2001,both,bumi_other,34.5
Johor,2001,both,chinese,939.1
Johor,2001,both,indian,183.3
Johor,2001,both,other_citizen,17.5
Johor,2001,both,other_noncitizen,168.5
Johor,2001,female,overall,1361.5
Johor,2001,female,bumi_malay,734.6
Johor,2001,female,bumi_other,16.3
Johor,2001,female,chinese,453.3
Johor,2001,female,indian,89.3
Johor,2001,female,other_citizen,8.1
Johor,2001,female,other_noncitizen,60
Johor,2001,male,overall,1468.4
Johor,2001,male,bumi_malay,752.3
Johor,2001,male,bumi_other,18.2
Johor,2001,male,chinese,485.8
Johor,2001,male,indian,94.1
Johor,2001,male,other_citizen,9.5
Johor,2001,male,other_noncitizen,108.5
Johor,2002,both,overall,2893.6
Johor,2002,both,bumi_malay,1519.9
Johor,2002,both,bumi_other,36.3
Johor,2002,both,chinese,952.6
Johor,2002,both,indian,187.7
Johor,2002,both,other_citizen,17.6
Johor,2002,both,other_noncitizen,179.5
Johor,2002,female,overall,1388.6
Johor,2002,female,bumi_malay,750.4
Johor,2002,female,bumi_other,17.1
Johor,2002,female,chinese,458.7
Johor,2002,female,indian,91.3
Johor,2002,female,other_citizen,8.1
Johor,2002,female,other_noncitizen,63.1
Johor,2002,male,overall,1505
Johor,2002,male,bumi_malay,769.5
Johor,2002,male,bumi_other,19.2
Johor,2002,male,chinese,493.9
Johor,2002,male,indian,96.4
Johor,2002,male,other_citizen,9.5
Johor,2002,male,other_noncitizen,116.4
Johor,2003,both,overall,2954
Johor,2003,both,bumi_malay,1551
Johor,2003,both,bumi_other,38.1
Johor,2003,both,chinese,965.2
Johor,2003,both,indian,191.7
Johor,2003,both,other_citizen,17.6
Johor,2003,both,other_noncitizen,190.3
Johor,2003,female,overall,1414.2
Johor,2003,female,bumi_malay,765.2
Johor,2003,female,bumi_other,17.8
Johor,2003,female,chinese,463.7
Johor,2003,female,indian,93.2
Johor,2003,female,other_citizen,8.1
Johor,2003,female,other_noncitizen,66.1
Johor,2003,male,overall,1539.8
Johor,2003,male,bumi_malay,785.8
Johor,2003,male,bumi_other,20.3
Johor,2003,male,chinese,501.5
Johor,2003,male,indian,98.5
Johor,2003,male,other_citizen,9.5
Johor,2003,male,other_noncitizen,124.2
Johor,2004,both,overall,3014.6
Johor,2004,both,bumi_malay,1582.8
Johor,2004,both,bumi_other,40.1
Johor,2004,both,chinese,976.9
Johor,2004,both,indian,195.8
Johor,2004,both,other_citizen,17.6
Johor,2004,both,other_noncitizen,201.4
Johor,2004,female,overall,1440.4
Johor,2004,female,bumi_malay,780.6
Johor,2004,female,bumi_other,18.7
Johor,2004,female,chinese,468.4
Johor,2004,female,indian,95.3
Johor,2004,female,other_citizen,8.1
Johor,2004,female,other_noncitizen,69.2
Johor,2004,male,overall,1574.3
Johor,2004,male,bumi_malay,802.2
Johor,2004,male,bumi_other,21.4
Johor,2004,male,chinese,508.5
Johor,2004,male,indian,100.5
Johor,2004,male,other_citizen,9.5
Johor,2004,male,other_noncitizen,132.2
Johor,2005,both,overall,3074.4
Johor,2005,both,bumi_malay,1613.9
Johor,2005,both,bumi_other,42.2
Johor,2005,both,chinese,988.5
Johor,2005,both,indian,199.7
Johor,2005,both,other_citizen,17.5
Johor,2005,both,other_noncitizen,212.5
Johor,2005,female,overall,1465.8
Johor,2005,female,bumi_malay,795.4
Johor,2005,female,bumi_other,19.7
Johor,2005,female,chinese,473
Johor,2005,female,indian,97.2
Johor,2005,female,other_citizen,8.1
Johor,2005,female,other_noncitizen,72.4
Johor,2005,male,overall,1608.6
Johor,2005,male,bumi_malay,818.5
Johor,2005,male,bumi_other,22.6
Johor,2005,male,chinese,515.5
Johor,2005,male,indian,102.5
Johor,2005,male,other_citizen,9.4
Johor,2005,male,other_noncitizen,140.1
Johor,2006,both,overall,3134.4
Johor,2006,both,bumi_malay,1645
Johor,2006,both,bumi_other,44.5
Johor,2006,both,chinese,999.9
Johor,2006,both,indian,203.5
Johor,2006,both,other_citizen,17.6
Johor,2006,both,other_noncitizen,223.8
Johor,2006,female,overall,1491.5
Johor,2006,female,bumi_malay,810.3
Johor,2006,female,bumi_other,20.7
Johor,2006,female,chinese,477.7
Johor,2006,female,indian,99
Johor,2006,female,other_citizen,8.2
Johor,2006,female,other_noncitizen,75.7
Johor,2006,male,overall,1642.9
Johor,2006,male,bumi_malay,834.7
Johor,2006,male,bumi_other,23.8
Johor,2006,male,chinese,522.2
Johor,2006,male,indian,104.6
Johor,2006,male,other_citizen,9.5
Johor,2006,male,other_noncitizen,148.1
Johor,2007,both,overall,3193.5
Johor,2007,both,bumi_malay,1675.7
Johor,2007,both,bumi_other,46.8
Johor,2007,both,chinese,1010.8
Johor,2007,both,indian,207.3
Johor,2007,both,other_citizen,17.7
Johor,2007,both,other_noncitizen,235.2
Johor,2007,female,overall,1516.7
Johor,2007,female,bumi_malay,825
Johor,2007,female,bumi_other,21.7
Johor,2007,female,chinese,481.9
Johor,2007,female,indian,100.8
Johor,2007,female,other_citizen,8.2
Johor,2007,female,other_noncitizen,79
Johor,2007,male,overall,1676.8
Johor,2007,male,bumi_malay,850.6
Johor,2007,male,bumi_other,25.1
Johor,2007,male,chinese,528.8
Johor,2007,male,indian,106.5
Johor,2007,male,other_citizen,9.5
Johor,2007,male,other_noncitizen,156.2
Johor,2008,both,overall,3252.3
Johor,2008,both,bumi_malay,1705.7
Johor,2008,both,bumi_other,49.1
Johor,2008,both,chinese,1021.9
Johor,2008,both,indian,211.1
Johor,2008,both,other_citizen,17.9
Johor,2008,both,other_noncitizen,246.6
Johor,2008,female,overall,1541.8
Johor,2008,female,bumi_malay,839.5
Johor,2008,female,bumi_other,22.6
Johor,2008,female,chinese,486.4
Johor,2008,female,indian,102.6
Johor,2008,female,other_citizen,8.4
Johor,2008,female,other_noncitizen,82.3
Johor,2008,male,overall,1710.5
Johor,2008,male,bumi_malay,866.2
Johor,2008,male,bumi_other,26.4
Johor,2008,male,chinese,535.4
Johor,2008,male,indian,108.6
Johor,2008,male,other_citizen,9.6
Johor,2008,male,other_noncitizen,164.3
Johor,2009,both,overall,3309.4
Johor,2009,both,bumi_malay,1735.3
Johor,2009,both,bumi_other,51.5
Johor,2009,both,chinese,1031.6
Johor,2009,both,indian,214.8
Johor,2009,both,other_citizen,18.2
Johor,2009,both,other_noncitizen,258
Johor,2009,female,overall,1566
Johor,2009,female,bumi_malay,853.5
Johor,2009,female,bumi_other,23.7
Johor,2009,female,chinese,490.3
Johor,2009,female,indian,104.4
Johor,2009,female,other_citizen,8.5
Johor,2009,female,other_noncitizen,85.6
Johor,2009,male,overall,1743.4
Johor,2009,male,bumi_malay,881.8
Johor,2009,male,bumi_other,27.8
Johor,2009,male,chinese,541.2
Johor,2009,male,indian,110.5
Johor,2009,male,other_citizen,9.7
Johor,2009,male,other_noncitizen,172.4
Johor,2010,both,overall,3362.9
Johor,2010,both,bumi_malay,1766.5
Johor,2010,both,bumi_other,53.9
Johor,2010,both,chinese,1041.1
Johor,2010,both,indian,218.5
Johor,2010,both,other_citizen,13.6
Johor,2010,both,other_noncitizen,269.4
Johor,2010,female,overall,1588.6
Johor,2010,female,bumi_malay,868.2
Johor,2010,female,bumi_other,24.8
Johor,2010,female,chinese,494.1
Johor,2010,female,indian,106.1
Johor,2010,female,other_citizen,6.4
Johor,2010,female,other_noncitizen,88.9
Johor,2010,male,overall,1774.4
Johor,2010,male,bumi_malay,898.3
Johor,2010,male,bumi_other,29.1
Johor,2010,male,chinese,547
Johor,2010,male,indian,112.4
Johor,2010,male,other_citizen,7.2
Johor,2010,male,other_noncitizen,180.4
Johor,2011,both,overall,3410.5
Johor,2011,both,bumi_malay,1792.3
Johor,2011,both,bumi_other,54.9
Johor,2011,both,chinese,1049.9
Johor,2011,both,indian,220.2
Johor,2011,both,other_citizen,14.4
Johor,2011,both,other_noncitizen,278.8
Johor,2011,female,overall,1611
Johor,2011,female,bumi_malay,881.2
Johor,2011,female,bumi_other,25.6
Johor,2011,female,chinese,498.7
Johor,2011,female,indian,107
Johor,2011,female,other_citizen,6.8
Johor,2011,female,other_noncitizen,91.8
Johor,2011,male,overall,1799.4
Johor,2011,male,bumi_malay,911.1
Johor,2011,male,bumi_other,29.3
Johor,2011,male,chinese,551.2
Johor,2011,male,indian,113.2
Johor,2011,male,other_citizen,7.6
Johor,2011,male,other_noncitizen,187
Johor,2012,both,overall,3450.4
Johor,2012,both,bumi_malay,1812.5
Johor,2012,both,bumi_other,56
Johor,2012,both,chinese,1057.2
Johor,2012,both,indian,221.9
Johor,2012,both,other_citizen,15
Johor,2012,both,other_noncitizen,287.8
Johor,2012,female,overall,1628.7
Johor,2012,female,bumi_malay,890.1
Johor,2012,female,bumi_other,26.6
Johor,2012,female,chinese,502.4
Johor,2012,female,indian,108
Johor,2012,female,other_citizen,7.1
Johor,2012,female,other_noncitizen,94.6
Johor,2012,male,overall,1821.7
Johor,2012,male,bumi_malay,922.4
Johor,2012,male,bumi_other,29.4
Johor,2012,male,chinese,554.8
Johor,2012,male,indian,113.9
Johor,2012,male,other_citizen,7.9
Johor,2012,male,other_noncitizen,193.2
Johor,2013,both,overall,3474.4
Johor,2013,both,bumi_malay,1832.8
Johor,2013,both,bumi_other,57.5
Johor,2013,both,chinese,1065.7
Johor,2013,both,indian,224.2
Johor,2013,both,other_citizen,16.1
Johor,2013,both,other_noncitizen,278.5
Johor,2013,female,overall,1644.1
Johor,2013,female,bumi_malay,900.7
Johor,2013,female,bumi_other,27.2
Johor,2013,female,chinese,506.7
Johor,2013,female,indian,109.2
Johor,2013,female,other_citizen,7.9
Johor,2013,female,other_noncitizen,92.8
Johor,2013,male,overall,1830.3
Johor,2013,male,bumi_malay,932.1
Johor,2013,male,bumi_other,30.3
Johor,2013,male,chinese,559
Johor,2013,male,indian,115
Johor,2013,male,other_citizen,8.3
Johor,2013,male,other_noncitizen,185.7
Johor,2014,both,overall,3559.8
Johor,2014,both,bumi_malay,1858.7
Johor,2014,both,bumi_other,58.3
Johor,2014,both,chinese,1072.8
Johor,2014,both,indian,227.6
Johor,2014,both,other_citizen,17.2
Johor,2014,both,other_noncitizen,325.1
Johor,2014,female,overall,1676.4
Johor,2014,female,bumi_malay,914.3
Johor,2014,female,bumi_other,27.4
Johor,2014,female,chinese,510.4
Johor,2014,female,indian,110.7
Johor,2014,female,other_citizen,8.6
Johor,2014,female,other_noncitizen,104.9
Johor,2014,male,overall,1883.4
Johor,2014,male,bumi_malay,944.4
Johor,2014,male,bumi_other,30.9
Johor,2014,male,chinese,562.4
Johor,2014,male,indian,116.9
Johor,2014,male,other_citizen,8.6
Johor,2014,male,other_noncitizen,220.2
Johor,2015,both,overall,3610.3
Johor,2015,both,bumi_malay,1886.5
Johor,2015,both,bumi_other,59.3
Johor,2015,both,chinese,1078.8
Johor,2015,both,indian,230.8
Johor,2015,both,other_citizen,18
Johor,2015,both,other_noncitizen,336.8
Johor,2015,female,overall,1700.5
Johor,2015,female,bumi_malay,929
Johor,2015,female,bumi_other,28
Johor,2015,female,chinese,513.8
Johor,2015,female,indian,112.6
Johor,2015,female,other_citizen,8.9
Johor,2015,female,other_noncitizen,108.3
Johor,2015,male,overall,1909.8
Johor,2015,male,bumi_malay,957.5
Johor,2015,male,bumi_other,31.3
Johor,2015,male,chinese,565
Johor,2015,male,indian,118.2
Johor,2015,male,other_citizen,9.1
Johor,2015,male,other_noncitizen,228.6
Johor,2016,both,overall,3651.8
Johor,2016,both,bumi_malay,1908.6
Johor,2016,both,bumi_other,59
Johor,2016,both,chinese,1085.4
Johor,2016,both,indian,232.5
Johor,2016,both,other_citizen,18.4
Johor,2016,both,other_noncitizen,347.4
Johor,2016,female,overall,1720.7
Johor,2016,female,bumi_malay,940.4
Johor,2016,female,bumi_other,27.6
Johor,2016,female,chinese,517.3
Johor,2016,female,indian,113.7
Johor,2016,female,other_citizen,9.2
Johor,2016,female,other_noncitizen,112.4
Johor,2016,male,overall,1931.1
Johor,2016,male,bumi_malay,968.2
Johor,2016,male,bumi_other,31.4
Johor,2016,male,chinese,568.1
Johor,2016,male,indian,118.9
Johor,2016,male,other_citizen,9.3
Johor,2016,male,other_noncitizen,235.1
Johor,2017,both,overall,3697
Johor,2017,both,bumi_malay,1937
Johor,2017,both,bumi_other,60.9
Johor,2017,both,chinese,1092.8
Johor,2017,both,indian,235.6
Johor,2017,both,other_citizen,18.6
Johor,2017,both,other_noncitizen,352.5
Johor,2017,female,overall,1744.5
Johor,2017,female,bumi_malay,956
Johor,2017,female,bumi_other,28.6
Johor,2017,female,chinese,521.6
Johor,2017,female,indian,115.3
Johor,2017,female,other_citizen,9.4
Johor,2017,female,other_noncitizen,113.9
Johor,2017,male,overall,1952.6
Johor,2017,male,bumi_malay,981
Johor,2017,male,bumi_other,32.3
Johor,2017,male,chinese,571.2
Johor,2017,male,indian,120.4
Johor,2017,male,other_citizen,9.2
Johor,2017,male,other_noncitizen,238.6
Johor,2018,both,overall,3749.4
Johor,2018,both,bumi_malay,1971.3
Johor,2018,both,bumi_other,64.5
Johor,2018,both,chinese,1098.6
Johor,2018,both,indian,239.1
Johor,2018,both,other_citizen,18.6
Johor,2018,both,other_noncitizen,357.2
Johor,2018,female,overall,1773
Johor,2018,female,bumi_malay,973.6
Johor,2018,female,bumi_other,30.6
Johor,2018,female,chinese,524.8
Johor,2018,female,indian,117.8
Johor,2018,female,other_citizen,9.6
Johor,2018,female,other_noncitizen,116.3
Johor,2018,male,overall,1976.4
Johor,2018,male,bumi_malay,997.7
Johor,2018,male,bumi_other,33.9
Johor,2018,male,chinese,573.8
Johor,2018,male,indian,121.3
Johor,2018,male,other_citizen,9
Johor,2018,male,other_noncitizen,240.8
Johor,2019,both,overall,3761.2
Johor,2019,both,bumi_malay,2005.5
Johor,2019,both,bumi_other,68
Johor,2019,both,chinese,1103.9
Johor,2019,both,indian,241.8
Johor,2019,both,other_citizen,18.5
Johor,2019,both,other_noncitizen,323.8
Johor,2019,female,overall,1786.6
Johor,2019,female,bumi_malay,991.4
Johor,2019,female,bumi_other,32.6
Johor,2019,female,chinese,527.7
Johor,2019,female,indian,119.7
Johor,2019,female,other_citizen,9.7
Johor,2019,female,other_noncitizen,105.5
Johor,2019,male,overall,1974.6
Johor,2019,male,bumi_malay,1014.1
Johor,2019,male,bumi_other,35.4
Johor,2019,male,chinese,576.2
Johor,2019,male,indian,122.1
Johor,2019,male,other_citizen,8.8
Johor,2019,male,other_noncitizen,218.3
Johor,2020,both,overall,4009.7
Johor,2020,both,bumi_malay,2158.4
Johor,2020,both,bumi_other,60.8
Johor,2020,both,chinese,1208.7
Johor,2020,both,indian,244.3
Johor,2020,both,other_citizen,18.4
Johor,2020,both,other_noncitizen,319.2
Johor,2020,female,overall,1868.4
Johor,2020,female,bumi_malay,1062
Johor,2020,female,bumi_other,28.5
Johor,2020,female,chinese,589.1
Johor,2020,female,indian,121.5
Johor,2020,female,other_citizen,7.3
Johor,2020,female,other_noncitizen,60
Johor,2020,male,overall,2141.3
Johor,2020,male,bumi_malay,1096.4
Johor,2020,male,bumi_other,32.3
Johor,2020,male,chinese,619.5
Johor,2020,male,indian,122.8
Johor,2020,male,other_citizen,11.1
Johor,2020,male,other_noncitizen,259.2
Johor,2021,both,overall,4020
Johor,2021,both,bumi_malay,2188.7
Johor,2021,both,bumi_other,57.5
Johor,2021,both,chinese,1211.5
Johor,2021,both,indian,244.9
Johor,2021,both,other_citizen,18.8
Johor,2021,both,other_noncitizen,298.7
Johor,2021,female,overall,1881.1
Johor,2021,female,bumi_malay,1077.5
Johor,2021,female,bumi_other,27
Johor,2021,female,chinese,591.1
Johor,2021,female,indian,121.9
Johor,2021,female,other_citizen,7.5
Johor,2021,female,other_noncitizen,56.1
Johor,2021,male,overall,2138.8
Johor,2021,male,bumi_malay,1111.2
Johor,2021,male,bumi_other,30.4
Johor,2021,male,chinese,620.4
Johor,2021,male,indian,123
Johor,2021,male,other_citizen,11.2
Johor,2021,male,other_noncitizen,242.6
Johor,2022,both,overall,4028.3
Johor,2022,both,bumi_malay,2208.6
Johor,2022,both,bumi_other,58.3
Johor,2022,both,chinese,1210.1
Johor,2022,both,indian,244.7
Johor,2022,both,other_citizen,19
Johor,2022,both,other_noncitizen,287.6
Johor,2022,female,overall,1890
Johor,2022,female,bumi_malay,1087.8
Johor,2022,female,bumi_other,27.4
Johor,2022,female,chinese,591.1
Johor,2022,female,indian,122
Johor,2022,female,other_citizen,7.7
Johor,2022,female,other_noncitizen,54.1
Johor,2022,male,overall,2138.2
Johor,2022,male,bumi_malay,1120.7
Johor,2022,male,bumi_other,30.9
Johor,2022,male,chinese,619
Johor,2022,male,indian,122.7
Johor,2022,male,other_citizen,11.3
Johor,2022,male,other_noncitizen,233.5
Johor,2023,both,overall,4107.2
Johor,2023,both,bumi_malay,2233.8
Johor,2023,both,bumi_other,59.3
Johor,2023,both,chinese,1211.1
Johor,2023,both,indian,245.8
Johor,2023,both,other_citizen,19.3
Johor,2023,both,other_noncitizen,337.9
Johor,2023,female,overall,1914.8
Johor,2023,female,bumi_malay,1100.7
Johor,2023,female,bumi_other,27.9
Johor,2023,female,chinese,592.2
Johor,2023,female,indian,122.7
Johor,2023,female,other_citizen,7.9
Johor,2023,female,other_noncitizen,63.5
Johor,2023,male,overall,2192.4
Johor,2023,male,bumi_malay,1133.1
Johor,2023,male,bumi_other,31.4
Johor,2023,male,chinese,618.9
Johor,2023,male,indian,123.1
Johor,2023,male,other_citizen,11.5
Johor,2023,male,other_noncitizen,274.4
Johor,2024,both,overall,4184.4
Johor,2024,both,bumi_malay,2257.2
Johor,2024,both,bumi_other,60.4
Johor,2024,both,chinese,1212.2
Johor,2024,both,indian,247.1
Johor,2024,both,other_citizen,19.6
Johor,2024,both,other_noncitizen,387.9
Johor,2024,female,overall,1938.7
Johor,2024,female,bumi_malay,1112.6
Johor,2024,female,bumi_other,28.4
Johor,2024,female,chinese,593.3
Johor,2024,female,indian,123.5
Johor,2024,female,other_citizen,8
Johor,2024,female,other_noncitizen,72.9
Johor,2024,male,overall,2245.6
Johor,2024,male,bumi_malay,1144.6
Johor,2024,male,bumi_other,31.9
Johor,2024,male,chinese,618.9
Johor,2024,male,indian,123.6
Johor,2024,male,other_citizen,11.6
Johor,2024,male,other_noncitizen,315
Johor,2025,both,overall,4205.9
Johor,2025,both,bumi_malay,2277.7
Johor,2025,both,bumi_other,61.3
Johor,2025,both,chinese,1213.7
Johor,2025,both,indian,248.1
Johor,2025,both,other_citizen,19.9
Johor,2025,both,other_noncitizen,385.1
Johor,2025,female,overall,1951.4
Johor,2025,female,bumi_malay,1123
Johor,2025,female,bumi_other,28.9
Johor,2025,female,chinese,594.8
Johor,2025,female,indian,124.2
Johor,2025,female,other_citizen,8.2
Johor,2025,female,other_noncitizen,72.4
Johor,2025,male,overall,2254.5
Johor,2025,male,bumi_malay,1154.7
Johor,2025,male,bumi_other,32.4
Johor,2025,male,chinese,619
Johor,2025,male,indian,124
Johor,2025,male,other_citizen,11.7
Johor,2025,male,other_noncitizen,312.7
Kedah,2000,both,overall,1671.9
Kedah,2000,both,bumi_malay,1256.2
Kedah,2000,both,bumi_other,2.6
Kedah,2000,both,chinese,244.7
Kedah,2000,both,indian,117.9
Kedah,2000,both,other_citizen,24
Kedah,2000,both,other_noncitizen,26.6
Kedah,2000,female,overall,841.5
Kedah,2000,female,bumi_malay,633.4
Kedah,2000,female,bumi_other,1.4
Kedah,2000,female,chinese,120
Kedah,2000,female,indian,60
Kedah,2000,female,other_citizen,12.1
Kedah,2000,female,other_noncitizen,14.8
Kedah,2000,male,overall,830.4
Kedah,2000,male,bumi_malay,622.8
Kedah,2000,male,bumi_other,1.3
Kedah,2000,male,chinese,124.7
Kedah,2000,male,indian,57.9
Kedah,2000,male,other_citizen,11.9
Kedah,2000,male,other_noncitizen,11.8
Kedah,2001,both,overall,1703.9
Kedah,2001,both,bumi_malay,1279.3
Kedah,2001,both,bumi_other,2.8
Kedah,2001,both,chinese,246.9
Kedah,2001,both,indian,120
Kedah,2001,both,other_citizen,24.1
Kedah,2001,both,other_noncitizen,30.8
Kedah,2001,female,overall,855.8
Kedah,2001,female,bumi_malay,644.2
Kedah,2001,female,bumi_other,1.4
Kedah,2001,female,chinese,121.1
Kedah,2001,female,indian,61.1
Kedah,2001,female,other_citizen,12.1
Kedah,2001,female,other_noncitizen,15.8
Kedah,2001,male,overall,848.2
Kedah,2001,male,bumi_malay,635
Kedah,2001,male,bumi_other,1.4
Kedah,2001,male,chinese,125.9
Kedah,2001,male,indian,58.9
Kedah,2001,male,other_citizen,12
Kedah,2001,male,other_noncitizen,15
Kedah,2002,both,overall,1734.8
Kedah,2002,both,bumi_malay,1301.7
Kedah,2002,both,bumi_other,3
Kedah,2002,both,chinese,248.7
Kedah,2002,both,indian,122
Kedah,2002,both,other_citizen,24.2
Kedah,2002,both,other_noncitizen,35.1
Kedah,2002,female,overall,869.4
Kedah,2002,female,bumi_malay,654.9
Kedah,2002,female,bumi_other,1.5
Kedah,2002,female,chinese,122
Kedah,2002,female,indian,62.1
Kedah,2002,female,other_citizen,12.2
Kedah,2002,female,other_noncitizen,16.7
Kedah,2002,male,overall,865.3
Kedah,2002,male,bumi_malay,646.8
Kedah,2002,male,bumi_other,1.5
Kedah,2002,male,chinese,126.8
Kedah,2002,male,indian,59.9
Kedah,2002,male,other_citizen,12
Kedah,2002,male,other_noncitizen,18.3
Kedah,2003,both,overall,1763.7
Kedah,2003,both,bumi_malay,1322.6
Kedah,2003,both,bumi_other,3.1
Kedah,2003,both,chinese,250.3
Kedah,2003,both,indian,124
Kedah,2003,both,other_citizen,24.4
Kedah,2003,both,other_noncitizen,39.3
Kedah,2003,female,overall,882.1
Kedah,2003,female,bumi_malay,664.7
Kedah,2003,female,bumi_other,1.6
Kedah,2003,female,chinese,122.7
Kedah,2003,female,indian,63.1
Kedah,2003,female,other_citizen,12.3
Kedah,2003,female,other_noncitizen,17.7
Kedah,2003,male,overall,881.6
Kedah,2003,male,bumi_malay,657.9
Kedah,2003,male,bumi_other,1.6
Kedah,2003,male,chinese,127.6
Kedah,2003,male,indian,60.8
Kedah,2003,male,other_citizen,12.1
Kedah,2003,male,other_noncitizen,21.6
Kedah,2004,both,overall,1792.4
Kedah,2004,both,bumi_malay,1343.4
Kedah,2004,both,bumi_other,3.3
Kedah,2004,both,chinese,251.6
Kedah,2004,both,indian,126
Kedah,2004,both,other_citizen,24.5
Kedah,2004,both,other_noncitizen,43.6
Kedah,2004,female,overall,895
Kedah,2004,female,bumi_malay,674.7
Kedah,2004,female,bumi_other,1.6
Kedah,2004,female,chinese,123.4
Kedah,2004,female,indian,64.3
Kedah,2004,female,other_citizen,12.3
Kedah,2004,female,other_noncitizen,18.7
Kedah,2004,male,overall,897.4
Kedah,2004,male,bumi_malay,668.7
Kedah,2004,male,bumi_other,1.7
Kedah,2004,male,chinese,128.2
Kedah,2004,male,indian,61.8
Kedah,2004,male,other_citizen,12.2
Kedah,2004,male,other_noncitizen,24.9
Kedah,2005,both,overall,1820.3
Kedah,2005,both,bumi_malay,1363.7
Kedah,2005,both,bumi_other,3.5
Kedah,2005,both,chinese,252.8
Kedah,2005,both,indian,127.9
Kedah,2005,both,other_citizen,24.6
Kedah,2005,both,other_noncitizen,47.8
Kedah,2005,female,overall,907.3
Kedah,2005,female,bumi_malay,684.5
Kedah,2005,female,bumi_other,1.7
Kedah,2005,female,chinese,123.9
Kedah,2005,female,indian,65.2
Kedah,2005,female,other_citizen,12.3
Kedah,2005,female,other_noncitizen,19.7
Kedah,2005,male,overall,913
Kedah,2005,male,bumi_malay,679.3
Kedah,2005,male,bumi_other,1.8
Kedah,2005,male,chinese,128.8
Kedah,2005,male,indian,62.7
Kedah,2005,male,other_citizen,12.3
Kedah,2005,male,other_noncitizen,28.1
Kedah,2006,both,overall,1847.5
Kedah,2006,both,bumi_malay,1383.6
Kedah,2006,both,bumi_other,3.7
Kedah,2006,both,chinese,253.7
Kedah,2006,both,indian,129.7
Kedah,2006,both,other_citizen,24.7
Kedah,2006,both,other_noncitizen,52.1
Kedah,2006,female,overall,919.3
Kedah,2006,female,bumi_malay,693.9
Kedah,2006,female,bumi_other,1.8
Kedah,2006,female,chinese,124.4
Kedah,2006,female,indian,66.1
Kedah,2006,female,other_citizen,12.4
Kedah,2006,female,other_noncitizen,20.6
Kedah,2006,male,overall,928.2
Kedah,2006,male,bumi_malay,689.7
Kedah,2006,male,bumi_other,1.9
Kedah,2006,male,chinese,129.3
Kedah,2006,male,indian,63.6
Kedah,2006,male,other_citizen,12.3
Kedah,2006,male,other_noncitizen,31.4
Kedah,2007,both,overall,1874.2
Kedah,2007,both,bumi_malay,1403.2
Kedah,2007,both,bumi_other,3.9
Kedah,2007,both,chinese,254.6
Kedah,2007,both,indian,131.4
Kedah,2007,both,other_citizen,24.8
Kedah,2007,both,other_noncitizen,56.3
Kedah,2007,female,overall,931
Kedah,2007,female,bumi_malay,703.3
Kedah,2007,female,bumi_other,1.9
Kedah,2007,female,chinese,124.8
Kedah,2007,female,indian,67
Kedah,2007,female,other_citizen,12.4
Kedah,2007,female,other_noncitizen,21.6
Kedah,2007,male,overall,943.1
Kedah,2007,male,bumi_malay,699.8
Kedah,2007,male,bumi_other,2
Kedah,2007,male,chinese,129.8
Kedah,2007,male,indian,64.4
Kedah,2007,male,other_citizen,12.4
Kedah,2007,male,other_noncitizen,34.7
Kedah,2008,both,overall,1900.2
Kedah,2008,both,bumi_malay,1422.2
Kedah,2008,both,bumi_other,4.1
Kedah,2008,both,chinese,255.4
Kedah,2008,both,indian,133.1
Kedah,2008,both,other_citizen,24.8
Kedah,2008,both,other_noncitizen,60.5
Kedah,2008,female,overall,942.4
Kedah,2008,female,bumi_malay,712.5
Kedah,2008,female,bumi_other,2
Kedah,2008,female,chinese,125.2
Kedah,2008,female,indian,67.8
Kedah,2008,female,other_citizen,12.4
Kedah,2008,female,other_noncitizen,22.6
Kedah,2008,male,overall,957.8
Kedah,2008,male,bumi_malay,709.7
Kedah,2008,male,bumi_other,2.1
Kedah,2008,male,chinese,130.2
Kedah,2008,male,indian,65.3
Kedah,2008,male,other_citizen,12.4
Kedah,2008,male,other_noncitizen,37.9
Kedah,2009,both,overall,1925.3
Kedah,2009,both,bumi_malay,1441.8
Kedah,2009,both,bumi_other,4.4
Kedah,2009,both,chinese,256.2
Kedah,2009,both,indian,134.8
Kedah,2009,both,other_citizen,23.4
Kedah,2009,both,other_noncitizen,64.7
Kedah,2009,female,overall,953.3
Kedah,2009,female,bumi_malay,721.7
Kedah,2009,female,bumi_other,2.1
Kedah,2009,female,chinese,125.5
Kedah,2009,female,indian,68.7
Kedah,2009,female,other_citizen,11.7
Kedah,2009,female,other_noncitizen,23.5
Kedah,2009,male,overall,972
Kedah,2009,male,bumi_malay,720.1
Kedah,2009,male,bumi_other,2.3
Kedah,2009,male,chinese,130.6
Kedah,2009,male,indian,66.1
Kedah,2009,male,other_citizen,11.7
Kedah,2009,male,other_noncitizen,41.2
Kedah,2010,both,overall,1949.3
Kedah,2010,both,bumi_malay,1463.6
Kedah,2010,both,bumi_other,4.6
Kedah,2010,both,chinese,257
Kedah,2010,both,indian,136.7
Kedah,2010,both,other_citizen,18.4
Kedah,2010,both,other_noncitizen,69
Kedah,2010,female,overall,963.6
Kedah,2010,female,bumi_malay,732.2
Kedah,2010,female,bumi_other,2.2
Kedah,2010,female,chinese,126
Kedah,2010,female,indian,69.6
Kedah,2010,female,other_citizen,9.1
Kedah,2010,female,other_noncitizen,24.5
Kedah,2010,male,overall,985.7
Kedah,2010,male,bumi_malay,731.4
Kedah,2010,male,bumi_other,2.4
Kedah,2010,male,chinese,131.1
Kedah,2010,male,indian,67.1
Kedah,2010,male,other_citizen,9.2
Kedah,2010,male,other_noncitizen,44.5
Kedah,2011,both,overall,1971.8
Kedah,2011,both,bumi_malay,1481.2
Kedah,2011,both,bumi_other,4.7
Kedah,2011,both,chinese,256.9
Kedah,2011,both,indian,137.2
Kedah,2011,both,other_citizen,18.8
Kedah,2011,both,other_noncitizen,73.1
Kedah,2011,female,overall,974.7
Kedah,2011,female,bumi_malay,741.3
Kedah,2011,female,bumi_other,2.3
Kedah,2011,female,chinese,126
Kedah,2011,female,indian,70.1
Kedah,2011,female,other_citizen,9.3
Kedah,2011,female,other_noncitizen,25.6
Kedah,2011,male,overall,997.2
Kedah,2011,male,bumi_malay,739.9
Kedah,2011,male,bumi_other,2.4
Kedah,2011,male,chinese,130.9
Kedah,2011,male,indian,67.2
Kedah,2011,male,other_citizen,9.4
Kedah,2011,male,other_noncitizen,47.4
Kedah,2012,both,overall,2001.1
Kedah,2012,both,bumi_malay,1508.4
Kedah,2012,both,bumi_other,4.8
Kedah,2012,both,chinese,257.1
Kedah,2012,both,indian,137.8
Kedah,2012,both,other_citizen,19
Kedah,2012,both,other_noncitizen,73.9
Kedah,2012,female,overall,988.9
Kedah,2012,female,bumi_malay,754.5
Kedah,2012,female,bumi_other,2.2
Kedah,2012,female,chinese,126
Kedah,2012,female,indian,70.3
Kedah,2012,female,other_citizen,9.5
Kedah,2012,female,other_noncitizen,26.4
Kedah,2012,male,overall,1012.2
Kedah,2012,male,bumi_malay,753.9
Kedah,2012,male,bumi_other,2.6
Kedah,2012,male,chinese,131.1
Kedah,2012,male,indian,67.6
Kedah,2012,male,other_citizen,9.6
Kedah,2012,male,other_noncitizen,47.5
Kedah,2013,both,overall,2039.8
Kedah,2013,both,bumi_malay,1533.5
Kedah,2013,both,bumi_other,3.9
Kedah,2013,both,chinese,257.3
Kedah,2013,both,indian,138.3
Kedah,2013,both,other_citizen,19.3
Kedah,2013,both,other_noncitizen,87.5
Kedah,2013,female,overall,1005.1
Kedah,2013,female,bumi_malay,767.7
Kedah,2013,female,bumi_other,1.5
Kedah,2013,female,chinese,126.5
Kedah,2013,female,indian,70.3
Kedah,2013,female,other_citizen,9.6
Kedah,2013,female,other_noncitizen,29.7
Kedah,2013,male,overall,1034.6
Kedah,2013,male,bumi_malay,765.8
Kedah,2013,male,bumi_other,2.4
Kedah,2013,male,chinese,130.8
Kedah,2013,male,indian,68
Kedah,2013,male,other_citizen,9.7
Kedah,2013,male,other_noncitizen,57.8
Kedah,2014,both,overall,2062.7
Kedah,2014,both,bumi_malay,1558
Kedah,2014,both,bumi_other,3
Kedah,2014,both,chinese,257.2
Kedah,2014,both,indian,138.9
Kedah,2014,both,other_citizen,19.6
Kedah,2014,both,other_noncitizen,85.6
Kedah,2014,female,overall,1016.4
Kedah,2014,female,bumi_malay,780.2
Kedah,2014,female,bumi_other,1
Kedah,2014,female,chinese,125.7
Kedah,2014,female,indian,70.4
Kedah,2014,female,other_citizen,9.8
Kedah,2014,female,other_noncitizen,29.1
Kedah,2014,male,overall,1046.4
Kedah,2014,male,bumi_malay,777.8
Kedah,2014,male,bumi_other,2
Kedah,2014,male,chinese,131.5
Kedah,2014,male,indian,68.4
Kedah,2014,male,other_citizen,9.8
Kedah,2014,male,other_noncitizen,56.5
Kedah,2015,both,overall,2096.5
Kedah,2015,both,bumi_malay,1583.5
Kedah,2015,both,bumi_other,3.1
Kedah,2015,both,chinese,257.6
Kedah,2015,both,indian,140.2
Kedah,2015,both,other_citizen,20.2
Kedah,2015,both,other_noncitizen,91.9
Kedah,2015,female,overall,1033.4
Kedah,2015,female,bumi_malay,793.4
Kedah,2015,female,bumi_other,1
Kedah,2015,female,chinese,126.1
Kedah,2015,female,indian,70.7
Kedah,2015,female,other_citizen,9.9
Kedah,2015,female,other_noncitizen,32.1
Kedah,2015,male,overall,1063.1
Kedah,2015,male,bumi_malay,790.1
Kedah,2015,male,bumi_other,2.1
Kedah,2015,male,chinese,131.4
Kedah,2015,male,indian,69.5
Kedah,2015,male,other_citizen,10.3
Kedah,2015,male,other_noncitizen,59.8
Kedah,2016,both,overall,2119.7
Kedah,2016,both,bumi_malay,1603
Kedah,2016,both,bumi_other,3.6
Kedah,2016,both,chinese,257.3
Kedah,2016,both,indian,140.5
Kedah,2016,both,other_citizen,20.4
Kedah,2016,both,other_noncitizen,94.4
Kedah,2016,female,overall,1044.1
Kedah,2016,female,bumi_malay,803.7
Kedah,2016,female,bumi_other,1.2
Kedah,2016,female,chinese,125.3
Kedah,2016,female,indian,70.7
Kedah,2016,female,other_citizen,10
Kedah,2016,female,other_noncitizen,32.9
Kedah,2016,male,overall,1075.6
Kedah,2016,male,bumi_malay,799.3
Kedah,2016,male,bumi_other,2.4
Kedah,2016,male,chinese,131.9
Kedah,2016,male,indian,69.8
Kedah,2016,male,other_citizen,10.4
Kedah,2016,male,other_noncitizen,61.5
Kedah,2017,both,overall,2143.9
Kedah,2017,both,bumi_malay,1625.4
Kedah,2017,both,bumi_other,3.8
Kedah,2017,both,chinese,256.5
Kedah,2017,both,indian,141
Kedah,2017,both,other_citizen,21.3
Kedah,2017,both,other_noncitizen,95.9
Kedah,2017,female,overall,1055.2
Kedah,2017,female,bumi_malay,814.4
Kedah,2017,female,bumi_other,1.3
Kedah,2017,female,chinese,124.9
Kedah,2017,female,indian,70.9
Kedah,2017,female,other_citizen,10.6
Kedah,2017,female,other_noncitizen,33.2
Kedah,2017,male,overall,1088.7
Kedah,2017,male,bumi_malay,811
Kedah,2017,male,bumi_other,2.5
Kedah,2017,male,chinese,131.6
Kedah,2017,male,indian,70.1
Kedah,2017,male,other_citizen,10.7
Kedah,2017,male,other_noncitizen,62.6
Kedah,2018,both,overall,2163
Kedah,2018,both,bumi_malay,1643
Kedah,2018,both,bumi_other,3.3
Kedah,2018,both,chinese,257.8
Kedah,2018,both,indian,140.9
Kedah,2018,both,other_citizen,21.6
Kedah,2018,both,other_noncitizen,96.4
Kedah,2018,female,overall,1065.1
Kedah,2018,female,bumi_malay,823.5
Kedah,2018,female,bumi_other,1
Kedah,2018,female,chinese,125.5
Kedah,2018,female,indian,71
Kedah,2018,female,other_citizen,10.8
Kedah,2018,female,other_noncitizen,33.4
Kedah,2018,male,overall,1097.8
Kedah,2018,male,bumi_malay,819.5
Kedah,2018,male,bumi_other,2.3
Kedah,2018,male,chinese,132.3
Kedah,2018,male,indian,69.9
Kedah,2018,male,other_citizen,10.8
Kedah,2018,male,other_noncitizen,63
Kedah,2019,both,overall,2173.7
Kedah,2019,both,bumi_malay,1661
Kedah,2019,both,bumi_other,2.4
Kedah,2019,both,chinese,259.1
Kedah,2019,both,indian,140.8
Kedah,2019,both,other_citizen,22
Kedah,2019,both,other_noncitizen,88.2
Kedah,2019,female,overall,1072.3
Kedah,2019,female,bumi_malay,833.1
Kedah,2019,female,bumi_other,0.4
Kedah,2019,female,chinese,126
Kedah,2019,female,indian,71
Kedah,2019,female,other_citizen,11.1
Kedah,2019,female,other_noncitizen,30.6
Kedah,2019,male,overall,1101.5
Kedah,2019,male,bumi_malay,827.9
Kedah,2019,male,bumi_other,2
Kedah,2019,male,chinese,133.1
Kedah,2019,male,indian,69.8
Kedah,2019,male,other_citizen,10.9
Kedah,2019,male,other_noncitizen,57.7
Kedah,2020,both,overall,2131.4
Kedah,2020,both,bumi_malay,1624.8
Kedah,2020,both,bumi_other,8
Kedah,2020,both,chinese,250.6
Kedah,2020,both,indian,129.1
Kedah,2020,both,other_citizen,25.7
Kedah,2020,both,other_noncitizen,93.3
Kedah,2020,female,overall,1044.1
Kedah,2020,female,bumi_malay,810.1
Kedah,2020,female,bumi_other,3.8
Kedah,2020,female,chinese,125.6
Kedah,2020,female,indian,66.6
Kedah,2020,female,other_citizen,12.2
Kedah,2020,female,other_noncitizen,25.9
Kedah,2020,male,overall,1087.3
Kedah,2020,male,bumi_malay,814.7
Kedah,2020,male,bumi_other,4.1
Kedah,2020,male,chinese,125
Kedah,2020,male,indian,62.4
Kedah,2020,male,other_citizen,13.5
Kedah,2020,male,other_noncitizen,67.5
Kedah,2021,both,overall,2151.7
Kedah,2021,both,bumi_malay,1653
Kedah,2021,both,bumi_other,4.6
Kedah,2021,both,chinese,250.6
Kedah,2021,both,indian,129.1
Kedah,2021,both,other_citizen,25.7
Kedah,2021,both,other_noncitizen,88.8
Kedah,2021,female,overall,1055.9
Kedah,2021,female,bumi_malay,824.5
Kedah,2021,female,bumi_other,2.2
Kedah,2021,female,chinese,125.7
Kedah,2021,female,indian,66.7
Kedah,2021,female,other_citizen,12.2
Kedah,2021,female,other_noncitizen,24.6
Kedah,2021,male,overall,1095.8
Kedah,2021,male,bumi_malay,828.4
Kedah,2021,male,bumi_other,2.4
Kedah,2021,male,chinese,124.9
Kedah,2021,male,indian,62.3
Kedah,2021,male,other_citizen,13.5
Kedah,2021,male,other_noncitizen,64.2
Kedah,2022,both,overall,2163.1
Kedah,2022,both,bumi_malay,1665.5
Kedah,2022,both,bumi_other,4.7
Kedah,2022,both,chinese,249.5
Kedah,2022,both,indian,128.6
Kedah,2022,both,other_citizen,25.7
Kedah,2022,both,other_noncitizen,89.1
Kedah,2022,female,overall,1061.9
Kedah,2022,female,bumi_malay,830.9
Kedah,2022,female,bumi_other,2.2
Kedah,2022,female,chinese,125.3
Kedah,2022,female,indian,66.6
Kedah,2022,female,other_citizen,12.2
Kedah,2022,female,other_noncitizen,24.7
Kedah,2022,male,overall,1101.2
Kedah,2022,male,bumi_malay,834.7
Kedah,2022,male,bumi_other,2.4
Kedah,2022,male,chinese,124.2
Kedah,2022,male,indian,62
Kedah,2022,male,other_citizen,13.5
Kedah,2022,male,other_noncitizen,64.4
Kedah,2023,both,overall,2189.3
Kedah,2023,both,bumi_malay,1682
Kedah,2023,both,bumi_other,4.7
Kedah,2023,both,chinese,248.6
Kedah,2023,both,indian,128.6
Kedah,2023,both,other_citizen,25.8
Kedah,2023,both,other_noncitizen,99.6
Kedah,2023,female,overall,1073.2
Kedah,2023,female,bumi_malay,839.4
Kedah,2023,female,bumi_other,2.3
Kedah,2023,female,chinese,125
Kedah,2023,female,indian,66.7
Kedah,2023,female,other_citizen,12.3
Kedah,2023,female,other_noncitizen,27.6
Kedah,2023,male,overall,1116.1
Kedah,2023,male,bumi_malay,842.7
Kedah,2023,male,bumi_other,2.5
Kedah,2023,male,chinese,123.6
Kedah,2023,male,indian,61.9
Kedah,2023,male,other_citizen,13.5
Kedah,2023,male,other_noncitizen,72
Kedah,2024,both,overall,2217.1
Kedah,2024,both,bumi_malay,1697.5
Kedah,2024,both,bumi_other,4.8
Kedah,2024,both,chinese,247.6
Kedah,2024,both,indian,128.5
Kedah,2024,both,other_citizen,25.8
Kedah,2024,both,other_noncitizen,112.8
Kedah,2024,female,overall,1084.5
Kedah,2024,female,bumi_malay,847.3
Kedah,2024,female,bumi_other,2.3
Kedah,2024,female,chinese,124.7
Kedah,2024,female,indian,66.7
Kedah,2024,female,other_citizen,12.3
Kedah,2024,female,other_noncitizen,31.2
Kedah,2024,male,overall,1132.6
Kedah,2024,male,bumi_malay,850.2
Kedah,2024,male,bumi_other,2.5
Kedah,2024,male,chinese,122.9
Kedah,2024,male,indian,61.8
Kedah,2024,male,other_citizen,13.5
Kedah,2024,male,other_noncitizen,81.6
Kedah,2025,both,overall,2228
Kedah,2025,both,bumi_malay,1711.3
Kedah,2025,both,bumi_other,4.9
Kedah,2025,both,chinese,246.7
Kedah,2025,both,indian,128.4
Kedah,2025,both,other_citizen,25.9
Kedah,2025,both,other_noncitizen,111
Kedah,2025,female,overall,1090.9
Kedah,2025,female,bumi_malay,854.4
Kedah,2025,female,bumi_other,2.3
Kedah,2025,female,chinese,124.4
Kedah,2025,female,indian,66.7
Kedah,2025,female,other_citizen,12.3
Kedah,2025,female,other_noncitizen,30.7
Kedah,2025,male,overall,1137.1
Kedah,2025,male,bumi_malay,856.9
Kedah,2025,male,bumi_other,2.5
Kedah,2025,male,chinese,122.2
Kedah,2025,male,indian,61.7
Kedah,2025,male,other_citizen,13.6
Kedah,2025,male,other_noncitizen,80.2
Kelantan,2000,both,overall,1361.4
Kelantan,2000,both,bumi_malay,1261.4
Kelantan,2000,both,bumi_other,10.8
Kelantan,2000,both,chinese,50
Kelantan,2000,both,indian,3.9
Kelantan,2000,both,other_citizen,13.1
Kelantan,2000,both,other_noncitizen,22.3
Kelantan,2000,female,overall,681.5
Kelantan,2000,female,bumi_malay,632
Kelantan,2000,female,bumi_other,5.2
Kelantan,2000,female,chinese,24.4
Kelantan,2000,female,indian,1.9
Kelantan,2000,female,other_citizen,6.8
Kelantan,2000,female,other_noncitizen,11.2
Kelantan,2000,male,overall,680
Kelantan,2000,male,bumi_malay,629.4
Kelantan,2000,male,bumi_other,5.6
Kelantan,2000,male,chinese,25.7
Kelantan,2000,male,indian,1.9
Kelantan,2000,male,other_citizen,6.2
Kelantan,2000,male,other_noncitizen,11.2
Kelantan,2001,both,overall,1390
Kelantan,2001,both,bumi_malay,1287.3
Kelantan,2001,both,bumi_other,11.1
Kelantan,2001,both,chinese,50.4
Kelantan,2001,both,indian,3.9
Kelantan,2001,both,other_citizen,13.1
Kelantan,2001,both,other_noncitizen,24.1
Kelantan,2001,female,overall,695.2
Kelantan,2001,female,bumi_malay,644.8
Kelantan,2001,female,bumi_other,5.3
Kelantan,2001,female,chinese,24.5
Kelantan,2001,female,indian,1.9
Kelantan,2001,female,other_citizen,6.8
Kelantan,2001,female,other_noncitizen,11.8
Kelantan,2001,male,overall,694.8
Kelantan,2001,male,bumi_malay,642.5
Kelantan,2001,male,bumi_other,5.7
Kelantan,2001,male,chinese,25.9
Kelantan,2001,male,indian,2
Kelantan,2001,male,other_citizen,6.3
Kelantan,2001,male,other_noncitizen,12.3
Kelantan,2002,both,overall,1416.7
Kelantan,2002,both,bumi_malay,1311.3
Kelantan,2002,both,bumi_other,11.7
Kelantan,2002,both,chinese,50.7
Kelantan,2002,both,indian,4
Kelantan,2002,both,other_citizen,13.3
Kelantan,2002,both,other_noncitizen,25.8
Kelantan,2002,female,overall,708
Kelantan,2002,female,bumi_malay,656.5
Kelantan,2002,female,bumi_other,5.7
Kelantan,2002,female,chinese,24.7
Kelantan,2002,female,indian,1.9
Kelantan,2002,female,other_citizen,6.9
Kelantan,2002,female,other_noncitizen,12.4
Kelantan,2002,male,overall,708.7
Kelantan,2002,male,bumi_malay,654.8
Kelantan,2002,male,bumi_other,6
Kelantan,2002,male,chinese,26.1
Kelantan,2002,male,indian,2.1
Kelantan,2002,male,other_citizen,6.4
Kelantan,2002,male,other_noncitizen,13.4
Kelantan,2003,both,overall,1440.5
Kelantan,2003,both,bumi_malay,1332.3
Kelantan,2003,both,bumi_other,12.3
Kelantan,2003,both,chinese,51
Kelantan,2003,both,indian,4.1
Kelantan,2003,both,other_citizen,13.4
Kelantan,2003,both,other_noncitizen,27.4
Kelantan,2003,female,overall,719.4
Kelantan,2003,female,bumi_malay,666.9
Kelantan,2003,female,bumi_other,6
Kelantan,2003,female,chinese,24.8
Kelantan,2003,female,indian,2
Kelantan,2003,female,other_citizen,6.9
Kelantan,2003,female,other_noncitizen,12.9
Kelantan,2003,male,overall,721.1
Kelantan,2003,male,bumi_malay,665.4
Kelantan,2003,male,bumi_other,6.4
Kelantan,2003,male,chinese,26.2
Kelantan,2003,male,indian,2.1
Kelantan,2003,male,other_citizen,6.5
Kelantan,2003,male,other_noncitizen,14.5
Kelantan,2004,both,overall,1463.8
Kelantan,2004,both,bumi_malay,1353
Kelantan,2004,both,bumi_other,13
Kelantan,2004,both,chinese,51.2
Kelantan,2004,both,indian,4.1
Kelantan,2004,both,other_citizen,13.5
Kelantan,2004,both,other_noncitizen,29
Kelantan,2004,female,overall,731
Kelantan,2004,female,bumi_malay,677.5
Kelantan,2004,female,bumi_other,6.3
Kelantan,2004,female,chinese,24.8
Kelantan,2004,female,indian,2
Kelantan,2004,female,other_citizen,6.9
Kelantan,2004,female,other_noncitizen,13.5
Kelantan,2004,male,overall,732.8
Kelantan,2004,male,bumi_malay,675.5
Kelantan,2004,male,bumi_other,6.7
Kelantan,2004,male,chinese,26.4
Kelantan,2004,male,indian,2.2
Kelantan,2004,male,other_citizen,6.6
Kelantan,2004,male,other_noncitizen,15.5
Kelantan,2005,both,overall,1486.3
Kelantan,2005,both,bumi_malay,1372.8
Kelantan,2005,both,bumi_other,13.6
Kelantan,2005,both,chinese,51.5
Kelantan,2005,both,indian,4.2
Kelantan,2005,both,other_citizen,13.6
Kelantan,2005,both,other_noncitizen,30.7
Kelantan,2005,female,overall,741.7
Kelantan,2005,female,bumi_malay,687.2
Kelantan,2005,female,bumi_other,6.6
Kelantan,2005,female,chinese,25
Kelantan,2005,female,indian,2
Kelantan,2005,female,other_citizen,6.9
Kelantan,2005,female,other_noncitizen,14.1
Kelantan,2005,male,overall,744.6
Kelantan,2005,male,bumi_malay,685.6
Kelantan,2005,male,bumi_other,7
Kelantan,2005,male,chinese,26.5
Kelantan,2005,male,indian,2.2
Kelantan,2005,male,other_citizen,6.7
Kelantan,2005,male,other_noncitizen,16.6
Kelantan,2006,both,overall,1507.6
Kelantan,2006,both,bumi_malay,1391.4
Kelantan,2006,both,bumi_other,14.2
Kelantan,2006,both,chinese,51.7
Kelantan,2006,both,indian,4.3
Kelantan,2006,both,other_citizen,13.6
Kelantan,2006,both,other_noncitizen,32.3
Kelantan,2006,female,overall,751.9
Kelantan,2006,female,bumi_malay,696.6
Kelantan,2006,female,bumi_other,6.9
Kelantan,2006,female,chinese,25
Kelantan,2006,female,indian,2
Kelantan,2006,female,other_citizen,6.8
Kelantan,2006,female,other_noncitizen,14.6
Kelantan,2006,male,overall,755.7
Kelantan,2006,male,bumi_malay,694.9
Kelantan,2006,male,bumi_other,7.4
Kelantan,2006,male,chinese,26.7
Kelantan,2006,male,indian,2.3
Kelantan,2006,male,other_citizen,6.8
Kelantan,2006,male,other_noncitizen,17.6
Kelantan,2007,both,overall,1529.1
Kelantan,2007,both,bumi_malay,1410.4
Kelantan,2007,both,bumi_other,14.9
Kelantan,2007,both,chinese,51.9
Kelantan,2007,both,indian,4.3
Kelantan,2007,both,other_citizen,13.7
Kelantan,2007,both,other_noncitizen,33.9
Kelantan,2007,female,overall,762.1
Kelantan,2007,female,bumi_malay,705.9
Kelantan,2007,female,bumi_other,7.2
Kelantan,2007,female,chinese,25
Kelantan,2007,female,indian,2
Kelantan,2007,female,other_citizen,6.7
Kelantan,2007,female,other_noncitizen,15.2
Kelantan,2007,male,overall,767
Kelantan,2007,male,bumi_malay,704.5
Kelantan,2007,male,bumi_other,7.7
Kelantan,2007,male,chinese,26.8
Kelantan,2007,male,indian,2.3
Kelantan,2007,male,other_citizen,7
Kelantan,2007,male,other_noncitizen,18.7
Kelantan,2008,both,overall,1549.8
Kelantan,2008,both,bumi_malay,1428.6
Kelantan,2008,both,bumi_other,15.5
Kelantan,2008,both,chinese,52
Kelantan,2008,both,indian,4.4
Kelantan,2008,both,other_citizen,13.7
Kelantan,2008,both,other_noncitizen,35.5
Kelantan,2008,female,overall,772
Kelantan,2008,female,bumi_malay,715
Kelantan,2008,female,bumi_other,7.5
Kelantan,2008,female,chinese,25.1
Kelantan,2008,female,indian,2
Kelantan,2008,female,other_citizen,6.6
Kelantan,2008,female,other_noncitizen,15.8
Kelantan,2008,male,overall,777.8
Kelantan,2008,male,bumi_malay,713.5
Kelantan,2008,male,bumi_other,8
Kelantan,2008,male,chinese,27
Kelantan,2008,male,indian,2.4
Kelantan,2008,male,other_citizen,7.1
Kelantan,2008,male,other_noncitizen,19.8
Kelantan,2009,both,overall,1570
Kelantan,2009,both,bumi_malay,1447.1
Kelantan,2009,both,bumi_other,16.2
Kelantan,2009,both,chinese,52.2
Kelantan,2009,both,indian,4.5
Kelantan,2009,both,other_citizen,12.9
Kelantan,2009,both,other_noncitizen,37.2
Kelantan,2009,female,overall,781.6
Kelantan,2009,female,bumi_malay,724.2
Kelantan,2009,female,bumi_other,7.8
Kelantan,2009,female,chinese,25.1
Kelantan,2009,female,indian,2
Kelantan,2009,female,other_citizen,6.1
Kelantan,2009,female,other_noncitizen,16.4
Kelantan,2009,male,overall,788.5
Kelantan,2009,male,bumi_malay,722.9
Kelantan,2009,male,bumi_other,8.4
Kelantan,2009,male,chinese,27.1
Kelantan,2009,male,indian,2.5
Kelantan,2009,male,other_citizen,6.8
Kelantan,2009,male,other_noncitizen,20.8
Kelantan,2010,both,overall,1589.9
Kelantan,2010,both,bumi_malay,1467
Kelantan,2010,both,bumi_other,16.8
Kelantan,2010,both,chinese,52.4
Kelantan,2010,both,indian,4.5
Kelantan,2010,both,other_citizen,10.1
Kelantan,2010,both,other_noncitizen,38.9
Kelantan,2010,female,overall,791.2
Kelantan,2010,female,bumi_malay,734.3
Kelantan,2010,female,bumi_other,8.1
Kelantan,2010,female,chinese,25.1
Kelantan,2010,female,indian,2
Kelantan,2010,female,other_citizen,4.7
Kelantan,2010,female,other_noncitizen,17
Kelantan,2010,male,overall,798.7
Kelantan,2010,male,bumi_malay,732.8
Kelantan,2010,male,bumi_other,8.8
Kelantan,2010,male,chinese,27.2
Kelantan,2010,male,indian,2.5
Kelantan,2010,male,other_citizen,5.5
Kelantan,2010,male,other_noncitizen,22
Kelantan,2011,both,overall,1618.8
Kelantan,2011,both,bumi_malay,1492.5
Kelantan,2011,both,bumi_other,17.7
Kelantan,2011,both,chinese,52.8
Kelantan,2011,both,indian,4.7
Kelantan,2011,both,other_citizen,10.6
Kelantan,2011,both,other_noncitizen,40.6
Kelantan,2011,female,overall,805.4
Kelantan,2011,female,bumi_malay,746.9
Kelantan,2011,female,bumi_other,8.4
Kelantan,2011,female,chinese,25.4
Kelantan,2011,female,indian,2
Kelantan,2011,female,other_citizen,4.9
Kelantan,2011,female,other_noncitizen,17.7
Kelantan,2011,male,overall,813.4
Kelantan,2011,male,bumi_malay,745.5
Kelantan,2011,male,bumi_other,9.3
Kelantan,2011,male,chinese,27.4
Kelantan,2011,male,indian,2.6
Kelantan,2011,male,other_citizen,5.7
Kelantan,2011,male,other_noncitizen,22.9
Kelantan,2012,both,overall,1651
Kelantan,2012,both,bumi_malay,1521.8
Kelantan,2012,both,bumi_other,18.2
Kelantan,2012,both,chinese,53.3
Kelantan,2012,both,indian,4.7
Kelantan,2012,both,other_citizen,10.7
Kelantan,2012,both,other_noncitizen,42.4
Kelantan,2012,female,overall,821.4
Kelantan,2012,female,bumi_malay,761.7
Kelantan,2012,female,bumi_other,8.7
Kelantan,2012,female,chinese,25.7
Kelantan,2012,female,indian,2
Kelantan,2012,female,other_citizen,5
Kelantan,2012,female,other_noncitizen,18.3
Kelantan,2012,male,overall,829.6
Kelantan,2012,male,bumi_malay,760.1
Kelantan,2012,male,bumi_other,9.6
Kelantan,2012,male,chinese,27.5
Kelantan,2012,male,indian,2.6
Kelantan,2012,male,other_citizen,5.7
Kelantan,2012,male,other_noncitizen,24.1
Kelantan,2013,both,overall,1683.5
Kelantan,2013,both,bumi_malay,1553.8
Kelantan,2013,both,bumi_other,18.7
Kelantan,2013,both,chinese,53.1
Kelantan,2013,both,indian,4.7
Kelantan,2013,both,other_citizen,10.8
Kelantan,2013,both,other_noncitizen,42.4
Kelantan,2013,female,overall,836.6
Kelantan,2013,female,bumi_malay,776.8
Kelantan,2013,female,bumi_other,8.9
Kelantan,2013,female,chinese,25.4
Kelantan,2013,female,indian,2.1
Kelantan,2013,female,other_citizen,5
Kelantan,2013,female,other_noncitizen,18.4
Kelantan,2013,male,overall,846.9
Kelantan,2013,male,bumi_malay,777
Kelantan,2013,male,bumi_other,9.8
Kelantan,2013,male,chinese,27.7
Kelantan,2013,male,indian,2.6
Kelantan,2013,male,other_citizen,5.8
Kelantan,2013,male,other_noncitizen,24
Kelantan,2014,both,overall,1723.4
Kelantan,2014,both,bumi_malay,1585.8
Kelantan,2014,both,bumi_other,19.3
Kelantan,2014,both,chinese,54
Kelantan,2014,both,indian,4.8
Kelantan,2014,both,other_citizen,11
Kelantan,2014,both,other_noncitizen,48.7
Kelantan,2014,female,overall,854.9
Kelantan,2014,female,bumi_malay,791.9
Kelantan,2014,female,bumi_other,9.2
Kelantan,2014,female,chinese,25.7
Kelantan,2014,female,indian,2.1
Kelantan,2014,female,other_citizen,5.1
Kelantan,2014,female,other_noncitizen,20.9
Kelantan,2014,male,overall,868.6
Kelantan,2014,male,bumi_malay,793.9
Kelantan,2014,male,bumi_other,10.1
Kelantan,2014,male,chinese,28.3
Kelantan,2014,male,indian,2.6
Kelantan,2014,male,other_citizen,5.9
Kelantan,2014,male,other_noncitizen,27.8
Kelantan,2015,both,overall,1760.6
Kelantan,2015,both,bumi_malay,1620.2
Kelantan,2015,both,bumi_other,19.5
Kelantan,2015,both,chinese,54.7
Kelantan,2015,both,indian,4.8
Kelantan,2015,both,other_citizen,10.9
Kelantan,2015,both,other_noncitizen,50.7
Kelantan,2015,female,overall,873
Kelantan,2015,female,bumi_malay,808.8
Kelantan,2015,female,bumi_other,9.3
Kelantan,2015,female,chinese,25.8
Kelantan,2015,female,indian,2.1
Kelantan,2015,female,other_citizen,5.2
Kelantan,2015,female,other_noncitizen,21.8
Kelantan,2015,male,overall,887.6
Kelantan,2015,male,bumi_malay,811.4
Kelantan,2015,male,bumi_other,10.2
Kelantan,2015,male,chinese,28.9
Kelantan,2015,male,indian,2.6
Kelantan,2015,male,other_citizen,5.8
Kelantan,2015,male,other_noncitizen,28.9
Kelantan,2016,both,overall,1796.7
Kelantan,2016,both,bumi_malay,1653.6
Kelantan,2016,both,bumi_other,19.4
Kelantan,2016,both,chinese,55.4
Kelantan,2016,both,indian,4.8
Kelantan,2016,both,other_citizen,11
Kelantan,2016,both,other_noncitizen,52.4
Kelantan,2016,female,overall,890.1
Kelantan,2016,female,bumi_malay,824.9
Kelantan,2016,female,bumi_other,9.3
Kelantan,2016,female,chinese,26
Kelantan,2016,female,indian,2.1
Kelantan,2016,female,other_citizen,5.2
Kelantan,2016,female,other_noncitizen,22.4
Kelantan,2016,male,overall,906.7
Kelantan,2016,male,bumi_malay,828.7
Kelantan,2016,male,bumi_other,10.1
Kelantan,2016,male,chinese,29.4
Kelantan,2016,male,indian,2.6
Kelantan,2016,male,other_citizen,5.8
Kelantan,2016,male,other_noncitizen,29.9
Kelantan,2017,both,overall,1829
Kelantan,2017,both,bumi_malay,1683.4
Kelantan,2017,both,bumi_other,20.6
Kelantan,2017,both,chinese,55.8
Kelantan,2017,both,indian,4.8
Kelantan,2017,both,other_citizen,11.3
Kelantan,2017,both,other_noncitizen,53.5
Kelantan,2017,female,overall,905.8
Kelantan,2017,female,bumi_malay,839.6
Kelantan,2017,female,bumi_other,9.8
Kelantan,2017,female,chinese,26
Kelantan,2017,female,indian,2.1
Kelantan,2017,female,other_citizen,5.4
Kelantan,2017,female,other_noncitizen,22.9
Kelantan,2017,male,overall,923.2
Kelantan,2017,male,bumi_malay,843.8
Kelantan,2017,male,bumi_other,10.8
Kelantan,2017,male,chinese,29.7
Kelantan,2017,male,indian,2.7
Kelantan,2017,male,other_citizen,5.9
Kelantan,2017,male,other_noncitizen,30.6
Kelantan,2018,both,overall,1860.5
Kelantan,2018,both,bumi_malay,1713.1
Kelantan,2018,both,bumi_other,20.6
Kelantan,2018,both,chinese,56.3
Kelantan,2018,both,indian,4.8
Kelantan,2018,both,other_citizen,11.4
Kelantan,2018,both,other_noncitizen,54.2
Kelantan,2018,female,overall,920.6
Kelantan,2018,female,bumi_malay,853.6
Kelantan,2018,female,bumi_other,9.8
Kelantan,2018,female,chinese,26.3
Kelantan,2018,female,indian,2.1
Kelantan,2018,female,other_citizen,5.5
Kelantan,2018,female,other_noncitizen,23.2
Kelantan,2018,male,overall,939.9
Kelantan,2018,male,bumi_malay,859.5
Kelantan,2018,male,bumi_other,10.8
Kelantan,2018,male,chinese,30
Kelantan,2018,male,indian,2.7
Kelantan,2018,male,other_citizen,6
Kelantan,2018,male,other_noncitizen,31
Kelantan,2019,both,overall,1883.8
Kelantan,2019,both,bumi_malay,1740.4
Kelantan,2019,both,bumi_other,20.9
Kelantan,2019,both,chinese,56.8
Kelantan,2019,both,indian,4.8
Kelantan,2019,both,other_citizen,11.5
Kelantan,2019,both,other_noncitizen,49.2
Kelantan,2019,female,overall,931.7
Kelantan,2019,female,bumi_malay,866.5
Kelantan,2019,female,bumi_other,10
Kelantan,2019,female,chinese,26.5
Kelantan,2019,female,indian,2.1
Kelantan,2019,female,other_citizen,5.5
Kelantan,2019,female,other_noncitizen,21.1
Kelantan,2019,male,overall,952.1
Kelantan,2019,male,bumi_malay,873.9
Kelantan,2019,male,bumi_other,10.9
Kelantan,2019,male,chinese,30.3
Kelantan,2019,male,indian,2.7
Kelantan,2019,male,other_citizen,6
Kelantan,2019,male,other_noncitizen,28.1
Kelantan,2020,both,overall,1792.5
Kelantan,2020,both,bumi_malay,1671.4
Kelantan,2020,both,bumi_other,25.4
Kelantan,2020,both,chinese,44.7
Kelantan,2020,both,indian,4.7
Kelantan,2020,both,other_citizen,11
Kelantan,2020,both,other_noncitizen,35.3
Kelantan,2020,female,overall,892.4
Kelantan,2020,female,bumi_malay,837.8
Kelantan,2020,female,bumi_other,12.5
Kelantan,2020,female,chinese,21.8
Kelantan,2020,female,indian,2.4
Kelantan,2020,female,other_citizen,5.5
Kelantan,2020,female,other_noncitizen,12.5
Kelantan,2020,male,overall,900.1
Kelantan,2020,male,bumi_malay,833.6
Kelantan,2020,male,bumi_other,13
Kelantan,2020,male,chinese,22.9
Kelantan,2020,male,indian,2.3
Kelantan,2020,male,other_citizen,5.4
Kelantan,2020,male,other_noncitizen,22.8
Kelantan,2021,both,overall,1812.3
Kelantan,2021,both,bumi_malay,1695
Kelantan,2021,both,bumi_other,21.9
Kelantan,2021,both,chinese,44.7
Kelantan,2021,both,indian,4.8
Kelantan,2021,both,other_citizen,11
Kelantan,2021,both,other_noncitizen,35
Kelantan,2021,female,overall,902.6
Kelantan,2021,female,bumi_malay,849.7
Kelantan,2021,female,bumi_other,10.7
Kelantan,2021,female,chinese,21.8
Kelantan,2021,female,indian,2.5
Kelantan,2021,female,other_citizen,5.6
Kelantan,2021,female,other_noncitizen,12.4
Kelantan,2021,male,overall,909.7
Kelantan,2021,male,bumi_malay,845.3
Kelantan,2021,male,bumi_other,11.2
Kelantan,2021,male,chinese,22.9
Kelantan,2021,male,indian,2.3
Kelantan,2021,male,other_citizen,5.4
Kelantan,2021,male,other_noncitizen,22.6
Kelantan,2022,both,overall,1830.6
Kelantan,2022,both,bumi_malay,1714.1
Kelantan,2022,both,bumi_other,22.2
Kelantan,2022,both,chinese,44.5
Kelantan,2022,both,indian,4.8
Kelantan,2022,both,other_citizen,11
Kelantan,2022,both,other_noncitizen,34.1
Kelantan,2022,female,overall,912
Kelantan,2022,female,bumi_malay,859.3
Kelantan,2022,female,bumi_other,10.9
Kelantan,2022,female,chinese,21.8
Kelantan,2022,female,indian,2.5
Kelantan,2022,female,other_citizen,5.5
Kelantan,2022,female,other_noncitizen,12.1
Kelantan,2022,male,overall,918.5
Kelantan,2022,male,bumi_malay,854.8
Kelantan,2022,male,bumi_other,11.3
Kelantan,2022,male,chinese,22.7
Kelantan,2022,male,indian,2.3
Kelantan,2022,male,other_citizen,5.4
Kelantan,2022,male,other_noncitizen,22
Kelantan,2023,both,overall,1859.8
Kelantan,2023,both,bumi_malay,1736.8
Kelantan,2023,both,bumi_other,22.5
Kelantan,2023,both,chinese,44.3
Kelantan,2023,both,indian,4.8
Kelantan,2023,both,other_citizen,11
Kelantan,2023,both,other_noncitizen,40.3
Kelantan,2023,female,overall,925.8
Kelantan,2023,female,bumi_malay,870.6
Kelantan,2023,female,bumi_other,11.1
Kelantan,2023,female,chinese,21.7
Kelantan,2023,female,indian,2.5
Kelantan,2023,female,other_citizen,5.6
Kelantan,2023,female,other_noncitizen,14.3
Kelantan,2023,male,overall,934
Kelantan,2023,male,bumi_malay,866.2
Kelantan,2023,male,bumi_other,11.4
Kelantan,2023,male,chinese,22.6
Kelantan,2023,male,indian,2.3
Kelantan,2023,male,other_citizen,5.4
Kelantan,2023,male,other_noncitizen,26.1
Kelantan,2024,both,overall,1887.9
Kelantan,2024,both,bumi_malay,1758
Kelantan,2024,both,bumi_other,22.8
Kelantan,2024,both,chinese,44.2
Kelantan,2024,both,indian,4.8
Kelantan,2024,both,other_citizen,11
Kelantan,2024,both,other_noncitizen,47.2
Kelantan,2024,female,overall,939
Kelantan,2024,female,bumi_malay,881.3
Kelantan,2024,female,bumi_other,11.3
Kelantan,2024,female,chinese,21.7
Kelantan,2024,female,indian,2.5
Kelantan,2024,female,other_citizen,5.6
Kelantan,2024,female,other_noncitizen,16.7
Kelantan,2024,male,overall,949
Kelantan,2024,male,bumi_malay,876.7
Kelantan,2024,male,bumi_other,11.6
Kelantan,2024,male,chinese,22.5
Kelantan,2024,male,indian,2.3
Kelantan,2024,male,other_citizen,5.4
Kelantan,2024,male,other_noncitizen,30.5
Kelantan,2025,both,overall,1907.7
Kelantan,2025,both,bumi_malay,1777.6
Kelantan,2025,both,bumi_other,23.1
Kelantan,2025,both,chinese,44.1
Kelantan,2025,both,indian,4.8
Kelantan,2025,both,other_citizen,11
Kelantan,2025,both,other_noncitizen,47.1
Kelantan,2025,female,overall,948.9
Kelantan,2025,female,bumi_malay,891.1
Kelantan,2025,female,bumi_other,11.4
Kelantan,2025,female,chinese,21.7
Kelantan,2025,female,indian,2.5
Kelantan,2025,female,other_citizen,5.6
Kelantan,2025,female,other_noncitizen,16.7
Kelantan,2025,male,overall,958.8
Kelantan,2025,male,bumi_malay,886.5
Kelantan,2025,male,bumi_other,11.7
Kelantan,2025,male,chinese,22.4
Kelantan,2025,male,indian,2.3
Kelantan,2025,male,other_citizen,5.5
Kelantan,2025,male,other_noncitizen,30.5
Malacca,2000,both,overall,646.6
Malacca,2000,both,bumi_malay,388.6
Malacca,2000,both,bumi_other,6.3
Malacca,2000,both,chinese,182.5
Malacca,2000,both,indian,40.8
Malacca,2000,both,other_citizen,4.5
Malacca,2000,both,other_noncitizen,23.9
Malacca,2000,female,overall,322
Malacca,2000,female,bumi_malay,195.2
Malacca,2000,female,bumi_other,2.8
Malacca,2000,female,chinese,90.5
Malacca,2000,female,indian,20.7
Malacca,2000,female,other_citizen,2.3
Malacca,2000,female,other_noncitizen,10.5
Malacca,2000,male,overall,324.6
Malacca,2000,male,bumi_malay,193.4
Malacca,2000,male,bumi_other,3.5
Malacca,2000,male,chinese,91.9
Malacca,2000,male,indian,20.1
Malacca,2000,male,other_citizen,2.3
Malacca,2000,male,other_noncitizen,13.4
Malacca,2001,both,overall,665.8
Malacca,2001,both,bumi_malay,401.9
Malacca,2001,both,bumi_other,6.6
Malacca,2001,both,chinese,186
Malacca,2001,both,indian,41.8
Malacca,2001,both,other_citizen,4.6
Malacca,2001,both,other_noncitizen,25
Malacca,2001,female,overall,331.3
Malacca,2001,female,bumi_malay,202
Malacca,2001,female,bumi_other,3
Malacca,2001,female,chinese,92.2
Malacca,2001,female,indian,21.2
Malacca,2001,female,other_citizen,2.3
Malacca,2001,female,other_noncitizen,10.7
Malacca,2001,male,overall,334.5
Malacca,2001,male,bumi_malay,199.9
Malacca,2001,male,bumi_other,3.6
Malacca,2001,male,chinese,93.8
Malacca,2001,male,indian,20.6
Malacca,2001,male,other_citizen,2.3
Malacca,2001,male,other_noncitizen,14.3
Malacca,2002,both,overall,684.1
Malacca,2002,both,bumi_malay,414.8
Malacca,2002,both,bumi_other,6.9
Malacca,2002,both,chinese,189
Malacca,2002,both,indian,42.7
Malacca,2002,both,other_citizen,4.6
Malacca,2002,both,other_noncitizen,26.1
Malacca,2002,female,overall,340.1
Malacca,2002,female,bumi_malay,208.7
Malacca,2002,female,bumi_other,3.1
Malacca,2002,female,chinese,93.6
Malacca,2002,female,indian,21.6
Malacca,2002,female,other_citizen,2.3
Malacca,2002,female,other_noncitizen,10.9
Malacca,2002,male,overall,343.9
Malacca,2002,male,bumi_malay,206.1
Malacca,2002,male,bumi_other,3.8
Malacca,2002,male,chinese,95.4
Malacca,2002,male,indian,21.1
Malacca,2002,male,other_citizen,2.3
Malacca,2002,male,other_noncitizen,15.2
Malacca,2003,both,overall,701.8
Malacca,2003,both,bumi_malay,427.2
Malacca,2003,both,bumi_other,7.2
Malacca,2003,both,chinese,192
Malacca,2003,both,indian,43.6
Malacca,2003,both,other_citizen,4.7
Malacca,2003,both,other_noncitizen,27.1
Malacca,2003,female,overall,348.6
Malacca,2003,female,bumi_malay,215.1
Malacca,2003,female,bumi_other,3.2
Malacca,2003,female,chinese,94.9
Malacca,2003,female,indian,22
Malacca,2003,female,other_citizen,2.3
Malacca,2003,female,other_noncitizen,11
Malacca,2003,male,overall,353.1
Malacca,2003,male,bumi_malay,212.1
Malacca,2003,male,bumi_other,3.9
Malacca,2003,male,chinese,97
Malacca,2003,male,indian,21.6
Malacca,2003,male,other_citizen,2.4
Malacca,2003,male,other_noncitizen,16.1
Malacca,2004,both,overall,719.8
Malacca,2004,both,bumi_malay,440.2
Malacca,2004,both,bumi_other,7.5
Malacca,2004,both,chinese,194.7
Malacca,2004,both,indian,44.5
Malacca,2004,both,other_citizen,4.7
Malacca,2004,both,other_noncitizen,28.2
Malacca,2004,female,overall,357.5
Malacca,2004,female,bumi_malay,221.9
Malacca,2004,female,bumi_other,3.4
Malacca,2004,female,chinese,96.2
Malacca,2004,female,indian,22.5
Malacca,2004,female,other_citizen,2.3
Malacca,2004,female,other_noncitizen,11.2
Malacca,2004,male,overall,362.3
Malacca,2004,male,bumi_malay,218.3
Malacca,2004,male,bumi_other,4.1
Malacca,2004,male,chinese,98.5
Malacca,2004,male,indian,22
Malacca,2004,male,other_citizen,2.4
Malacca,2004,male,other_noncitizen,17
Malacca,2005,both,overall,737.3
Malacca,2005,both,bumi_malay,452.8
Malacca,2005,both,bumi_other,7.8
Malacca,2005,both,chinese,197.3
Malacca,2005,both,indian,45.3
Malacca,2005,both,other_citizen,4.8
Malacca,2005,both,other_noncitizen,29.3
Malacca,2005,female,overall,366.1
Malacca,2005,female,bumi_malay,228.4
Malacca,2005,female,bumi_other,3.6
Malacca,2005,female,chinese,97.4
Malacca,2005,female,indian,22.9
Malacca,2005,female,other_citizen,2.4
Malacca,2005,female,other_noncitizen,11.4
Malacca,2005,male,overall,371.2
Malacca,2005,male,bumi_malay,224.4
Malacca,2005,male,bumi_other,4.2
Malacca,2005,male,chinese,99.9
Malacca,2005,male,indian,22.4
Malacca,2005,male,other_citizen,2.4
Malacca,2005,male,other_noncitizen,17.9
Malacca,2006,both,overall,755
Malacca,2006,both,bumi_malay,465.7
Malacca,2006,both,bumi_other,8.2
Malacca,2006,both,chinese,199.8
Malacca,2006,both,indian,46.2
Malacca,2006,both,other_citizen,4.9
Malacca,2006,both,other_noncitizen,30.3
Malacca,2006,female,overall,374.8
Malacca,2006,female,bumi_malay,235.2
Malacca,2006,female,bumi_other,3.8
Malacca,2006,female,chinese,98.6
Malacca,2006,female,indian,23.3
Malacca,2006,female,other_citizen,2.4
Malacca,2006,female,other_noncitizen,11.5
Malacca,2006,male,overall,380.2
Malacca,2006,male,bumi_malay,230.5
Malacca,2006,male,bumi_other,4.4
Malacca,2006,male,chinese,101.2
Malacca,2006,male,indian,22.9
Malacca,2006,male,other_citizen,2.5
Malacca,2006,male,other_noncitizen,18.8
Malacca,2007,both,overall,772.8
Malacca,2007,both,bumi_malay,478.7
Malacca,2007,both,bumi_other,8.5
Malacca,2007,both,chinese,202.3
Malacca,2007,both,indian,47
Malacca,2007,both,other_citizen,5
Malacca,2007,both,other_noncitizen,31.3
Malacca,2007,female,overall,383.5
Malacca,2007,female,bumi_malay,242.1
Malacca,2007,female,bumi_other,3.9
Malacca,2007,female,chinese,99.7
Malacca,2007,female,indian,23.7
Malacca,2007,female,other_citizen,2.5
Malacca,2007,female,other_noncitizen,11.7
Malacca,2007,male,overall,389.2
Malacca,2007,male,bumi_malay,236.6
Malacca,2007,male,bumi_other,4.6
Malacca,2007,male,chinese,102.5
Malacca,2007,male,indian,23.3
Malacca,2007,male,other_citizen,2.5
Malacca,2007,male,other_noncitizen,19.6
Malacca,2008,both,overall,790.5
Malacca,2008,both,bumi_malay,491.7
Malacca,2008,both,bumi_other,8.9
Malacca,2008,both,chinese,204.7
Malacca,2008,both,indian,47.8
Malacca,2008,both,other_citizen,5.1
Malacca,2008,both,other_noncitizen,32.3
Malacca,2008,female,overall,392.3
Malacca,2008,female,bumi_malay,248.9
Malacca,2008,female,bumi_other,4.1
Malacca,2008,female,chinese,100.9
Malacca,2008,female,indian,24.1
Malacca,2008,female,other_citizen,2.5
Malacca,2008,female,other_noncitizen,11.8
Malacca,2008,male,overall,398.2
Malacca,2008,male,bumi_malay,242.8
Malacca,2008,male,bumi_other,4.8
Malacca,2008,male,chinese,103.8
Malacca,2008,male,indian,23.7
Malacca,2008,male,other_citizen,2.6
Malacca,2008,male,other_noncitizen,20.5
Malacca,2009,both,overall,807.8
Malacca,2009,both,bumi_malay,504.4
Malacca,2009,both,bumi_other,9.2
Malacca,2009,both,chinese,207
Malacca,2009,both,indian,48.6
Malacca,2009,both,other_citizen,5.2
Malacca,2009,both,other_noncitizen,33.3
Malacca,2009,female,overall,401
Malacca,2009,female,bumi_malay,255.6
Malacca,2009,female,bumi_other,4.3
Malacca,2009,female,chinese,102
Malacca,2009,female,indian,24.5
Malacca,2009,female,other_citizen,2.6
Malacca,2009,female,other_noncitizen,11.9
Malacca,2009,male,overall,406.8
Malacca,2009,male,bumi_malay,248.8
Malacca,2009,male,bumi_other,4.9
Malacca,2009,male,chinese,105
Malacca,2009,male,indian,24.1
Malacca,2009,male,other_citizen,2.6
Malacca,2009,male,other_noncitizen,21.4
Malacca,2010,both,overall,823.6
Malacca,2010,both,bumi_malay,517.1
Malacca,2010,both,bumi_other,9.6
Malacca,2010,both,chinese,209.3
Malacca,2010,both,indian,49.4
Malacca,2010,both,other_citizen,3.9
Malacca,2010,both,other_noncitizen,34.2
Malacca,2010,female,overall,408.8
Malacca,2010,female,bumi_malay,262.4
Malacca,2010,female,bumi_other,4.5
Malacca,2010,female,chinese,103.2
Malacca,2010,female,indian,24.9
Malacca,2010,female,other_citizen,1.9
Malacca,2010,female,other_noncitizen,12
Malacca,2010,male,overall,414.8
Malacca,2010,male,bumi_malay,254.8
Malacca,2010,male,bumi_other,5.1
Malacca,2010,male,chinese,106.2
Malacca,2010,male,indian,24.5
Malacca,2010,male,other_citizen,2
Malacca,2010,male,other_noncitizen,22.2
Malacca,2011,both,overall,833.2
Malacca,2011,both,bumi_malay,521.3
Malacca,2011,both,bumi_other,13.6
Malacca,2011,both,chinese,210.7
Malacca,2011,both,indian,47.8
Malacca,2011,both,other_citizen,4.2
Malacca,2011,both,other_noncitizen,35.6
Malacca,2011,female,overall,414
Malacca,2011,female,bumi_malay,266.1
Malacca,2011,female,bumi_other,6.6
Malacca,2011,female,chinese,103.4
Malacca,2011,female,indian,23.7
Malacca,2011,female,other_citizen,2
Malacca,2011,female,other_noncitizen,12.1
Malacca,2011,male,overall,419.2
Malacca,2011,male,bumi_malay,255.2
Malacca,2011,male,bumi_other,7
Malacca,2011,male,chinese,107.3
Malacca,2011,male,indian,24
Malacca,2011,male,other_citizen,2.2
Malacca,2011,male,other_noncitizen,23.6
Malacca,2012,both,overall,843.2
Malacca,2012,both,bumi_malay,527.8
Malacca,2012,both,bumi_other,12.2
Malacca,2012,both,chinese,211
Malacca,2012,both,indian,47.5
Malacca,2012,both,other_citizen,4.3
Malacca,2012,both,other_noncitizen,40.5
Malacca,2012,female,overall,417.3
Malacca,2012,female,bumi_malay,268.7
Malacca,2012,female,bumi_other,5.8
Malacca,2012,female,chinese,103.7
Malacca,2012,female,indian,23.2
Malacca,2012,female,other_citizen,2.1
Malacca,2012,female,other_noncitizen,13.8
Malacca,2012,male,overall,425.9
Malacca,2012,male,bumi_malay,259.2
Malacca,2012,male,bumi_other,6.3
Malacca,2012,male,chinese,107.2
Malacca,2012,male,indian,24.3
Malacca,2012,male,other_citizen,2.2
Malacca,2012,male,other_noncitizen,26.7
Malacca,2013,both,overall,856.7
Malacca,2013,both,bumi_malay,536.8
Malacca,2013,both,bumi_other,12.5
Malacca,2013,both,chinese,213
Malacca,2013,both,indian,48.6
Malacca,2013,both,other_citizen,4.4
Malacca,2013,both,other_noncitizen,41.6
Malacca,2013,female,overall,424.2
Malacca,2013,female,bumi_malay,273.5
Malacca,2013,female,bumi_other,5.8
Malacca,2013,female,chinese,104.8
Malacca,2013,female,indian,23.7
Malacca,2013,female,other_citizen,2.2
Malacca,2013,female,other_noncitizen,14.2
Malacca,2013,male,overall,432.4
Malacca,2013,male,bumi_malay,263.3
Malacca,2013,male,bumi_other,6.7
Malacca,2013,male,chinese,108.2
Malacca,2013,male,indian,24.8
Malacca,2013,male,other_citizen,2.2
Malacca,2013,male,other_noncitizen,27.4
Malacca,2014,both,overall,871.7
Malacca,2014,both,bumi_malay,547.5
Malacca,2014,both,bumi_other,12.8
Malacca,2014,both,chinese,214.2
Malacca,2014,both,indian,49.2
Malacca,2014,both,other_citizen,4.5
Malacca,2014,both,other_noncitizen,43.5
Malacca,2014,female,overall,431.8
Malacca,2014,female,bumi_malay,279.6
Malacca,2014,female,bumi_other,5.9
Malacca,2014,female,chinese,105.5
Malacca,2014,female,indian,24
Malacca,2014,female,other_citizen,2.2
Malacca,2014,female,other_noncitizen,14.6
Malacca,2014,male,overall,439.9
Malacca,2014,male,bumi_malay,267.9
Malacca,2014,male,bumi_other,6.9
Malacca,2014,male,chinese,108.6
Malacca,2014,male,indian,25.2
Malacca,2014,male,other_citizen,2.3
Malacca,2014,male,other_noncitizen,28.9
Malacca,2015,both,overall,889
Malacca,2015,both,bumi_malay,558.8
Malacca,2015,both,bumi_other,13.7
Malacca,2015,both,chinese,215.9
Malacca,2015,both,indian,49.9
Malacca,2015,both,other_citizen,4.6
Malacca,2015,both,other_noncitizen,45.9
Malacca,2015,female,overall,441.1
Malacca,2015,female,bumi_malay,285.6
Malacca,2015,female,bumi_other,6.5
Malacca,2015,female,chinese,106.4
Malacca,2015,female,indian,24.4
Malacca,2015,female,other_citizen,2.3
Malacca,2015,female,other_noncitizen,15.8
Malacca,2015,male,overall,447.9
Malacca,2015,male,bumi_malay,273.2
Malacca,2015,male,bumi_other,7.2
Malacca,2015,male,chinese,109.5
Malacca,2015,male,indian,25.6
Malacca,2015,male,other_citizen,2.3
Malacca,2015,male,other_noncitizen,30.1
Malacca,2016,both,overall,901.1
Malacca,2016,both,bumi_malay,568.9
Malacca,2016,both,bumi_other,13.5
Malacca,2016,both,chinese,216.9
Malacca,2016,both,indian,50.6
Malacca,2016,both,other_citizen,4.6
Malacca,2016,both,other_noncitizen,47
Malacca,2016,female,overall,447.7
Malacca,2016,female,bumi_malay,291.1
Malacca,2016,female,bumi_other,6.8
Malacca,2016,female,chinese,107
Malacca,2016,female,indian,24.6
Malacca,2016,female,other_citizen,2.3
Malacca,2016,female,other_noncitizen,16.1
Malacca,2016,male,overall,453.4
Malacca,2016,male,bumi_malay,277.8
Malacca,2016,male,bumi_other,6.7
Malacca,2016,male,chinese,110
Malacca,2016,male,indian,26
Malacca,2016,male,other_citizen,2.3
Malacca,2016,male,other_noncitizen,30.9
Malacca,2017,both,overall,913.1
Malacca,2017,both,bumi_malay,578.8
Malacca,2017,both,bumi_other,14
Malacca,2017,both,chinese,216.8
Malacca,2017,both,indian,50.8
Malacca,2017,both,other_citizen,4.7
Malacca,2017,both,other_noncitizen,47.7
Malacca,2017,female,overall,453.9
Malacca,2017,female,bumi_malay,296.2
Malacca,2017,female,bumi_other,6.9
Malacca,2017,female,chinese,107
Malacca,2017,female,indian,24.9
Malacca,2017,female,other_citizen,2.3
Malacca,2017,female,other_noncitizen,16.3
Malacca,2017,male,overall,459.2
Malacca,2017,male,bumi_malay,282.6
Malacca,2017,male,bumi_other,7.1
Malacca,2017,male,chinese,109.8
Malacca,2017,male,indian,26
Malacca,2017,male,other_citizen,2.4
Malacca,2017,male,other_noncitizen,31.4
Malacca,2018,both,overall,922.4
Malacca,2018,both,bumi_malay,586.7
Malacca,2018,both,bumi_other,14.6
Malacca,2018,both,chinese,217.2
Malacca,2018,both,indian,51.1
Malacca,2018,both,other_citizen,5.1
Malacca,2018,both,other_noncitizen,47.7
Malacca,2018,female,overall,458.9
Malacca,2018,female,bumi_malay,300.5
Malacca,2018,female,bumi_other,7.3
Malacca,2018,female,chinese,107.1
Malacca,2018,female,indian,25
Malacca,2018,female,other_citizen,2.3
Malacca,2018,female,other_noncitizen,16.4
Malacca,2018,male,overall,463.6
Malacca,2018,male,bumi_malay,286.2
Malacca,2018,male,bumi_other,7.3
Malacca,2018,male,chinese,110
Malacca,2018,male,indian,26.1
Malacca,2018,male,other_citizen,2.8
Malacca,2018,male,other_noncitizen,31.4
Malacca,2019,both,overall,928.4
Malacca,2019,both,bumi_malay,594.5
Malacca,2019,both,bumi_other,14.9
Malacca,2019,both,chinese,217.4
Malacca,2019,both,indian,51.4
Malacca,2019,both,other_citizen,5.6
Malacca,2019,both,other_noncitizen,44.6
Malacca,2019,female,overall,462.5
Malacca,2019,female,bumi_malay,304.8
Malacca,2019,female,bumi_other,7.6
Malacca,2019,female,chinese,107.2
Malacca,2019,female,indian,25.1
Malacca,2019,female,other_citizen,2.4
Malacca,2019,female,other_noncitizen,15.3
Malacca,2019,male,overall,465.9
Malacca,2019,male,bumi_malay,289.7
Malacca,2019,male,bumi_other,7.3
Malacca,2019,male,chinese,110.1
Malacca,2019,male,indian,26.3
Malacca,2019,male,other_citizen,3.2
Malacca,2019,male,other_noncitizen,29.3
Malacca,2020,both,overall,998.4
Malacca,2020,both,bumi_malay,653.9
Malacca,2020,both,bumi_other,10.8
Malacca,2020,both,chinese,205.2
Malacca,2020,both,indian,52.4
Malacca,2020,both,other_citizen,5.1
Malacca,2020,both,other_noncitizen,71.1
Malacca,2020,female,overall,473.5
Malacca,2020,female,bumi_malay,322.8
Malacca,2020,female,bumi_other,5.1
Malacca,2020,female,chinese,100.9
Malacca,2020,female,indian,26.3
Malacca,2020,female,other_citizen,2.3
Malacca,2020,female,other_noncitizen,16.1
Malacca,2020,male,overall,524.9
Malacca,2020,male,bumi_malay,331.1
Malacca,2020,male,bumi_other,5.6
Malacca,2020,male,chinese,104.3
Malacca,2020,male,indian,26.1
Malacca,2020,male,other_citizen,2.8
Malacca,2020,male,other_noncitizen,55
Malacca,2021,both,overall,1004.5
Malacca,2021,both,bumi_malay,663.1
Malacca,2021,both,bumi_other,9.5
Malacca,2021,both,chinese,204.9
Malacca,2021,both,indian,52.4
Malacca,2021,both,other_citizen,5.2
Malacca,2021,both,other_noncitizen,69.3
Malacca,2021,female,overall,477.1
Malacca,2021,female,bumi_malay,327.3
Malacca,2021,female,bumi_other,4.5
Malacca,2021,female,chinese,100.9
Malacca,2021,female,indian,26.3
Malacca,2021,female,other_citizen,2.4
Malacca,2021,female,other_noncitizen,15.7
Malacca,2021,male,overall,527.4
Malacca,2021,male,bumi_malay,335.8
Malacca,2021,male,bumi_other,5
Malacca,2021,male,chinese,104.1
Malacca,2021,male,indian,26.1
Malacca,2021,male,other_citizen,2.8
Malacca,2021,male,other_noncitizen,53.6
Malacca,2022,both,overall,1008.6
Malacca,2022,both,bumi_malay,669.6
Malacca,2022,both,bumi_other,9.6
Malacca,2022,both,chinese,204.3
Malacca,2022,both,indian,52.4
Malacca,2022,both,other_citizen,5.2
Malacca,2022,both,other_noncitizen,67.5
Malacca,2022,female,overall,479.8
Malacca,2022,female,bumi_malay,330.6
Malacca,2022,female,bumi_other,4.6
Malacca,2022,female,chinese,100.7
Malacca,2022,female,indian,26.3
Malacca,2022,female,other_citizen,2.4
Malacca,2022,female,other_noncitizen,15.3
Malacca,2022,male,overall,528.8
Malacca,2022,male,bumi_malay,339
Malacca,2022,male,bumi_other,5
Malacca,2022,male,chinese,103.6
Malacca,2022,male,indian,26
Malacca,2022,male,other_citizen,2.8
Malacca,2022,male,other_noncitizen,52.2
Malacca,2023,both,overall,1028.3
Malacca,2023,both,bumi_malay,677
Malacca,2023,both,bumi_other,9.8
Malacca,2023,both,chinese,203.8
Malacca,2023,both,indian,52.4
Malacca,2023,both,other_citizen,5.2
Malacca,2023,both,other_noncitizen,80
Malacca,2023,female,overall,486.4
Malacca,2023,female,bumi_malay,334.3
Malacca,2023,female,bumi_other,4.7
Malacca,2023,female,chinese,100.5
Malacca,2023,female,indian,26.4
Malacca,2023,female,other_citizen,2.4
Malacca,2023,female,other_noncitizen,18.1
Malacca,2023,male,overall,541.9
Malacca,2023,male,bumi_malay,342.7
Malacca,2023,male,bumi_other,5.1
Malacca,2023,male,chinese,103.3
Malacca,2023,male,indian,26
Malacca,2023,male,other_citizen,2.8
Malacca,2023,male,other_noncitizen,61.9
Malacca,2024,both,overall,1046.7
Malacca,2024,both,bumi_malay,683.8
Malacca,2024,both,bumi_other,9.9
Malacca,2024,both,chinese,203.4
Malacca,2024,both,indian,52.4
Malacca,2024,both,other_citizen,5.3
Malacca,2024,both,other_noncitizen,91.8
Malacca,2024,female,overall,492.6
Malacca,2024,female,bumi_malay,337.8
Malacca,2024,female,bumi_other,4.7
Malacca,2024,female,chinese,100.4
Malacca,2024,female,indian,26.4
Malacca,2024,female,other_citizen,2.4
Malacca,2024,female,other_noncitizen,20.8
Malacca,2024,male,overall,554.1
Malacca,2024,male,bumi_malay,346
Malacca,2024,male,bumi_other,5.2
Malacca,2024,male,chinese,103
Malacca,2024,male,indian,26
Malacca,2024,male,other_citizen,2.8
Malacca,2024,male,other_noncitizen,71.1
Malacca,2025,both,overall,1052.5
Malacca,2025,both,bumi_malay,690.2
Malacca,2025,both,bumi_other,10
Malacca,2025,both,chinese,203
Malacca,2025,both,indian,52.4
Malacca,2025,both,other_citizen,5.3
Malacca,2025,both,other_noncitizen,91.5
Malacca,2025,female,overall,495.8
Malacca,2025,female,bumi_malay,341.1
Malacca,2025,female,bumi_other,4.8
Malacca,2025,female,chinese,100.3
Malacca,2025,female,indian,26.5
Malacca,2025,female,other_citizen,2.4
Malacca,2025,female,other_noncitizen,20.7
Malacca,2025,male,overall,556.7
Malacca,2025,male,bumi_malay,349.1
Malacca,2025,male,bumi_other,5.2
Malacca,2025,male,chinese,102.7
Malacca,2025,male,indian,26
Malacca,2025,male,other_citizen,2.9
Malacca,2025,male,other_noncitizen,70.8
Negeri Sembilan,2000,both,overall,866.1
Negeri Sembilan,2000,both,bumi_malay,466.7
Negeri Sembilan,2000,both,bumi_other,11.1
Negeri Sembilan,2000,both,chinese,216.8
Negeri Sembilan,2000,both,indian,134
Negeri Sembilan,2000,both,other_citizen,3.8
Negeri Sembilan,2000,both,other_noncitizen,33.7
Negeri Sembilan,2000,female,overall,422.9
Negeri Sembilan,2000,female,bumi_malay,231.6
Negeri Sembilan,2000,female,bumi_other,5
Negeri Sembilan,2000,female,chinese,106.3
Negeri Sembilan,2000,female,indian,67.5
Negeri Sembilan,2000,female,other_citizen,1.8
Negeri Sembilan,2000,female,other_noncitizen,10.6
Negeri Sembilan,2000,male,overall,443.1
Negeri Sembilan,2000,male,bumi_malay,235.1
Negeri Sembilan,2000,male,bumi_other,6.1
Negeri Sembilan,2000,male,chinese,110.6
Negeri Sembilan,2000,male,indian,66.5
Negeri Sembilan,2000,male,other_citizen,1.9
Negeri Sembilan,2000,male,other_noncitizen,23
Negeri Sembilan,2001,both,overall,883.7
Negeri Sembilan,2001,both,bumi_malay,477.5
Negeri Sembilan,2001,both,bumi_other,11.8
Negeri Sembilan,2001,both,chinese,218.6
Negeri Sembilan,2001,both,indian,135.8
Negeri Sembilan,2001,both,other_citizen,3.8
Negeri Sembilan,2001,both,other_noncitizen,36.3
Negeri Sembilan,2001,female,overall,431.1
Negeri Sembilan,2001,female,bumi_malay,237
Negeri Sembilan,2001,female,bumi_other,5.3
Negeri Sembilan,2001,female,chinese,107
Negeri Sembilan,2001,female,indian,68.4
Negeri Sembilan,2001,female,other_citizen,1.8
Negeri Sembilan,2001,female,other_noncitizen,11.5
Negeri Sembilan,2001,male,overall,452.6
Negeri Sembilan,2001,male,bumi_malay,240.4
Negeri Sembilan,2001,male,bumi_other,6.4
Negeri Sembilan,2001,male,chinese,111.6
Negeri Sembilan,2001,male,indian,67.3
Negeri Sembilan,2001,male,other_citizen,2
Negeri Sembilan,2001,male,other_noncitizen,24.8
Negeri Sembilan,2002,both,overall,900.3
Negeri Sembilan,2002,both,bumi_malay,487.9
Negeri Sembilan,2002,both,bumi_other,12.4
Negeri Sembilan,2002,both,chinese,219.7
Negeri Sembilan,2002,both,indian,137.5
Negeri Sembilan,2002,both,other_citizen,3.8
Negeri Sembilan,2002,both,other_noncitizen,39
Negeri Sembilan,2002,female,overall,438.7
Negeri Sembilan,2002,female,bumi_malay,242.2
Negeri Sembilan,2002,female,bumi_other,5.6
Negeri Sembilan,2002,female,chinese,107.4
Negeri Sembilan,2002,female,indian,69.3
Negeri Sembilan,2002,female,other_citizen,1.9
Negeri Sembilan,2002,female,other_noncitizen,12.3
Negeri Sembilan,2002,male,overall,461.6
Negeri Sembilan,2002,male,bumi_malay,245.7
Negeri Sembilan,2002,male,bumi_other,6.8
Negeri Sembilan,2002,male,chinese,112.3
Negeri Sembilan,2002,male,indian,68.3
Negeri Sembilan,2002,male,other_citizen,2
Negeri Sembilan,2002,male,other_noncitizen,26.6
Negeri Sembilan,2003,both,overall,916.8
Negeri Sembilan,2003,both,bumi_malay,498.5
Negeri Sembilan,2003,both,bumi_other,13.1
Negeri Sembilan,2003,both,chinese,220.8
Negeri Sembilan,2003,both,indian,139.1
Negeri Sembilan,2003,both,other_citizen,3.8
Negeri Sembilan,2003,both,other_noncitizen,41.5
Negeri Sembilan,2003,female,overall,446.2
Negeri Sembilan,2003,female,bumi_malay,247.5
Negeri Sembilan,2003,female,bumi_other,6
Negeri Sembilan,2003,female,chinese,107.8
Negeri Sembilan,2003,female,indian,70
Negeri Sembilan,2003,female,other_citizen,1.9
Negeri Sembilan,2003,female,other_noncitizen,13.1
Negeri Sembilan,2003,male,overall,470.6
Negeri Sembilan,2003,male,bumi_malay,251
Negeri Sembilan,2003,male,bumi_other,7.1
Negeri Sembilan,2003,male,chinese,113.1
Negeri Sembilan,2003,male,indian,69.1
Negeri Sembilan,2003,male,other_citizen,2
Negeri Sembilan,2003,male,other_noncitizen,28.4
Negeri Sembilan,2004,both,overall,933.7
Negeri Sembilan,2004,both,bumi_malay,509.5
Negeri Sembilan,2004,both,bumi_other,13.9
Negeri Sembilan,2004,both,chinese,221.9
Negeri Sembilan,2004,both,indian,140.6
Negeri Sembilan,2004,both,other_citizen,3.9
Negeri Sembilan,2004,both,other_noncitizen,44
Negeri Sembilan,2004,female,overall,454
Negeri Sembilan,2004,female,bumi_malay,253
Negeri Sembilan,2004,female,bumi_other,6.4
Negeri Sembilan,2004,female,chinese,108.1
Negeri Sembilan,2004,female,indian,70.7
Negeri Sembilan,2004,female,other_citizen,1.9
Negeri Sembilan,2004,female,other_noncitizen,13.9
Negeri Sembilan,2004,male,overall,479.7
Negeri Sembilan,2004,male,bumi_malay,256.5
Negeri Sembilan,2004,male,bumi_other,7.5
Negeri Sembilan,2004,male,chinese,113.8
Negeri Sembilan,2004,male,indian,69.9
Negeri Sembilan,2004,male,other_citizen,2
Negeri Sembilan,2004,male,other_noncitizen,30.1
Negeri Sembilan,2005,both,overall,950.3
Negeri Sembilan,2005,both,bumi_malay,520.5
Negeri Sembilan,2005,both,bumi_other,14.6
Negeri Sembilan,2005,both,chinese,222.7
Negeri Sembilan,2005,both,indian,142.1
Negeri Sembilan,2005,both,other_citizen,3.9
Negeri Sembilan,2005,both,other_noncitizen,46.5
Negeri Sembilan,2005,female,overall,461.5
Negeri Sembilan,2005,female,bumi_malay,258.4
Negeri Sembilan,2005,female,bumi_other,6.8
Negeri Sembilan,2005,female,chinese,108.3
Negeri Sembilan,2005,female,indian,71.4
Negeri Sembilan,2005,female,other_citizen,1.9
Negeri Sembilan,2005,female,other_noncitizen,14.7
Negeri Sembilan,2005,male,overall,488.8
Negeri Sembilan,2005,male,bumi_malay,262.1
Negeri Sembilan,2005,male,bumi_other,7.8
Negeri Sembilan,2005,male,chinese,114.4
Negeri Sembilan,2005,male,indian,70.6
Negeri Sembilan,2005,male,other_citizen,2
Negeri Sembilan,2005,male,other_noncitizen,31.9
Negeri Sembilan,2006,both,overall,967
Negeri Sembilan,2006,both,bumi_malay,531.6
Negeri Sembilan,2006,both,bumi_other,15.4
Negeri Sembilan,2006,both,chinese,223.6
Negeri Sembilan,2006,both,indian,143.4
Negeri Sembilan,2006,both,other_citizen,4
Negeri Sembilan,2006,both,other_noncitizen,49
Negeri Sembilan,2006,female,overall,469
Negeri Sembilan,2006,female,bumi_malay,264
Negeri Sembilan,2006,female,bumi_other,7.2
Negeri Sembilan,2006,female,chinese,108.5
Negeri Sembilan,2006,female,indian,72
Negeri Sembilan,2006,female,other_citizen,1.9
Negeri Sembilan,2006,female,other_noncitizen,15.4
Negeri Sembilan,2006,male,overall,498
Negeri Sembilan,2006,male,bumi_malay,267.7
Negeri Sembilan,2006,male,bumi_other,8.2
Negeri Sembilan,2006,male,chinese,115.1
Negeri Sembilan,2006,male,indian,71.4
Negeri Sembilan,2006,male,other_citizen,2.1
Negeri Sembilan,2006,male,other_noncitizen,33.6
Negeri Sembilan,2007,both,overall,983.5
Negeri Sembilan,2007,both,bumi_malay,542.9
Negeri Sembilan,2007,both,bumi_other,16.2
Negeri Sembilan,2007,both,chinese,224.3
Negeri Sembilan,2007,both,indian,144.7
Negeri Sembilan,2007,both,other_citizen,4
Negeri Sembilan,2007,both,other_noncitizen,51.5
Negeri Sembilan,2007,female,overall,476.4
Negeri Sembilan,2007,female,bumi_malay,269.5
Negeri Sembilan,2007,female,bumi_other,7.6
Negeri Sembilan,2007,female,chinese,108.6
Negeri Sembilan,2007,female,indian,72.6
Negeri Sembilan,2007,female,other_citizen,1.9
Negeri Sembilan,2007,female,other_noncitizen,16.2
Negeri Sembilan,2007,male,overall,507.1
Negeri Sembilan,2007,male,bumi_malay,273.4
Negeri Sembilan,2007,male,bumi_other,8.5
Negeri Sembilan,2007,male,chinese,115.7
Negeri Sembilan,2007,male,indian,72.1
Negeri Sembilan,2007,male,other_citizen,2.1
Negeri Sembilan,2007,male,other_noncitizen,35.3
Negeri Sembilan,2008,both,overall,999.6
Negeri Sembilan,2008,both,bumi_malay,553.7
Negeri Sembilan,2008,both,bumi_other,17
Negeri Sembilan,2008,both,chinese,224.9
Negeri Sembilan,2008,both,indian,146
Negeri Sembilan,2008,both,other_citizen,4.2
Negeri Sembilan,2008,both,other_noncitizen,53.9
Negeri Sembilan,2008,female,overall,483.8
Negeri Sembilan,2008,female,bumi_malay,274.9
Negeri Sembilan,2008,female,bumi_other,8.1
Negeri Sembilan,2008,female,chinese,108.7
Negeri Sembilan,2008,female,indian,73.2
Negeri Sembilan,2008,female,other_citizen,2
Negeri Sembilan,2008,female,other_noncitizen,16.9
Negeri Sembilan,2008,male,overall,515.9
Negeri Sembilan,2008,male,bumi_malay,278.8
Negeri Sembilan,2008,male,bumi_other,9
Negeri Sembilan,2008,male,chinese,116.2
Negeri Sembilan,2008,male,indian,72.8
Negeri Sembilan,2008,male,other_citizen,2.2
Negeri Sembilan,2008,male,other_noncitizen,37
Negeri Sembilan,2009,both,overall,1014.9
Negeri Sembilan,2009,both,bumi_malay,564.4
Negeri Sembilan,2009,both,bumi_other,17.8
Negeri Sembilan,2009,both,chinese,225.2
Negeri Sembilan,2009,both,indian,147.3
Negeri Sembilan,2009,both,other_citizen,3.9
Negeri Sembilan,2009,both,other_noncitizen,56.3
Negeri Sembilan,2009,female,overall,490.7
Negeri Sembilan,2009,female,bumi_malay,280.3
Negeri Sembilan,2009,female,bumi_other,8.5
Negeri Sembilan,2009,female,chinese,108.7
Negeri Sembilan,2009,female,indian,73.9
Negeri Sembilan,2009,female,other_citizen,1.8
Negeri Sembilan,2009,female,other_noncitizen,17.6
Negeri Sembilan,2009,male,overall,524.2
Negeri Sembilan,2009,male,bumi_malay,284.1
Negeri Sembilan,2009,male,bumi_other,9.3
Negeri Sembilan,2009,male,chinese,116.6
Negeri Sembilan,2009,male,indian,73.5
Negeri Sembilan,2009,male,other_citizen,2.1
Negeri Sembilan,2009,male,other_noncitizen,38.6
Negeri Sembilan,2010,both,overall,1029.5
Negeri Sembilan,2010,both,bumi_malay,575.1
Negeri Sembilan,2010,both,bumi_other,18.6
Negeri Sembilan,2010,both,chinese,225.5
Negeri Sembilan,2010,both,indian,148.4
Negeri Sembilan,2010,both,other_citizen,3.3
Negeri Sembilan,2010,both,other_noncitizen,58.6
Negeri Sembilan,2010,female,overall,497.5
Negeri Sembilan,2010,female,bumi_malay,285.6
Negeri Sembilan,2010,female,bumi_other,8.9
Negeri Sembilan,2010,female,chinese,108.7
Negeri Sembilan,2010,female,indian,74.4
Negeri Sembilan,2010,female,other_citizen,1.5
Negeri Sembilan,2010,female,other_noncitizen,18.3
Negeri Sembilan,2010,male,overall,532
Negeri Sembilan,2010,male,bumi_malay,289.5
Negeri Sembilan,2010,male,bumi_other,9.7
Negeri Sembilan,2010,male,chinese,116.8
Negeri Sembilan,2010,male,indian,73.9
Negeri Sembilan,2010,male,other_citizen,1.8
Negeri Sembilan,2010,male,other_noncitizen,40.3
Negeri Sembilan,2011,both,overall,1047.4
Negeri Sembilan,2011,both,bumi_malay,584.4
Negeri Sembilan,2011,both,bumi_other,19.5
Negeri Sembilan,2011,both,chinese,226.9
Negeri Sembilan,2011,both,indian,151
Negeri Sembilan,2011,both,other_citizen,3.5
Negeri Sembilan,2011,both,other_noncitizen,62.1
Negeri Sembilan,2011,female,overall,506.3
Negeri Sembilan,2011,female,bumi_malay,290.3
Negeri Sembilan,2011,female,bumi_other,9.2
Negeri Sembilan,2011,female,chinese,109.6
Negeri Sembilan,2011,female,indian,76.3
Negeri Sembilan,2011,female,other_citizen,1.7
Negeri Sembilan,2011,female,other_noncitizen,19.3
Negeri Sembilan,2011,male,overall,541.1
Negeri Sembilan,2011,male,bumi_malay,294.2
Negeri Sembilan,2011,male,bumi_other,10.3
Negeri Sembilan,2011,male,chinese,117.3
Negeri Sembilan,2011,male,indian,74.7
Negeri Sembilan,2011,male,other_citizen,1.9
Negeri Sembilan,2011,male,other_noncitizen,42.8
Negeri Sembilan,2012,both,overall,1057.7
Negeri Sembilan,2012,both,bumi_malay,587.8
Negeri Sembilan,2012,both,bumi_other,19.7
Negeri Sembilan,2012,both,chinese,227.5
Negeri Sembilan,2012,both,indian,150.5
Negeri Sembilan,2012,both,other_citizen,3.7
Negeri Sembilan,2012,both,other_noncitizen,68.5
Negeri Sembilan,2012,female,overall,509.2
Negeri Sembilan,2012,female,bumi_malay,291.9
Negeri Sembilan,2012,female,bumi_other,9.1
Negeri Sembilan,2012,female,chinese,109.5
Negeri Sembilan,2012,female,indian,75.3
Negeri Sembilan,2012,female,other_citizen,1.8
Negeri Sembilan,2012,female,other_noncitizen,21.4
Negeri Sembilan,2012,male,overall,548.6
Negeri Sembilan,2012,male,bumi_malay,295.9
Negeri Sembilan,2012,male,bumi_other,10.6
Negeri Sembilan,2012,male,chinese,118
Negeri Sembilan,2012,male,indian,75.2
Negeri Sembilan,2012,male,other_citizen,1.9
Negeri Sembilan,2012,male,other_noncitizen,47
Negeri Sembilan,2013,both,overall,1072.2
Negeri Sembilan,2013,both,bumi_malay,591.6
Negeri Sembilan,2013,both,bumi_other,20.3
Negeri Sembilan,2013,both,chinese,228.2
Negeri Sembilan,2013,both,indian,151.7
Negeri Sembilan,2013,both,other_citizen,3.8
Negeri Sembilan,2013,both,other_noncitizen,76.9
Negeri Sembilan,2013,female,overall,515
Negeri Sembilan,2013,female,bumi_malay,294.3
Negeri Sembilan,2013,female,bumi_other,9.5
Negeri Sembilan,2013,female,chinese,110.2
Negeri Sembilan,2013,female,indian,75.8
Negeri Sembilan,2013,female,other_citizen,1.8
Negeri Sembilan,2013,female,other_noncitizen,23.6
Negeri Sembilan,2013,male,overall,557.1
Negeri Sembilan,2013,male,bumi_malay,297.3
Negeri Sembilan,2013,male,bumi_other,10.8
Negeri Sembilan,2013,male,chinese,118
Negeri Sembilan,2013,male,indian,76
Negeri Sembilan,2013,male,other_citizen,2
Negeri Sembilan,2013,male,other_noncitizen,53.3
Negeri Sembilan,2014,both,overall,1079.6
Negeri Sembilan,2014,both,bumi_malay,595.9
Negeri Sembilan,2014,both,bumi_other,20.5
Negeri Sembilan,2014,both,chinese,229.2
Negeri Sembilan,2014,both,indian,153.5
Negeri Sembilan,2014,both,other_citizen,3.9
Negeri Sembilan,2014,both,other_noncitizen,76.7
Negeri Sembilan,2014,female,overall,520.2
Negeri Sembilan,2014,female,bumi_malay,298
Negeri Sembilan,2014,female,bumi_other,9.6
Negeri Sembilan,2014,female,chinese,110.7
Negeri Sembilan,2014,female,indian,76.7
Negeri Sembilan,2014,female,other_citizen,1.9
Negeri Sembilan,2014,female,other_noncitizen,23.4
Negeri Sembilan,2014,male,overall,559.4
Negeri Sembilan,2014,male,bumi_malay,297.9
Negeri Sembilan,2014,male,bumi_other,10.9
Negeri Sembilan,2014,male,chinese,118.5
Negeri Sembilan,2014,male,indian,76.7
Negeri Sembilan,2014,male,other_citizen,2
Negeri Sembilan,2014,male,other_noncitizen,53.3
Negeri Sembilan,2015,both,overall,1088.8
Negeri Sembilan,2015,both,bumi_malay,606.1
Negeri Sembilan,2015,both,bumi_other,20.6
Negeri Sembilan,2015,both,chinese,229.1
Negeri Sembilan,2015,both,indian,152.6
Negeri Sembilan,2015,both,other_citizen,4
Negeri Sembilan,2015,both,other_noncitizen,76.1
Negeri Sembilan,2015,female,overall,525.1
Negeri Sembilan,2015,female,bumi_malay,303.1
Negeri Sembilan,2015,female,bumi_other,9.6
Negeri Sembilan,2015,female,chinese,110.4
Negeri Sembilan,2015,female,indian,76.2
Negeri Sembilan,2015,female,other_citizen,1.9
Negeri Sembilan,2015,female,other_noncitizen,23.4
Negeri Sembilan,2015,male,overall,563.7
Negeri Sembilan,2015,male,bumi_malay,303
Negeri Sembilan,2015,male,bumi_other,11
Negeri Sembilan,2015,male,chinese,118.6
Negeri Sembilan,2015,male,indian,76.3
Negeri Sembilan,2015,male,other_citizen,2.1
Negeri Sembilan,2015,male,other_noncitizen,52.7
Negeri Sembilan,2016,both,overall,1099.3
Negeri Sembilan,2016,both,bumi_malay,611.5
Negeri Sembilan,2016,both,bumi_other,21.2
Negeri Sembilan,2016,both,chinese,229.8
Negeri Sembilan,2016,both,indian,153.7
Negeri Sembilan,2016,both,other_citizen,4
Negeri Sembilan,2016,both,other_noncitizen,79.2
Negeri Sembilan,2016,female,overall,530.2
Negeri Sembilan,2016,female,bumi_malay,306.2
Negeri Sembilan,2016,female,bumi_other,10
Negeri Sembilan,2016,female,chinese,110.8
Negeri Sembilan,2016,female,indian,77
Negeri Sembilan,2016,female,other_citizen,2
Negeri Sembilan,2016,female,other_noncitizen,24.3
Negeri Sembilan,2016,male,overall,569.1
Negeri Sembilan,2016,male,bumi_malay,305.3
Negeri Sembilan,2016,male,bumi_other,11.2
Negeri Sembilan,2016,male,chinese,119
Negeri Sembilan,2016,male,indian,76.7
Negeri Sembilan,2016,male,other_citizen,2
Negeri Sembilan,2016,male,other_noncitizen,54.9
Negeri Sembilan,2017,both,overall,1114
Negeri Sembilan,2017,both,bumi_malay,623.6
Negeri Sembilan,2017,both,bumi_other,21.6
Negeri Sembilan,2017,both,chinese,229.3
Negeri Sembilan,2017,both,indian,154.3
Negeri Sembilan,2017,both,other_citizen,3.7
Negeri Sembilan,2017,both,other_noncitizen,81.6
Negeri Sembilan,2017,female,overall,537.1
Negeri Sembilan,2017,female,bumi_malay,312.3
Negeri Sembilan,2017,female,bumi_other,10.2
Negeri Sembilan,2017,female,chinese,110.7
Negeri Sembilan,2017,female,indian,77.3
Negeri Sembilan,2017,female,other_citizen,2
Negeri Sembilan,2017,female,other_noncitizen,25
Negeri Sembilan,2017,male,overall,576.8
Negeri Sembilan,2017,male,bumi_malay,311.3
Negeri Sembilan,2017,male,bumi_other,11.4
Negeri Sembilan,2017,male,chinese,118.7
Negeri Sembilan,2017,male,indian,77.1
Negeri Sembilan,2017,male,other_citizen,1.7
Negeri Sembilan,2017,male,other_noncitizen,56.7
Negeri Sembilan,2018,both,overall,1122.9
Negeri Sembilan,2018,both,bumi_malay,631.7
Negeri Sembilan,2018,both,bumi_other,21.2
Negeri Sembilan,2018,both,chinese,229.4
Negeri Sembilan,2018,both,indian,154.1
Negeri Sembilan,2018,both,other_citizen,3.8
Negeri Sembilan,2018,both,other_noncitizen,83
Negeri Sembilan,2018,female,overall,542.1
Negeri Sembilan,2018,female,bumi_malay,316.4
Negeri Sembilan,2018,female,bumi_other,10.1
Negeri Sembilan,2018,female,chinese,111.1
Negeri Sembilan,2018,female,indian,77.2
Negeri Sembilan,2018,female,other_citizen,2.1
Negeri Sembilan,2018,female,other_noncitizen,25.4
Negeri Sembilan,2018,male,overall,580.8
Negeri Sembilan,2018,male,bumi_malay,315.3
Negeri Sembilan,2018,male,bumi_other,11.1
Negeri Sembilan,2018,male,chinese,118.4
Negeri Sembilan,2018,male,indian,76.9
Negeri Sembilan,2018,male,other_citizen,1.7
Negeri Sembilan,2018,male,other_noncitizen,57.7
Negeri Sembilan,2019,both,overall,1126.2
Negeri Sembilan,2019,both,bumi_malay,639.6
Negeri Sembilan,2019,both,bumi_other,20.9
Negeri Sembilan,2019,both,chinese,229.6
Negeri Sembilan,2019,both,indian,154
Negeri Sembilan,2019,both,other_citizen,3.9
Negeri Sembilan,2019,both,other_noncitizen,78.2
Negeri Sembilan,2019,female,overall,545.6
Negeri Sembilan,2019,female,bumi_malay,320.8
Negeri Sembilan,2019,female,bumi_other,10.4
Negeri Sembilan,2019,female,chinese,111.4
Negeri Sembilan,2019,female,indian,77.3
Negeri Sembilan,2019,female,other_citizen,2.1
Negeri Sembilan,2019,female,other_noncitizen,23.9
Negeri Sembilan,2019,male,overall,580.6
Negeri Sembilan,2019,male,bumi_malay,318.8
Negeri Sembilan,2019,male,bumi_other,10.5
Negeri Sembilan,2019,male,chinese,118.1
Negeri Sembilan,2019,male,indian,76.7
Negeri Sembilan,2019,male,other_citizen,1.8
Negeri Sembilan,2019,male,other_noncitizen,54.4
Negeri Sembilan,2020,both,overall,1200
Negeri Sembilan,2020,both,bumi_malay,693.3
Negeri Sembilan,2020,both,bumi_other,23.2
Negeri Sembilan,2020,both,chinese,248.5
Negeri Sembilan,2020,both,indian,161.6
Negeri Sembilan,2020,both,other_citizen,5.7
Negeri Sembilan,2020,both,other_noncitizen,67.7
Negeri Sembilan,2020,female,overall,576
Negeri Sembilan,2020,female,bumi_malay,342.6
Negeri Sembilan,2020,female,bumi_other,11.2
Negeri Sembilan,2020,female,chinese,122.1
Negeri Sembilan,2020,female,indian,79.8
Negeri Sembilan,2020,female,other_citizen,2.3
Negeri Sembilan,2020,female,other_noncitizen,18
Negeri Sembilan,2020,male,overall,624
Negeri Sembilan,2020,male,bumi_malay,350.6
Negeri Sembilan,2020,male,bumi_other,12
Negeri Sembilan,2020,male,chinese,126.4
Negeri Sembilan,2020,male,indian,81.9
Negeri Sembilan,2020,male,other_citizen,3.5
Negeri Sembilan,2020,male,other_noncitizen,49.7
Negeri Sembilan,2021,both,overall,1204.2
Negeri Sembilan,2021,both,bumi_malay,704.4
Negeri Sembilan,2021,both,bumi_other,22
Negeri Sembilan,2021,both,chinese,248.3
Negeri Sembilan,2021,both,indian,162.4
Negeri Sembilan,2021,both,other_citizen,5.8
Negeri Sembilan,2021,both,other_noncitizen,61.3
Negeri Sembilan,2021,female,overall,579.9
Negeri Sembilan,2021,female,bumi_malay,348.3
Negeri Sembilan,2021,female,bumi_other,10.6
Negeri Sembilan,2021,female,chinese,122.2
Negeri Sembilan,2021,female,indian,80.2
Negeri Sembilan,2021,female,other_citizen,2.3
Negeri Sembilan,2021,female,other_noncitizen,16.3
Negeri Sembilan,2021,male,overall,624.2
Negeri Sembilan,2021,male,bumi_malay,356.1
Negeri Sembilan,2021,male,bumi_other,11.4
Negeri Sembilan,2021,male,chinese,126.1
Negeri Sembilan,2021,male,indian,82.1
Negeri Sembilan,2021,male,other_citizen,3.5
Negeri Sembilan,2021,male,other_noncitizen,45
Negeri Sembilan,2022,both,overall,1207.9
Negeri Sembilan,2022,both,bumi_malay,711.9
Negeri Sembilan,2022,both,bumi_other,22.2
Negeri Sembilan,2022,both,chinese,247.4
Negeri Sembilan,2022,both,indian,162.4
Negeri Sembilan,2022,both,other_citizen,5.8
Negeri Sembilan,2022,both,other_noncitizen,58.1
Negeri Sembilan,2022,female,overall,582.7
Negeri Sembilan,2022,female,bumi_malay,351.9
Negeri Sembilan,2022,female,bumi_other,10.7
Negeri Sembilan,2022,female,chinese,121.9
Negeri Sembilan,2022,female,indian,80.4
Negeri Sembilan,2022,female,other_citizen,2.3
Negeri Sembilan,2022,female,other_noncitizen,15.5
Negeri Sembilan,2022,male,overall,625.1
Negeri Sembilan,2022,male,bumi_malay,359.9
Negeri Sembilan,2022,male,bumi_other,11.5
Negeri Sembilan,2022,male,chinese,125.5
Negeri Sembilan,2022,male,indian,82
Negeri Sembilan,2022,male,other_citizen,3.5
Negeri Sembilan,2022,male,other_noncitizen,42.7
Negeri Sembilan,2023,both,overall,1224.9
Negeri Sembilan,2023,both,bumi_malay,720
Negeri Sembilan,2023,both,bumi_other,22.5
Negeri Sembilan,2023,both,chinese,246.7
Negeri Sembilan,2023,both,indian,162.9
Negeri Sembilan,2023,both,other_citizen,5.9
Negeri Sembilan,2023,both,other_noncitizen,66.8
Negeri Sembilan,2023,female,overall,589.5
Negeri Sembilan,2023,female,bumi_malay,356
Negeri Sembilan,2023,female,bumi_other,10.9
Negeri Sembilan,2023,female,chinese,121.7
Negeri Sembilan,2023,female,indian,80.7
Negeri Sembilan,2023,female,other_citizen,2.4
Negeri Sembilan,2023,female,other_noncitizen,17.8
Negeri Sembilan,2023,male,overall,635.4
Negeri Sembilan,2023,male,bumi_malay,363.9
Negeri Sembilan,2023,male,bumi_other,11.7
Negeri Sembilan,2023,male,chinese,125
Negeri Sembilan,2023,male,indian,82.2
Negeri Sembilan,2023,male,other_citizen,3.5
Negeri Sembilan,2023,male,other_noncitizen,49.1
Negeri Sembilan,2024,both,overall,1239.5
Negeri Sembilan,2024,both,bumi_malay,727
Negeri Sembilan,2024,both,bumi_other,22.9
Negeri Sembilan,2024,both,chinese,245.9
Negeri Sembilan,2024,both,indian,163.1
Negeri Sembilan,2024,both,other_citizen,6
Negeri Sembilan,2024,both,other_noncitizen,74.5
Negeri Sembilan,2024,female,overall,595.3
Negeri Sembilan,2024,female,bumi_malay,359.7
Negeri Sembilan,2024,female,bumi_other,11
Negeri Sembilan,2024,female,chinese,121.5
Negeri Sembilan,2024,female,indian,80.9
Negeri Sembilan,2024,female,other_citizen,2.4
Negeri Sembilan,2024,female,other_noncitizen,19.8
Negeri Sembilan,2024,male,overall,644.1
Negeri Sembilan,2024,male,bumi_malay,367.4
Negeri Sembilan,2024,male,bumi_other,11.8
Negeri Sembilan,2024,male,chinese,124.4
Negeri Sembilan,2024,male,indian,82.2
Negeri Sembilan,2024,male,other_citizen,3.6
Negeri Sembilan,2024,male,other_noncitizen,54.7
Negeri Sembilan,2025,both,overall,1244.6
Negeri Sembilan,2025,both,bumi_malay,733.5
Negeri Sembilan,2025,both,bumi_other,23.2
Negeri Sembilan,2025,both,chinese,245.2
Negeri Sembilan,2025,both,indian,163.2
Negeri Sembilan,2025,both,other_citizen,6.1
Negeri Sembilan,2025,both,other_noncitizen,73.5
Negeri Sembilan,2025,female,overall,598.6
Negeri Sembilan,2025,female,bumi_malay,363.1
Negeri Sembilan,2025,female,bumi_other,11.2
Negeri Sembilan,2025,female,chinese,121.3
Negeri Sembilan,2025,female,indian,81.1
Negeri Sembilan,2025,female,other_citizen,2.5
Negeri Sembilan,2025,female,other_noncitizen,19.5
Negeri Sembilan,2025,male,overall,646
Negeri Sembilan,2025,male,bumi_malay,370.4
Negeri Sembilan,2025,male,bumi_other,12
Negeri Sembilan,2025,male,chinese,123.9
Negeri Sembilan,2025,male,indian,82.1
Negeri Sembilan,2025,male,other_citizen,3.6
Negeri Sembilan,2025,male,other_noncitizen,53.9
Pahang,2000,both,overall,1295.8
Pahang,2000,both,bumi_malay,886.4
Pahang,2000,both,bumi_other,60.4
Pahang,2000,both,chinese,221.1
Pahang,2000,both,indian,61.9
Pahang,2000,both,other_citizen,7.1
Pahang,2000,both,other_noncitizen,58.9
Pahang,2000,female,overall,617.2
Pahang,2000,female,bumi_malay,434.7
Pahang,2000,female,bumi_other,29.5
Pahang,2000,female,chinese,105.9
Pahang,2000,female,indian,30.3
Pahang,2000,female,other_citizen,3.5
Pahang,2000,female,other_noncitizen,13.3
Pahang,2000,male,overall,678.6
Pahang,2000,male,bumi_malay,451.7
Pahang,2000,male,bumi_other,30.9
Pahang,2000,male,chinese,115.2
Pahang,2000,male,indian,31.6
Pahang,2000,male,other_citizen,3.6
Pahang,2000,male,other_noncitizen,45.6
Pahang,2001,both,overall,1317.3
Pahang,2001,both,bumi_malay,903
Pahang,2001,both,bumi_other,61.4
Pahang,2001,both,chinese,222.5
Pahang,2001,both,indian,62.1
Pahang,2001,both,other_citizen,7.3
Pahang,2001,both,other_noncitizen,61
Pahang,2001,female,overall,626.6
Pahang,2001,female,bumi_malay,442.3
Pahang,2001,female,bumi_other,29.9
Pahang,2001,female,chinese,106.5
Pahang,2001,female,indian,30.4
Pahang,2001,female,other_citizen,3.6
Pahang,2001,female,other_noncitizen,13.9
Pahang,2001,male,overall,690.7
Pahang,2001,male,bumi_malay,460.6
Pahang,2001,male,bumi_other,31.5
Pahang,2001,male,chinese,116
Pahang,2001,male,indian,31.8
Pahang,2001,male,other_citizen,3.8
Pahang,2001,male,other_noncitizen,47.1
Pahang,2002,both,overall,1338.7
Pahang,2002,both,bumi_malay,919.9
Pahang,2002,both,bumi_other,62.7
Pahang,2002,both,chinese,223.4
Pahang,2002,both,indian,62.3
Pahang,2002,both,other_citizen,7.5
Pahang,2002,both,other_noncitizen,62.9
Pahang,2002,female,overall,635.7
Pahang,2002,female,bumi_malay,449.8
Pahang,2002,female,bumi_other,30.5
Pahang,2002,female,chinese,106.8
Pahang,2002,female,indian,30.4
Pahang,2002,female,other_citizen,3.6
Pahang,2002,female,other_noncitizen,14.4
Pahang,2002,male,overall,703
Pahang,2002,male,bumi_malay,470.1
Pahang,2002,male,bumi_other,32.2
Pahang,2002,male,chinese,116.6
Pahang,2002,male,indian,31.8
Pahang,2002,male,other_citizen,3.9
Pahang,2002,male,other_noncitizen,48.5
Pahang,2003,both,overall,1360
Pahang,2003,both,bumi_malay,937.1
Pahang,2003,both,bumi_other,63.9
Pahang,2003,both,chinese,224.3
Pahang,2003,both,indian,62.4
Pahang,2003,both,other_citizen,7.7
Pahang,2003,both,other_noncitizen,64.6
Pahang,2003,female,overall,644.7
Pahang,2003,female,bumi_malay,457.6
Pahang,2003,female,bumi_other,31.2
Pahang,2003,female,chinese,107.1
Pahang,2003,female,indian,30.4
Pahang,2003,female,other_citizen,3.7
Pahang,2003,female,other_noncitizen,14.8
Pahang,2003,male,overall,715.3
Pahang,2003,male,bumi_malay,479.6
Pahang,2003,male,bumi_other,32.8
Pahang,2003,male,chinese,117.2
Pahang,2003,male,indian,31.9
Pahang,2003,male,other_citizen,4
Pahang,2003,male,other_noncitizen,49.8
Pahang,2004,both,overall,1380.2
Pahang,2004,both,bumi_malay,953.3
Pahang,2004,both,bumi_other,65.2
Pahang,2004,both,chinese,225
Pahang,2004,both,indian,62.5
Pahang,2004,both,other_citizen,7.8
Pahang,2004,both,other_noncitizen,66.4
Pahang,2004,female,overall,653
Pahang,2004,female,bumi_malay,464.5
Pahang,2004,female,bumi_other,31.7
Pahang,2004,female,chinese,107.3
Pahang,2004,female,indian,30.5
Pahang,2004,female,other_citizen,3.7
Pahang,2004,female,other_noncitizen,15.3
Pahang,2004,male,overall,727.3
Pahang,2004,male,bumi_malay,488.9
Pahang,2004,male,bumi_other,33.5
Pahang,2004,male,chinese,117.7
Pahang,2004,male,indian,32
Pahang,2004,male,other_citizen,4.1
Pahang,2004,male,other_noncitizen,51.1
Pahang,2005,both,overall,1400.8
Pahang,2005,both,bumi_malay,969.9
Pahang,2005,both,bumi_other,66.6
Pahang,2005,both,chinese,225.8
Pahang,2005,both,indian,62.6
Pahang,2005,both,other_citizen,7.8
Pahang,2005,both,other_noncitizen,68.1
Pahang,2005,female,overall,661.8
Pahang,2005,female,bumi_malay,472.1
Pahang,2005,female,bumi_other,32.4
Pahang,2005,female,chinese,107.6
Pahang,2005,female,indian,30.4
Pahang,2005,female,other_citizen,3.7
Pahang,2005,female,other_noncitizen,15.6
Pahang,2005,male,overall,739
Pahang,2005,male,bumi_malay,497.8
Pahang,2005,male,bumi_other,34.2
Pahang,2005,male,chinese,118.3
Pahang,2005,male,indian,32.2
Pahang,2005,male,other_citizen,4.1
Pahang,2005,male,other_noncitizen,52.4
Pahang,2006,both,overall,1421.2
Pahang,2006,both,bumi_malay,986.3
Pahang,2006,both,bumi_other,67.9
Pahang,2006,both,chinese,226.7
Pahang,2006,both,indian,62.7
Pahang,2006,both,other_citizen,7.9
Pahang,2006,both,other_noncitizen,69.7
Pahang,2006,female,overall,670.4
Pahang,2006,female,bumi_malay,479.4
Pahang,2006,female,bumi_other,33.1
Pahang,2006,female,chinese,107.8
Pahang,2006,female,indian,30.4
Pahang,2006,female,other_citizen,3.7
Pahang,2006,female,other_noncitizen,16
Pahang,2006,male,overall,750.8
Pahang,2006,male,bumi_malay,506.9
Pahang,2006,male,bumi_other,34.9
Pahang,2006,male,chinese,118.9
Pahang,2006,male,indian,32.3
Pahang,2006,male,other_citizen,4.2
Pahang,2006,male,other_noncitizen,53.7
Pahang,2007,both,overall,1441.4
Pahang,2007,both,bumi_malay,1002.4
Pahang,2007,both,bumi_other,69.3
Pahang,2007,both,chinese,227.7
Pahang,2007,both,indian,62.8
Pahang,2007,both,other_citizen,8
Pahang,2007,both,other_noncitizen,71.3
Pahang,2007,female,overall,678.8
Pahang,2007,female,bumi_malay,486.6
Pahang,2007,female,bumi_other,33.7
Pahang,2007,female,chinese,108.1
Pahang,2007,female,indian,30.3
Pahang,2007,female,other_citizen,3.8
Pahang,2007,female,other_noncitizen,16.3
Pahang,2007,male,overall,762.6
Pahang,2007,male,bumi_malay,515.8
Pahang,2007,male,bumi_other,35.6
Pahang,2007,male,chinese,119.6
Pahang,2007,male,indian,32.4
Pahang,2007,male,other_citizen,4.2
Pahang,2007,male,other_noncitizen,55
Pahang,2008,both,overall,1461.6
Pahang,2008,both,bumi_malay,1018.5
Pahang,2008,both,bumi_other,70.7
Pahang,2008,both,chinese,228.6
Pahang,2008,both,indian,62.9
Pahang,2008,both,other_citizen,8
Pahang,2008,both,other_noncitizen,72.9
Pahang,2008,female,overall,687.2
Pahang,2008,female,bumi_malay,493.6
Pahang,2008,female,bumi_other,34.4
Pahang,2008,female,chinese,108.5
Pahang,2008,female,indian,30.3
Pahang,2008,female,other_citizen,3.8
Pahang,2008,female,other_noncitizen,16.6
Pahang,2008,male,overall,774.4
Pahang,2008,male,bumi_malay,524.9
Pahang,2008,male,bumi_other,36.3
Pahang,2008,male,chinese,120.2
Pahang,2008,male,indian,32.6
Pahang,2008,male,other_citizen,4.2
Pahang,2008,male,other_noncitizen,56.2
Pahang,2009,both,overall,1481.7
Pahang,2009,both,bumi_malay,1034.4
Pahang,2009,both,bumi_other,72
Pahang,2009,both,chinese,229.7
Pahang,2009,both,indian,63
Pahang,2009,both,other_citizen,8.1
Pahang,2009,both,other_noncitizen,74.5
Pahang,2009,female,overall,695.4
Pahang,2009,female,bumi_malay,500.4
Pahang,2009,female,bumi_other,35
Pahang,2009,female,chinese,108.9
Pahang,2009,female,indian,30.3
Pahang,2009,female,other_citizen,3.8
Pahang,2009,female,other_noncitizen,17.1
Pahang,2009,male,overall,786.2
Pahang,2009,male,bumi_malay,534
Pahang,2009,male,bumi_other,37.1
Pahang,2009,male,chinese,120.8
Pahang,2009,male,indian,32.7
Pahang,2009,male,other_citizen,4.3
Pahang,2009,male,other_noncitizen,57.5
Pahang,2010,both,overall,1501.9
Pahang,2010,both,bumi_malay,1052.2
Pahang,2010,both,bumi_other,73.5
Pahang,2010,both,chinese,230.9
Pahang,2010,both,indian,63.1
Pahang,2010,both,other_citizen,6
Pahang,2010,both,other_noncitizen,76.3
Pahang,2010,female,overall,703.7
Pahang,2010,female,bumi_malay,507.9
Pahang,2010,female,bumi_other,35.5
Pahang,2010,female,chinese,109.5
Pahang,2010,female,indian,30.4
Pahang,2010,female,other_citizen,2.8
Pahang,2010,female,other_noncitizen,17.6
Pahang,2010,male,overall,798.2
Pahang,2010,male,bumi_malay,544.3
Pahang,2010,male,bumi_other,38
Pahang,2010,male,chinese,121.3
Pahang,2010,male,indian,32.7
Pahang,2010,male,other_citizen,3.2
Pahang,2010,male,other_noncitizen,58.7
Pahang,2011,both,overall,1526.8
Pahang,2011,both,bumi_malay,1067.9
Pahang,2011,both,bumi_other,75.2
Pahang,2011,both,chinese,232.9
Pahang,2011,both,indian,64
Pahang,2011,both,other_citizen,6.3
Pahang,2011,both,other_noncitizen,80.5
Pahang,2011,female,overall,714.2
Pahang,2011,female,bumi_malay,514.6
Pahang,2011,female,bumi_other,36.4
Pahang,2011,female,chinese,110.7
Pahang,2011,female,indian,30.8
Pahang,2011,female,other_citizen,3
Pahang,2011,female,other_noncitizen,18.7
Pahang,2011,male,overall,812.6
Pahang,2011,male,bumi_malay,553.2
Pahang,2011,male,bumi_other,38.9
Pahang,2011,male,chinese,122.2
Pahang,2011,male,indian,33.2
Pahang,2011,male,other_citizen,3.3
Pahang,2011,male,other_noncitizen,61.9
Pahang,2012,both,overall,1547.1
Pahang,2012,both,bumi_malay,1080.8
Pahang,2012,both,bumi_other,77.9
Pahang,2012,both,chinese,232.5
Pahang,2012,both,indian,64.4
Pahang,2012,both,other_citizen,6.5
Pahang,2012,both,other_noncitizen,84.9
Pahang,2012,female,overall,723
Pahang,2012,female,bumi_malay,521.3
Pahang,2012,female,bumi_other,37.3
Pahang,2012,female,chinese,111
Pahang,2012,female,indian,31
Pahang,2012,female,other_citizen,3.1
Pahang,2012,female,other_noncitizen,19.3
Pahang,2012,male,overall,824.1
Pahang,2012,male,bumi_malay,559.6
Pahang,2012,male,bumi_other,40.6
Pahang,2012,male,chinese,121.6
Pahang,2012,male,indian,33.4
Pahang,2012,male,other_citizen,3.4
Pahang,2012,male,other_noncitizen,65.5
Pahang,2013,both,overall,1568.7
Pahang,2013,both,bumi_malay,1094.6
Pahang,2013,both,bumi_other,76.6
Pahang,2013,both,chinese,233.4
Pahang,2013,both,indian,64.3
Pahang,2013,both,other_citizen,6.2
Pahang,2013,both,other_noncitizen,93.1
Pahang,2013,female,overall,731.3
Pahang,2013,female,bumi_malay,529.3
Pahang,2013,female,bumi_other,36.2
Pahang,2013,female,chinese,111.1
Pahang,2013,female,indian,30.7
Pahang,2013,female,other_citizen,2.7
Pahang,2013,female,other_noncitizen,20.8
Pahang,2013,male,overall,837.5
Pahang,2013,male,bumi_malay,565.3
Pahang,2013,male,bumi_other,40.4
Pahang,2013,male,chinese,122.3
Pahang,2013,male,indian,33.6
Pahang,2013,male,other_citizen,3.5
Pahang,2013,male,other_noncitizen,72.3
Pahang,2014,both,overall,1591.7
Pahang,2014,both,bumi_malay,1111.7
Pahang,2014,both,bumi_other,77.8
Pahang,2014,both,chinese,233
Pahang,2014,both,indian,64.7
Pahang,2014,both,other_citizen,5.8
Pahang,2014,both,other_noncitizen,98.5
Pahang,2014,female,overall,741.9
Pahang,2014,female,bumi_malay,538.5
Pahang,2014,female,bumi_other,36.6
Pahang,2014,female,chinese,111.1
Pahang,2014,female,indian,31.1
Pahang,2014,female,other_citizen,2.4
Pahang,2014,female,other_noncitizen,22
Pahang,2014,male,overall,849.8
Pahang,2014,male,bumi_malay,573.2
Pahang,2014,male,bumi_other,41.2
Pahang,2014,male,chinese,121.9
Pahang,2014,male,indian,33.7
Pahang,2014,male,other_citizen,3.4
Pahang,2014,male,other_noncitizen,76.5
Pahang,2015,both,overall,1607.9
Pahang,2015,both,bumi_malay,1127
Pahang,2015,both,bumi_other,77
Pahang,2015,both,chinese,233.1
Pahang,2015,both,indian,64.5
Pahang,2015,both,other_citizen,5.4
Pahang,2015,both,other_noncitizen,101
Pahang,2015,female,overall,749.7
Pahang,2015,female,bumi_malay,547.3
Pahang,2015,female,bumi_other,35.9
Pahang,2015,female,chinese,111.3
Pahang,2015,female,indian,30.7
Pahang,2015,female,other_citizen,2
Pahang,2015,female,other_noncitizen,22.5
Pahang,2015,male,overall,858.2
Pahang,2015,male,bumi_malay,579.7
Pahang,2015,male,bumi_other,41.1
Pahang,2015,male,chinese,121.8
Pahang,2015,male,indian,33.8
Pahang,2015,male,other_citizen,3.4
Pahang,2015,male,other_noncitizen,78.5
Pahang,2016,both,overall,1626.7
Pahang,2016,both,bumi_malay,1141.6
Pahang,2016,both,bumi_other,77.9
Pahang,2016,both,chinese,232.6
Pahang,2016,both,indian,64.9
Pahang,2016,both,other_citizen,5.6
Pahang,2016,both,other_noncitizen,104.4
Pahang,2016,female,overall,759.4
Pahang,2016,female,bumi_malay,555.8
Pahang,2016,female,bumi_other,36.1
Pahang,2016,female,chinese,111.2
Pahang,2016,female,indian,31.1
Pahang,2016,female,other_citizen,2.1
Pahang,2016,female,other_noncitizen,23.1
Pahang,2016,male,overall,867.3
Pahang,2016,male,bumi_malay,585.8
Pahang,2016,male,bumi_other,41.8
Pahang,2016,male,chinese,121.4
Pahang,2016,male,indian,33.9
Pahang,2016,male,other_citizen,3.5
Pahang,2016,male,other_noncitizen,81.3
Pahang,2017,both,overall,1647
Pahang,2017,both,bumi_malay,1156.8
Pahang,2017,both,bumi_other,79.5
Pahang,2017,both,chinese,232.7
Pahang,2017,both,indian,65.3
Pahang,2017,both,other_citizen,5.8
Pahang,2017,both,other_noncitizen,106.9
Pahang,2017,female,overall,768.9
Pahang,2017,female,bumi_malay,563.2
Pahang,2017,female,bumi_other,37.1
Pahang,2017,female,chinese,111.3
Pahang,2017,female,indian,31.3
Pahang,2017,female,other_citizen,2.3
Pahang,2017,female,other_noncitizen,23.7
Pahang,2017,male,overall,878.2
Pahang,2017,male,bumi_malay,593.6
Pahang,2017,male,bumi_other,42.4
Pahang,2017,male,chinese,121.4
Pahang,2017,male,indian,34
Pahang,2017,male,other_citizen,3.5
Pahang,2017,male,other_noncitizen,83.2
Pahang,2018,both,overall,1664.7
Pahang,2018,both,bumi_malay,1170.4
Pahang,2018,both,bumi_other,80.7
Pahang,2018,both,chinese,232.7
Pahang,2018,both,indian,66.5
Pahang,2018,both,other_citizen,6.1
Pahang,2018,both,other_noncitizen,108.2
Pahang,2018,female,overall,778
Pahang,2018,female,bumi_malay,570.6
Pahang,2018,female,bumi_other,37.8
Pahang,2018,female,chinese,111.4
Pahang,2018,female,indian,31.8
Pahang,2018,female,other_citizen,2.5
Pahang,2018,female,other_noncitizen,23.9
Pahang,2018,male,overall,886.8
Pahang,2018,male,bumi_malay,599.8
Pahang,2018,male,bumi_other,42.9
Pahang,2018,male,chinese,121.3
Pahang,2018,male,indian,34.7
Pahang,2018,male,other_citizen,3.6
Pahang,2018,male,other_noncitizen,84.3
Pahang,2019,both,overall,1671.4
Pahang,2019,both,bumi_malay,1183.9
Pahang,2019,both,bumi_other,82.5
Pahang,2019,both,chinese,232.6
Pahang,2019,both,indian,67.7
Pahang,2019,both,other_citizen,6.3
Pahang,2019,both,other_noncitizen,98.9
Pahang,2019,female,overall,784.6
Pahang,2019,female,bumi_malay,577.7
Pahang,2019,female,bumi_other,38.9
Pahang,2019,female,chinese,111.6
Pahang,2019,female,indian,32.2
Pahang,2019,female,other_citizen,2.6
Pahang,2019,female,other_noncitizen,21.8
Pahang,2019,male,overall,886.9
Pahang,2019,male,bumi_malay,606.2
Pahang,2019,male,bumi_other,43.6
Pahang,2019,male,chinese,121
Pahang,2019,male,indian,35.4
Pahang,2019,male,other_citizen,3.7
Pahang,2019,male,other_noncitizen,77.1
Pahang,2020,both,overall,1591.3
Pahang,2020,both,bumi_malay,1134.2
Pahang,2020,both,bumi_other,92.2
Pahang,2020,both,chinese,221.7
Pahang,2020,both,indian,55.9
Pahang,2020,both,other_citizen,9.2
Pahang,2020,both,other_noncitizen,78.1
Pahang,2020,female,overall,747.1
Pahang,2020,female,bumi_malay,556.6
Pahang,2020,female,bumi_other,45
Pahang,2020,female,chinese,105.9
Pahang,2020,female,indian,27.4
Pahang,2020,female,other_citizen,3.5
Pahang,2020,female,other_noncitizen,8.8
Pahang,2020,male,overall,844.2
Pahang,2020,male,bumi_malay,577.7
Pahang,2020,male,bumi_other,47.2
Pahang,2020,male,chinese,115.8
Pahang,2020,male,indian,28.5
Pahang,2020,male,other_citizen,5.7
Pahang,2020,male,other_noncitizen,69.3
Pahang,2021,both,overall,1601.5
Pahang,2021,both,bumi_malay,1149.7
Pahang,2021,both,bumi_other,91.6
Pahang,2021,both,chinese,221.3
Pahang,2021,both,indian,55.8
Pahang,2021,both,other_citizen,9.3
Pahang,2021,both,other_noncitizen,73.8
Pahang,2021,female,overall,754.4
Pahang,2021,female,bumi_malay,564.5
Pahang,2021,female,bumi_other,44.8
Pahang,2021,female,chinese,105.9
Pahang,2021,female,indian,27.4
Pahang,2021,female,other_citizen,3.5
Pahang,2021,female,other_noncitizen,8.3
Pahang,2021,male,overall,847
Pahang,2021,male,bumi_malay,585.2
Pahang,2021,male,bumi_other,46.8
Pahang,2021,male,chinese,115.4
Pahang,2021,male,indian,28.4
Pahang,2021,male,other_citizen,5.8
Pahang,2021,male,other_noncitizen,65.5
Pahang,2022,both,overall,1614.3
Pahang,2022,both,bumi_malay,1161.4
Pahang,2022,both,bumi_other,92.9
Pahang,2022,both,chinese,220.6
Pahang,2022,both,indian,55.8
Pahang,2022,both,other_citizen,9.4
Pahang,2022,both,other_noncitizen,74.2
Pahang,2022,female,overall,761.2
Pahang,2022,female,bumi_malay,570.8
Pahang,2022,female,bumi_other,45.4
Pahang,2022,female,chinese,105.6
Pahang,2022,female,indian,27.4
Pahang,2022,female,other_citizen,3.6
Pahang,2022,female,other_noncitizen,8.3
Pahang,2022,male,overall,853
Pahang,2022,male,bumi_malay,590.6
Pahang,2022,male,bumi_other,47.4
Pahang,2022,male,chinese,114.9
Pahang,2022,male,indian,28.3
Pahang,2022,male,other_citizen,5.8
Pahang,2022,male,other_noncitizen,65.9
Pahang,2023,both,overall,1643.2
Pahang,2023,both,bumi_malay,1173.9
Pahang,2023,both,bumi_other,94.4
Pahang,2023,both,chinese,220
Pahang,2023,both,indian,55.8
Pahang,2023,both,other_citizen,9.5
Pahang,2023,both,other_noncitizen,89.6
Pahang,2023,female,overall,770.3
Pahang,2023,female,bumi_malay,577.4
Pahang,2023,female,bumi_other,46.2
Pahang,2023,female,chinese,105.5
Pahang,2023,female,indian,27.5
Pahang,2023,female,other_citizen,3.6
Pahang,2023,female,other_noncitizen,10.1
Pahang,2023,male,overall,872.9
Pahang,2023,male,bumi_malay,596.5
Pahang,2023,male,bumi_other,48.2
Pahang,2023,male,chinese,114.4
Pahang,2023,male,indian,28.3
Pahang,2023,male,other_citizen,5.8
Pahang,2023,male,other_noncitizen,79.6
Pahang,2024,both,overall,1667.7
Pahang,2024,both,bumi_malay,1184.9
Pahang,2024,both,bumi_other,95.8
Pahang,2024,both,chinese,219.2
Pahang,2024,both,indian,55.9
Pahang,2024,both,other_citizen,9.6
Pahang,2024,both,other_noncitizen,102.3
Pahang,2024,female,overall,778.1
Pahang,2024,female,bumi_malay,583.1
Pahang,2024,female,bumi_other,46.9
Pahang,2024,female,chinese,105.3
Pahang,2024,female,indian,27.6
Pahang,2024,female,other_citizen,3.7
Pahang,2024,female,other_noncitizen,11.5
Pahang,2024,male,overall,889.7
Pahang,2024,male,bumi_malay,601.8
Pahang,2024,male,bumi_other,48.9
Pahang,2024,male,chinese,113.9
Pahang,2024,male,indian,28.3
Pahang,2024,male,other_citizen,5.9
Pahang,2024,male,other_noncitizen,90.8
Pahang,2025,both,overall,1678.2
Pahang,2025,both,bumi_malay,1195
Pahang,2025,both,bumi_other,97.2
Pahang,2025,both,chinese,218.6
Pahang,2025,both,indian,55.9
Pahang,2025,both,other_citizen,9.7
Pahang,2025,both,other_noncitizen,101.9
Pahang,2025,female,overall,783.9
Pahang,2025,female,bumi_malay,588.4
Pahang,2025,female,bumi_other,47.6
Pahang,2025,female,chinese,105.2
Pahang,2025,female,indian,27.6
Pahang,2025,female,other_citizen,3.7
Pahang,2025,female,other_noncitizen,11.4
Pahang,2025,male,overall,894.3
Pahang,2025,male,bumi_malay,606.6
Pahang,2025,male,bumi_other,49.6
Pahang,2025,male,chinese,113.4
Pahang,2025,male,indian,28.3
Pahang,2025,male,other_citizen,6
Pahang,2025,male,other_noncitizen,90.5
Perak,2000,both,overall,2091.7
Perak,2000,both,bumi_malay,1069
Perak,2000,both,bumi_other,47
Perak,2000,both,chinese,660.9
Perak,2000,both,indian,267.1
Perak,2000,both,other_citizen,7.3
Perak,2000,both,other_noncitizen,40.5
Perak,2000,female,overall,1041.2
Perak,2000,female,bumi_malay,535.8
Perak,2000,female,bumi_other,23.5
Perak,2000,female,chinese,325.6
Perak,2000,female,indian,136.5
Perak,2000,female,other_citizen,3.9
Perak,2000,female,other_noncitizen,15.9
Perak,2000,male,overall,1050.5
Perak,2000,male,bumi_malay,533.2
Perak,2000,male,bumi_other,23.4
Perak,2000,male,chinese,335.3
Perak,2000,male,indian,130.6
Perak,2000,male,other_citizen,3.4
Perak,2000,male,other_noncitizen,24.6
Perak,2001,both,overall,2129
Perak,2001,both,bumi_malay,1090.5
Perak,2001,both,bumi_other,48.8
Perak,2001,both,chinese,668.4
Perak,2001,both,indian,270
Perak,2001,both,other_citizen,7.6
Perak,2001,both,other_noncitizen,43.8
Perak,2001,female,overall,1058.5
Perak,2001,female,bumi_malay,546.2
Perak,2001,female,bumi_other,24.4
Perak,2001,female,chinese,329
Perak,2001,female,indian,137.9
Perak,2001,female,other_citizen,4
Perak,2001,female,other_noncitizen,16.9
Perak,2001,male,overall,1070.6
Perak,2001,male,bumi_malay,544.3
Perak,2001,male,bumi_other,24.4
Perak,2001,male,chinese,339.4
Perak,2001,male,indian,132.1
Perak,2001,male,other_citizen,3.6
Perak,2001,male,other_noncitizen,26.9
Perak,2002,both,overall,2161.8
Perak,2002,both,bumi_malay,1109.6
Perak,2002,both,bumi_other,50.7
Perak,2002,both,chinese,674
Perak,2002,both,indian,272.5
Perak,2002,both,other_citizen,7.8
Perak,2002,both,other_noncitizen,47.2
Perak,2002,female,overall,1073.7
Perak,2002,female,bumi_malay,555.5
Perak,2002,female,bumi_other,25.3
Perak,2002,female,chinese,331.7
Perak,2002,female,indian,139.2
Perak,2002,female,other_citizen,4.1
Perak,2002,female,other_noncitizen,18
Perak,2002,male,overall,1088.1
Perak,2002,male,bumi_malay,554.1
Perak,2002,male,bumi_other,25.4
Perak,2002,male,chinese,342.3
Perak,2002,male,indian,133.3
Perak,2002,male,other_citizen,3.7
Perak,2002,male,other_noncitizen,29.2
Perak,2003,both,overall,2192.1
Perak,2003,both,bumi_malay,1127.4
Perak,2003,both,bumi_other,52.5
Perak,2003,both,chinese,679.1
Perak,2003,both,indian,274.5
Perak,2003,both,other_citizen,8.1
Perak,2003,both,other_noncitizen,50.5
Perak,2003,female,overall,1087.6
Perak,2003,female,bumi_malay,564.2
Perak,2003,female,bumi_other,26.1
Perak,2003,female,chinese,334.1
Perak,2003,female,indian,140.1
Perak,2003,female,other_citizen,4.2
Perak,2003,female,other_noncitizen,19
Perak,2003,male,overall,1104.5
Perak,2003,male,bumi_malay,563.2
Perak,2003,male,bumi_other,26.3
Perak,2003,male,chinese,345.1
Perak,2003,male,indian,134.4
Perak,2003,male,other_citizen,3.9
Perak,2003,male,other_noncitizen,31.6
Perak,2004,both,overall,2222.1
Perak,2004,both,bumi_malay,1145.4
Perak,2004,both,bumi_other,54.2
Perak,2004,both,chinese,683.5
Perak,2004,both,indian,276.6
Perak,2004,both,other_citizen,8.5
Perak,2004,both,other_noncitizen,53.8
Perak,2004,female,overall,1101.8
Perak,2004,female,bumi_malay,573.1
Perak,2004,female,bumi_other,26.9
Perak,2004,female,chinese,336.1
Perak,2004,female,indian,141.3
Perak,2004,female,other_citizen,4.4
Perak,2004,female,other_noncitizen,19.9
Perak,2004,male,overall,1120.3
Perak,2004,male,bumi_malay,572.3
Perak,2004,male,bumi_other,27.3
Perak,2004,male,chinese,347.4
Perak,2004,male,indian,135.3
Perak,2004,male,other_citizen,4.1
Perak,2004,male,other_noncitizen,33.9
Perak,2005,both,overall,2251.1
Perak,2005,both,bumi_malay,1163.5
Perak,2005,both,bumi_other,55.9
Perak,2005,both,chinese,687.5
Perak,2005,both,indian,278.3
Perak,2005,both,other_citizen,8.8
Perak,2005,both,other_noncitizen,57.1
Perak,2005,female,overall,1115.3
Perak,2005,female,bumi_malay,582.1
Perak,2005,female,bumi_other,27.7
Perak,2005,female,chinese,338
Perak,2005,female,indian,142.2
Perak,2005,female,other_citizen,4.5
Perak,2005,female,other_noncitizen,20.9
Perak,2005,male,overall,1135.8
Perak,2005,male,bumi_malay,581.4
Perak,2005,male,bumi_other,28.3
Perak,2005,male,chinese,349.5
Perak,2005,male,indian,136.2
Perak,2005,male,other_citizen,4.3
Perak,2005,male,other_noncitizen,36.2
Perak,2006,both,overall,2279.3
Perak,2006,both,bumi_malay,1181.2
Perak,2006,both,bumi_other,57.6
Perak,2006,both,chinese,690.9
Perak,2006,both,indian,279.9
Perak,2006,both,other_citizen,9.3
Perak,2006,both,other_noncitizen,60.3
Perak,2006,female,overall,1128.5
Perak,2006,female,bumi_malay,590.9
Perak,2006,female,bumi_other,28.5
Perak,2006,female,chinese,339.6
Perak,2006,female,indian,143
Perak,2006,female,other_citizen,4.8
Perak,2006,female,other_noncitizen,21.8
Perak,2006,male,overall,1150.9
Perak,2006,male,bumi_malay,590.4
Perak,2006,male,bumi_other,29.2
Perak,2006,male,chinese,351.3
Perak,2006,male,indian,137
Perak,2006,male,other_citizen,4.5
Perak,2006,male,other_noncitizen,38.5
Perak,2007,both,overall,2306.4
Perak,2007,both,bumi_malay,1198.3
Perak,2007,both,bumi_other,59.5
Perak,2007,both,chinese,693.9
Perak,2007,both,indian,281.4
Perak,2007,both,other_citizen,9.8
Perak,2007,both,other_noncitizen,63.6
Perak,2007,female,overall,1141.1
Perak,2007,female,bumi_malay,599.4
Perak,2007,female,bumi_other,29.3
Perak,2007,female,chinese,340.9
Perak,2007,female,indian,143.7
Perak,2007,female,other_citizen,5
Perak,2007,female,other_noncitizen,22.8
Perak,2007,male,overall,1165.3
Perak,2007,male,bumi_malay,599
Perak,2007,male,bumi_other,30.1
Perak,2007,male,chinese,352.9
Perak,2007,male,indian,137.7
Perak,2007,male,other_citizen,4.8
Perak,2007,male,other_noncitizen,40.8
Perak,2008,both,overall,2331.6
Perak,2008,both,bumi_malay,1214.3
Perak,2008,both,bumi_other,61.2
Perak,2008,both,chinese,696.3
Perak,2008,both,indian,282.7
Perak,2008,both,other_citizen,10.3
Perak,2008,both,other_noncitizen,66.8
Perak,2008,female,overall,1152.7
Perak,2008,female,bumi_malay,607.2
Perak,2008,female,bumi_other,30.1
Perak,2008,female,chinese,342
Perak,2008,female,indian,144.4
Perak,2008,female,other_citizen,5.2
Perak,2008,female,other_noncitizen,23.7
Perak,2008,male,overall,1178.9
Perak,2008,male,bumi_malay,607.1
Perak,2008,male,bumi_other,31.1
Perak,2008,male,chinese,354.2
Perak,2008,male,indian,138.3
Perak,2008,male,other_citizen,5.1
Perak,2008,male,other_noncitizen,43.1
Perak,2009,both,overall,2355.7
Perak,2009,both,bumi_malay,1230
Perak,2009,both,bumi_other,63.1
Perak,2009,both,chinese,698.4
Perak,2009,both,indian,283.9
Perak,2009,both,other_citizen,10.4
Perak,2009,both,other_noncitizen,69.9
Perak,2009,female,overall,1163.8
Perak,2009,female,bumi_malay,615
Perak,2009,female,bumi_other,31
Perak,2009,female,chinese,343
Perak,2009,female,indian,144.9
Perak,2009,female,other_citizen,5.3
Perak,2009,female,other_noncitizen,24.6
Perak,2009,male,overall,1191.8
Perak,2009,male,bumi_malay,614.9
Perak,2009,male,bumi_other,32.1
Perak,2009,male,chinese,355.4
Perak,2009,male,indian,139
Perak,2009,male,other_citizen,5.1
Perak,2009,male,other_noncitizen,45.3
Perak,2010,both,overall,2379
Perak,2010,both,bumi_malay,1247.3
Perak,2010,both,bumi_other,64.7
Perak,2010,both,chinese,700.5
Perak,2010,both,indian,284.8
Perak,2010,both,other_citizen,8.6
Perak,2010,both,other_noncitizen,73.1
Perak,2010,female,overall,1174.5
Perak,2010,female,bumi_malay,623.5
Perak,2010,female,bumi_other,31.8
Perak,2010,female,chinese,344.1
Perak,2010,female,indian,145.4
Perak,2010,female,other_citizen,4.3
Perak,2010,female,other_noncitizen,25.5
Perak,2010,male,overall,1204.5
Perak,2010,male,bumi_malay,623.9
Perak,2010,male,bumi_other,32.9
Perak,2010,male,chinese,356.4
Perak,2010,male,indian,139.4
Perak,2010,male,other_citizen,4.3
Perak,2010,male,other_noncitizen,47.6
Perak,2011,both,overall,2402.7
Perak,2011,both,bumi_malay,1264.4
Perak,2011,both,bumi_other,66.3
Perak,2011,both,chinese,701.5
Perak,2011,both,indian,285.7
Perak,2011,both,other_citizen,8.8
Perak,2011,both,other_noncitizen,75.9
Perak,2011,female,overall,1186.4
Perak,2011,female,bumi_malay,632.2
Perak,2011,female,bumi_other,32.8
Perak,2011,female,chinese,344.4
Perak,2011,female,indian,146
Perak,2011,female,other_citizen,4.4
Perak,2011,female,other_noncitizen,26.5
Perak,2011,male,overall,1216.3
Perak,2011,male,bumi_malay,632.3
Perak,2011,male,bumi_other,33.5
Perak,2011,male,chinese,357.1
Perak,2011,male,indian,139.7
Perak,2011,male,other_citizen,4.4
Perak,2011,male,other_noncitizen,49.4
Perak,2012,both,overall,2427
Perak,2012,both,bumi_malay,1277.3
Perak,2012,both,bumi_other,68.4
Perak,2012,both,chinese,703.6
Perak,2012,both,indian,288.7
Perak,2012,both,other_citizen,8.9
Perak,2012,both,other_noncitizen,80.2
Perak,2012,female,overall,1198.1
Perak,2012,female,bumi_malay,638
Perak,2012,female,bumi_other,34
Perak,2012,female,chinese,346.3
Perak,2012,female,indian,147.5
Perak,2012,female,other_citizen,4.5
Perak,2012,female,other_noncitizen,27.7
Perak,2012,male,overall,1228.8
Perak,2012,male,bumi_malay,639.2
Perak,2012,male,bumi_other,34.4
Perak,2012,male,chinese,357.2
Perak,2012,male,indian,141.1
Perak,2012,male,other_citizen,4.4
Perak,2012,male,other_noncitizen,52.5
Perak,2013,both,overall,2447.2
Perak,2013,both,bumi_malay,1282.6
Perak,2013,both,bumi_other,70.2
Perak,2013,both,chinese,705
Perak,2013,both,indian,287.5
Perak,2013,both,other_citizen,9.1
Perak,2013,both,other_noncitizen,93.2
Perak,2013,female,overall,1207.5
Perak,2013,female,bumi_malay,640.8
Perak,2013,female,bumi_other,35.4
Perak,2013,female,chinese,347.1
Perak,2013,female,indian,147.9
Perak,2013,female,other_citizen,4.7
Perak,2013,female,other_noncitizen,31.9
Perak,2013,male,overall,1239.7
Perak,2013,male,bumi_malay,641.8
Perak,2013,male,bumi_other,34.8
Perak,2013,male,chinese,357.9
Perak,2013,male,indian,139.6
Perak,2013,male,other_citizen,4.5
Perak,2013,male,other_noncitizen,61.2
Perak,2014,both,overall,2458.8
Perak,2014,both,bumi_malay,1295.9
Perak,2014,both,bumi_other,73
Perak,2014,both,chinese,702.9
Perak,2014,both,indian,285
Perak,2014,both,other_citizen,9.2
Perak,2014,both,other_noncitizen,92.8
Perak,2014,female,overall,1213.6
Perak,2014,female,bumi_malay,646.2
Perak,2014,female,bumi_other,38
Perak,2014,female,chinese,345.7
Perak,2014,female,indian,147.3
Perak,2014,female,other_citizen,4.7
Perak,2014,female,other_noncitizen,31.7
Perak,2014,male,overall,1245.2
Perak,2014,male,bumi_malay,649.7
Perak,2014,male,bumi_other,35
Perak,2014,male,chinese,357.2
Perak,2014,male,indian,137.7
Perak,2014,male,other_citizen,4.5
Perak,2014,male,other_noncitizen,61.1
Perak,2015,both,overall,2466.9
Perak,2015,both,bumi_malay,1301.4
Perak,2015,both,bumi_other,74.6
Perak,2015,both,chinese,703.1
Perak,2015,both,indian,283
Perak,2015,both,other_citizen,9.3
Perak,2015,both,other_noncitizen,95.4
Perak,2015,female,overall,1217.6
Perak,2015,female,bumi_malay,649.2
Perak,2015,female,bumi_other,38.3
Perak,2015,female,chinese,345.9
Perak,2015,female,indian,146.9
Perak,2015,female,other_citizen,4.8
Perak,2015,female,other_noncitizen,32.5
Perak,2015,male,overall,1249.3
Perak,2015,male,bumi_malay,652.2
Perak,2015,male,bumi_other,36.3
Perak,2015,male,chinese,357.2
Perak,2015,male,indian,136.1
Perak,2015,male,other_citizen,4.6
Perak,2015,male,other_noncitizen,62.9
Perak,2016,both,overall,2482.1
Perak,2016,both,bumi_malay,1315.8
Perak,2016,both,bumi_other,77.9
Perak,2016,both,chinese,700.1
Perak,2016,both,indian,280.4
Perak,2016,both,other_citizen,9.5
Perak,2016,both,other_noncitizen,98.6
Perak,2016,female,overall,1225.2
Perak,2016,female,bumi_malay,655
Perak,2016,female,bumi_other,41.2
Perak,2016,female,chinese,344
Perak,2016,female,indian,146.3
Perak,2016,female,other_citizen,4.9
Perak,2016,female,other_noncitizen,33.9
Perak,2016,male,overall,1257
Perak,2016,male,bumi_malay,660.8
Perak,2016,male,bumi_other,36.7
Perak,2016,male,chinese,356.1
Perak,2016,male,indian,134.1
Perak,2016,male,other_citizen,4.7
Perak,2016,male,other_noncitizen,64.7
Perak,2017,both,overall,2493.2
Perak,2017,both,bumi_malay,1327.9
Perak,2017,both,bumi_other,79
Perak,2017,both,chinese,695.9
Perak,2017,both,indian,279.5
Perak,2017,both,other_citizen,9.8
Perak,2017,both,other_noncitizen,100.9
Perak,2017,female,overall,1230.3
Perak,2017,female,bumi_malay,660.8
Perak,2017,female,bumi_other,41.6
Perak,2017,female,chinese,342.2
Perak,2017,female,indian,146.2
Perak,2017,female,other_citizen,4.9
Perak,2017,female,other_noncitizen,34.5
Perak,2017,male,overall,1262.9
Perak,2017,male,bumi_malay,667.1
Perak,2017,male,bumi_other,37.4
Perak,2017,male,chinese,353.7
Perak,2017,male,indian,133.3
Perak,2017,male,other_citizen,4.8
Perak,2017,male,other_noncitizen,66.4
Perak,2018,both,overall,2503.5
Perak,2018,both,bumi_malay,1338.5
Perak,2018,both,bumi_other,81.3
Perak,2018,both,chinese,694.1
Perak,2018,both,indian,277.4
Perak,2018,both,other_citizen,9.9
Perak,2018,both,other_noncitizen,102.1
Perak,2018,female,overall,1236.7
Perak,2018,female,bumi_malay,666.6
Perak,2018,female,bumi_other,42.4
Perak,2018,female,chinese,342
Perak,2018,female,indian,145.3
Perak,2018,female,other_citizen,5
Perak,2018,female,other_noncitizen,35.3
Perak,2018,male,overall,1266.7
Perak,2018,male,bumi_malay,671.9
Perak,2018,male,bumi_other,38.9
Perak,2018,male,chinese,352.1
Perak,2018,male,indian,132.2
Perak,2018,male,other_citizen,4.9
Perak,2018,male,other_noncitizen,66.9
Perak,2019,both,overall,2508.8
Perak,2019,both,bumi_malay,1350.3
Perak,2019,both,bumi_other,83
Perak,2019,both,chinese,692.2
Perak,2019,both,indian,275.7
Perak,2019,both,other_citizen,10
Perak,2019,both,other_noncitizen,97.7
Perak,2019,female,overall,1240.6
Perak,2019,female,bumi_malay,672.4
Perak,2019,female,bumi_other,43.2
Perak,2019,female,chinese,341.7
Perak,2019,female,indian,144.6
Perak,2019,female,other_citizen,5
Perak,2019,female,other_noncitizen,33.7
Perak,2019,male,overall,1268.2
Perak,2019,male,bumi_malay,677.9
Perak,2019,male,bumi_other,39.8
Perak,2019,male,chinese,350.5
Perak,2019,male,indian,131.1
Perak,2019,male,other_citizen,4.9
Perak,2019,male,other_noncitizen,64
Perak,2020,both,overall,2496
Perak,2020,both,bumi_malay,1364.8
Perak,2020,both,bumi_other,74.9
Perak,2020,both,chinese,643.6
Perak,2020,both,indian,270.8
Perak,2020,both,other_citizen,10.7
Perak,2020,both,other_noncitizen,131.2
Perak,2020,female,overall,1195.8
Perak,2020,female,bumi_malay,679.3
Perak,2020,female,bumi_other,37.2
Perak,2020,female,chinese,317.1
Perak,2020,female,indian,138.1
Perak,2020,female,other_citizen,5.4
Perak,2020,female,other_noncitizen,18.6
Perak,2020,male,overall,1300.2
Perak,2020,male,bumi_malay,685.4
Perak,2020,male,bumi_other,37.7
Perak,2020,male,chinese,326.5
Perak,2020,male,indian,132.7
Perak,2020,male,other_citizen,5.4
Perak,2020,male,other_noncitizen,112.6
Perak,2021,both,overall,2515.8
Perak,2021,both,bumi_malay,1385.7
Perak,2021,both,bumi_other,73.9
Perak,2021,both,chinese,642.9
Perak,2021,both,indian,271.7
Perak,2021,both,other_citizen,10.8
Perak,2021,both,other_noncitizen,130.8
Perak,2021,female,overall,1206.8
Perak,2021,female,bumi_malay,690
Perak,2021,female,bumi_other,36.8
Perak,2021,female,chinese,317.3
Perak,2021,female,indian,138.8
Perak,2021,female,other_citizen,5.4
Perak,2021,female,other_noncitizen,18.5
Perak,2021,male,overall,1309
Perak,2021,male,bumi_malay,695.7
Perak,2021,male,bumi_other,37.1
Perak,2021,male,chinese,325.6
Perak,2021,male,indian,132.9
Perak,2021,male,other_citizen,5.4
Perak,2021,male,other_noncitizen,112.3
Perak,2022,both,overall,2514.4
Perak,2022,both,bumi_malay,1396.8
Perak,2022,both,bumi_other,74.4
Perak,2022,both,chinese,638.3
Perak,2022,both,indian,271.2
Perak,2022,both,other_citizen,10.8
Perak,2022,both,other_noncitizen,122.9
Perak,2022,female,overall,1209.9
Perak,2022,female,bumi_malay,695.8
Perak,2022,female,bumi_other,37.1
Perak,2022,female,chinese,315.4
Perak,2022,female,indian,138.8
Perak,2022,female,other_citizen,5.5
Perak,2022,female,other_noncitizen,17.4
Perak,2022,male,overall,1304.6
Perak,2022,male,bumi_malay,701
Perak,2022,male,bumi_other,37.4
Perak,2022,male,chinese,322.9
Perak,2022,male,indian,132.4
Perak,2022,male,other_citizen,5.4
Perak,2022,male,other_noncitizen,105.6
Perak,2023,both,overall,2541.2
Perak,2023,both,bumi_malay,1409.1
Perak,2023,both,bumi_other,75.2
Perak,2023,both,chinese,634.5
Perak,2023,both,indian,270.9
Perak,2023,both,other_citizen,10.9
Perak,2023,both,other_noncitizen,140.6
Perak,2023,female,overall,1217.9
Perak,2023,female,bumi_malay,702.1
Perak,2023,female,bumi_other,37.5
Perak,2023,female,chinese,314
Perak,2023,female,indian,138.9
Perak,2023,female,other_citizen,5.5
Perak,2023,female,other_noncitizen,19.9
Perak,2023,male,overall,1323.4
Perak,2023,male,bumi_malay,707
Perak,2023,male,bumi_other,37.7
Perak,2023,male,chinese,320.5
Perak,2023,male,indian,132.1
Perak,2023,male,other_citizen,5.4
Perak,2023,male,other_noncitizen,120.7
Perak,2024,both,overall,2569.4
Perak,2024,both,bumi_malay,1420.5
Perak,2024,both,bumi_other,76.1
Perak,2024,both,chinese,630.8
Perak,2024,both,indian,270.7
Perak,2024,both,other_citizen,11
Perak,2024,both,other_noncitizen,160.4
Perak,2024,female,overall,1225.7
Perak,2024,female,bumi_malay,708
Perak,2024,female,bumi_other,38
Perak,2024,female,chinese,312.7
Perak,2024,female,indian,138.9
Perak,2024,female,other_citizen,5.5
Perak,2024,female,other_noncitizen,22.7
Perak,2024,male,overall,1343.7
Perak,2024,male,bumi_malay,712.6
Perak,2024,male,bumi_other,38.1
Perak,2024,male,chinese,318.1
Perak,2024,male,indian,131.8
Perak,2024,male,other_citizen,5.4
Perak,2024,male,other_noncitizen,137.7
Perak,2025,both,overall,2574.9
Perak,2025,both,bumi_malay,1430.1
Perak,2025,both,bumi_other,76.8
Perak,2025,both,chinese,627.2
Perak,2025,both,indian,270.2
Perak,2025,both,other_citizen,11
Perak,2025,both,other_noncitizen,159.5
Perak,2025,female,overall,1229.8
Perak,2025,female,bumi_malay,713
Perak,2025,female,bumi_other,38.4
Perak,2025,female,chinese,311.5
Perak,2025,female,indian,138.8
Perak,2025,female,other_citizen,5.5
Perak,2025,female,other_noncitizen,22.6
Perak,2025,male,overall,1345.1
Perak,2025,male,bumi_malay,717.1
Perak,2025,male,bumi_other,38.5
Perak,2025,male,chinese,315.7
Perak,2025,male,indian,131.4
Perak,2025,male,other_citizen,5.5
Perak,2025,male,other_noncitizen,136.9
Perlis,2000,both,overall,207.6
Perlis,2000,both,bumi_malay,174
Perlis,2000,both,bumi_other,0.6
Perlis,2000,both,chinese,21.2
Perlis,2000,both,indian,2.7
Perlis,2000,both,other_citizen,6
Perlis,2000,both,other_noncitizen,3.2
Perlis,2000,female,overall,105.2
Perlis,2000,female,bumi_malay,88.2
Perlis,2000,female,bumi_other,0.3
Perlis,2000,female,chinese,10.2
Perlis,2000,female,indian,1.3
Perlis,2000,female,other_citizen,3
Perlis,2000,female,other_noncitizen,2.1
Perlis,2000,male,overall,102.4
Perlis,2000,male,bumi_malay,85.7
Perlis,2000,male,bumi_other,0.3
Perlis,2000,male,chinese,10.9
Perlis,2000,male,indian,1.4
Perlis,2000,male,other_citizen,3
Perlis,2000,male,other_noncitizen,1.1
Perlis,2001,both,overall,210.4
Perlis,2001,both,bumi_malay,176.6
Perlis,2001,both,bumi_other,0.6
Perlis,2001,both,chinese,20.9
Perlis,2001,both,indian,2.8
Perlis,2001,both,other_citizen,6
Perlis,2001,both,other_noncitizen,3.5
Perlis,2001,female,overall,106.6
Perlis,2001,female,bumi_malay,89.6
Perlis,2001,female,bumi_other,0.3
Perlis,2001,female,chinese,10.1
Perlis,2001,female,indian,1.3
Perlis,2001,female,other_citizen,3
Perlis,2001,female,other_noncitizen,2.3
Perlis,2001,male,overall,103.8
Perlis,2001,male,bumi_malay,87
Perlis,2001,male,bumi_other,0.3
Perlis,2001,male,chinese,10.8
Perlis,2001,male,indian,1.4
Perlis,2001,male,other_citizen,3
Perlis,2001,male,other_noncitizen,1.2
Perlis,2002,both,overall,213.2
Perlis,2002,both,bumi_malay,179.2
Perlis,2002,both,bumi_other,0.7
Perlis,2002,both,chinese,20.7
Perlis,2002,both,indian,2.8
Perlis,2002,both,other_citizen,6
Perlis,2002,both,other_noncitizen,3.9
Perlis,2002,female,overall,108.1
Perlis,2002,female,bumi_malay,91
Perlis,2002,female,bumi_other,0.3
Perlis,2002,female,chinese,10
Perlis,2002,female,indian,1.3
Perlis,2002,female,other_citizen,3
Perlis,2002,female,other_noncitizen,2.5
Perlis,2002,male,overall,105.1
Perlis,2002,male,bumi_malay,88.2
Perlis,2002,male,bumi_other,0.4
Perlis,2002,male,chinese,10.7
Perlis,2002,male,indian,1.4
Perlis,2002,male,other_citizen,3
Perlis,2002,male,other_noncitizen,1.4
Perlis,2003,both,overall,216
Perlis,2003,both,bumi_malay,181.8
Perlis,2003,both,bumi_other,0.7
Perlis,2003,both,chinese,20.5
Perlis,2003,both,indian,2.8
Perlis,2003,both,other_citizen,5.9
Perlis,2003,both,other_noncitizen,4.2
Perlis,2003,female,overall,109.6
Perlis,2003,female,bumi_malay,92.4
Perlis,2003,female,bumi_other,0.3
Perlis,2003,female,chinese,9.9
Perlis,2003,female,indian,1.4
Perlis,2003,female,other_citizen,3
Perlis,2003,female,other_noncitizen,2.7
Perlis,2003,male,overall,106.4
Perlis,2003,male,bumi_malay,89.5
Perlis,2003,male,bumi_other,0.4
Perlis,2003,male,chinese,10.6
Perlis,2003,male,indian,1.4
Perlis,2003,male,other_citizen,3
Perlis,2003,male,other_noncitizen,1.6
Perlis,2004,both,overall,218.8
Perlis,2004,both,bumi_malay,184.5
Perlis,2004,both,bumi_other,0.8
Perlis,2004,both,chinese,20.2
Perlis,2004,both,indian,2.8
Perlis,2004,both,other_citizen,5.9
Perlis,2004,both,other_noncitizen,4.6
Perlis,2004,female,overall,111
Perlis,2004,female,bumi_malay,93.7
Perlis,2004,female,bumi_other,0.3
Perlis,2004,female,chinese,9.7
Perlis,2004,female,indian,1.4
Perlis,2004,female,other_citizen,3
Perlis,2004,female,other_noncitizen,2.9
Perlis,2004,male,overall,107.8
Perlis,2004,male,bumi_malay,90.7
Perlis,2004,male,bumi_other,0.4
Perlis,2004,male,chinese,10.5
Perlis,2004,male,indian,1.5
Perlis,2004,male,other_citizen,3
Perlis,2004,male,other_noncitizen,1.7
Perlis,2005,both,overall,221.6
Perlis,2005,both,bumi_malay,187.1
Perlis,2005,both,bumi_other,0.8
Perlis,2005,both,chinese,20
Perlis,2005,both,indian,2.8
Perlis,2005,both,other_citizen,6
Perlis,2005,both,other_noncitizen,5
Perlis,2005,female,overall,112.5
Perlis,2005,female,bumi_malay,95.1
Perlis,2005,female,bumi_other,0.4
Perlis,2005,female,chinese,9.6
Perlis,2005,female,indian,1.4
Perlis,2005,female,other_citizen,3
Perlis,2005,female,other_noncitizen,3.1
Perlis,2005,male,overall,109.1
Perlis,2005,male,bumi_malay,92
Perlis,2005,male,bumi_other,0.4
Perlis,2005,male,chinese,10.4
Perlis,2005,male,indian,1.5
Perlis,2005,male,other_citizen,3
Perlis,2005,male,other_noncitizen,1.9
Perlis,2006,both,overall,224.4
Perlis,2006,both,bumi_malay,189.7
Perlis,2006,both,bumi_other,0.9
Perlis,2006,both,chinese,19.7
Perlis,2006,both,indian,2.9
Perlis,2006,both,other_citizen,6
Perlis,2006,both,other_noncitizen,5.3
Perlis,2006,female,overall,114
Perlis,2006,female,bumi_malay,96.5
Perlis,2006,female,bumi_other,0.4
Perlis,2006,female,chinese,9.4
Perlis,2006,female,indian,1.4
Perlis,2006,female,other_citizen,3
Perlis,2006,female,other_noncitizen,3.3
Perlis,2006,male,overall,110.5
Perlis,2006,male,bumi_malay,93.2
Perlis,2006,male,bumi_other,0.5
Perlis,2006,male,chinese,10.3
Perlis,2006,male,indian,1.5
Perlis,2006,male,other_citizen,3
Perlis,2006,male,other_noncitizen,2.1
Perlis,2007,both,overall,227.2
Perlis,2007,both,bumi_malay,192.3
Perlis,2007,both,bumi_other,0.9
Perlis,2007,both,chinese,19.5
Perlis,2007,both,indian,2.9
Perlis,2007,both,other_citizen,6
Perlis,2007,both,other_noncitizen,5.7
Perlis,2007,female,overall,115.4
Perlis,2007,female,bumi_malay,97.9
Perlis,2007,female,bumi_other,0.4
Perlis,2007,female,chinese,9.3
Perlis,2007,female,indian,1.4
Perlis,2007,female,other_citizen,3
Perlis,2007,female,other_noncitizen,3.5
Perlis,2007,male,overall,111.8
Perlis,2007,male,bumi_malay,94.5
Perlis,2007,male,bumi_other,0.5
Perlis,2007,male,chinese,10.1
Perlis,2007,male,indian,1.5
Perlis,2007,male,other_citizen,3
Perlis,2007,male,other_noncitizen,2.2
Perlis,2008,both,overall,230.1
Perlis,2008,both,bumi_malay,195
Perlis,2008,both,bumi_other,0.9
Perlis,2008,both,chinese,19.2
Perlis,2008,both,indian,2.9
Perlis,2008,both,other_citizen,6
Perlis,2008,both,other_noncitizen,6
Perlis,2008,female,overall,117
Perlis,2008,female,bumi_malay,99.3
Perlis,2008,female,bumi_other,0.4
Perlis,2008,female,chinese,9.2
Perlis,2008,female,indian,1.4
Perlis,2008,female,other_citizen,3
Perlis,2008,female,other_noncitizen,3.7
Perlis,2008,male,overall,113.2
Perlis,2008,male,bumi_malay,95.7
Perlis,2008,male,bumi_other,0.5
Perlis,2008,male,chinese,10
Perlis,2008,male,indian,1.5
Perlis,2008,male,other_citizen,3
Perlis,2008,male,other_noncitizen,2.4
Perlis,2009,both,overall,233
Perlis,2009,both,bumi_malay,198.1
Perlis,2009,both,bumi_other,1
Perlis,2009,both,chinese,19
Perlis,2009,both,indian,2.9
Perlis,2009,both,other_citizen,5.5
Perlis,2009,both,other_noncitizen,6.4
Perlis,2009,female,overall,118.4
Perlis,2009,female,bumi_malay,100.9
Perlis,2009,female,bumi_other,0.4
Perlis,2009,female,chinese,9
Perlis,2009,female,indian,1.4
Perlis,2009,female,other_citizen,2.8
Perlis,2009,female,other_noncitizen,3.8
Perlis,2009,male,overall,114.5
Perlis,2009,male,bumi_malay,97.2
Perlis,2009,male,bumi_other,0.5
Perlis,2009,male,chinese,10
Perlis,2009,male,indian,1.5
Perlis,2009,male,other_citizen,2.8
Perlis,2009,male,other_noncitizen,2.6
Perlis,2010,both,overall,235.8
Perlis,2010,both,bumi_malay,201.7
Perlis,2010,both,bumi_other,1
Perlis,2010,both,chinese,18.8
Perlis,2010,both,indian,3
Perlis,2010,both,other_citizen,4.5
Perlis,2010,both,other_noncitizen,6.8
Perlis,2010,female,overall,119.9
Perlis,2010,female,bumi_malay,102.8
Perlis,2010,female,bumi_other,0.5
Perlis,2010,female,chinese,9
Perlis,2010,female,indian,1.4
Perlis,2010,female,other_citizen,2.2
Perlis,2010,female,other_noncitizen,4.1
Perlis,2010,male,overall,115.9
Perlis,2010,male,bumi_malay,98.9
Perlis,2010,male,bumi_other,0.6
Perlis,2010,male,chinese,9.9
Perlis,2010,male,indian,1.5
Perlis,2010,male,other_citizen,2.2
Perlis,2010,male,other_noncitizen,2.7
Perlis,2011,both,overall,237.3
Perlis,2011,both,bumi_malay,202.7
Perlis,2011,both,bumi_other,1.1
Perlis,2011,both,chinese,18.9
Perlis,2011,both,indian,3
Perlis,2011,both,other_citizen,4.6
Perlis,2011,both,other_noncitizen,7
Perlis,2011,female,overall,120
Perlis,2011,female,bumi_malay,102.5
Perlis,2011,female,bumi_other,0.5
Perlis,2011,female,chinese,9
Perlis,2011,female,indian,1.5
Perlis,2011,female,other_citizen,2.3
Perlis,2011,female,other_noncitizen,4.3
Perlis,2011,male,overall,117.4
Perlis,2011,male,bumi_malay,100.2
Perlis,2011,male,bumi_other,0.6
Perlis,2011,male,chinese,9.9
Perlis,2011,male,indian,1.6
Perlis,2011,male,other_citizen,2.3
Perlis,2011,male,other_noncitizen,2.8
Perlis,2012,both,overall,239.4
Perlis,2012,both,bumi_malay,204.4
Perlis,2012,both,bumi_other,1.1
Perlis,2012,both,chinese,18.9
Perlis,2012,both,indian,3
Perlis,2012,both,other_citizen,4.6
Perlis,2012,both,other_noncitizen,7.3
Perlis,2012,female,overall,120.6
Perlis,2012,female,bumi_malay,102.9
Perlis,2012,female,bumi_other,0.5
Perlis,2012,female,chinese,9
Perlis,2012,female,indian,1.5
Perlis,2012,female,other_citizen,2.3
Perlis,2012,female,other_noncitizen,4.4
Perlis,2012,male,overall,118.8
Perlis,2012,male,bumi_malay,101.5
Perlis,2012,male,bumi_other,0.6
Perlis,2012,male,chinese,9.9
Perlis,2012,male,indian,1.6
Perlis,2012,male,other_citizen,2.3
Perlis,2012,male,other_noncitizen,2.9
Perlis,2013,both,overall,242.1
Perlis,2013,both,bumi_malay,206.9
Perlis,2013,both,bumi_other,1.1
Perlis,2013,both,chinese,19.1
Perlis,2013,both,indian,3.1
Perlis,2013,both,other_citizen,4.7
Perlis,2013,both,other_noncitizen,7.3
Perlis,2013,female,overall,121.6
Perlis,2013,female,bumi_malay,103.9
Perlis,2013,female,bumi_other,0.5
Perlis,2013,female,chinese,9.1
Perlis,2013,female,indian,1.5
Perlis,2013,female,other_citizen,2.3
Perlis,2013,female,other_noncitizen,4.4
Perlis,2013,male,overall,120.5
Perlis,2013,male,bumi_malay,103
Perlis,2013,male,bumi_other,0.6
Perlis,2013,male,chinese,9.9
Perlis,2013,male,indian,1.6
Perlis,2013,male,other_citizen,2.4
Perlis,2013,male,other_noncitizen,2.9
Perlis,2014,both,overall,245.1
Perlis,2014,both,bumi_malay,208.6
Perlis,2014,both,bumi_other,1.1
Perlis,2014,both,chinese,19.1
Perlis,2014,both,indian,3.1
Perlis,2014,both,other_citizen,4.7
Perlis,2014,both,other_noncitizen,8.2
Perlis,2014,female,overall,123
Perlis,2014,female,bumi_malay,104.5
Perlis,2014,female,bumi_other,0.5
Perlis,2014,female,chinese,9.2
Perlis,2014,female,indian,1.5
Perlis,2014,female,other_citizen,2.4
Perlis,2014,female,other_noncitizen,4.9
Perlis,2014,male,overall,122.1
Perlis,2014,male,bumi_malay,104.1
Perlis,2014,male,bumi_other,0.6
Perlis,2014,male,chinese,9.9
Perlis,2014,male,indian,1.6
Perlis,2014,male,other_citizen,2.4
Perlis,2014,male,other_noncitizen,3.3
Perlis,2015,both,overall,248.5
Perlis,2015,both,bumi_malay,212
Perlis,2015,both,bumi_other,0.9
Perlis,2015,both,chinese,19.2
Perlis,2015,both,indian,3.1
Perlis,2015,both,other_citizen,4.8
Perlis,2015,both,other_noncitizen,8.5
Perlis,2015,female,overall,124.7
Perlis,2015,female,bumi_malay,106
Perlis,2015,female,bumi_other,0.4
Perlis,2015,female,chinese,9.2
Perlis,2015,female,indian,1.5
Perlis,2015,female,other_citizen,2.4
Perlis,2015,female,other_noncitizen,5
Perlis,2015,male,overall,123.8
Perlis,2015,male,bumi_malay,106
Perlis,2015,male,bumi_other,0.5
Perlis,2015,male,chinese,9.9
Perlis,2015,male,indian,1.6
Perlis,2015,male,other_citizen,2.4
Perlis,2015,male,other_noncitizen,3.4
Perlis,2016,both,overall,251
Perlis,2016,both,bumi_malay,214.3
Perlis,2016,both,bumi_other,0.9
Perlis,2016,both,chinese,19.2
Perlis,2016,both,indian,3.1
Perlis,2016,both,other_citizen,4.9
Perlis,2016,both,other_noncitizen,8.7
Perlis,2016,female,overall,125.7
Perlis,2016,female,bumi_malay,106.8
Perlis,2016,female,bumi_other,0.4
Perlis,2016,female,chinese,9.3
Perlis,2016,female,indian,1.5
Perlis,2016,female,other_citizen,2.4
Perlis,2016,female,other_noncitizen,5.2
Perlis,2016,male,overall,125.3
Perlis,2016,male,bumi_malay,107.5
Perlis,2016,male,bumi_other,0.5
Perlis,2016,male,chinese,9.9
Perlis,2016,male,indian,1.6
Perlis,2016,male,other_citizen,2.5
Perlis,2016,male,other_noncitizen,3.6
Perlis,2017,both,overall,252
Perlis,2017,both,bumi_malay,215.4
Perlis,2017,both,bumi_other,1
Perlis,2017,both,chinese,18.9
Perlis,2017,both,indian,3.1
Perlis,2017,both,other_citizen,4.8
Perlis,2017,both,other_noncitizen,8.9
Perlis,2017,female,overall,126.3
Perlis,2017,female,bumi_malay,107.6
Perlis,2017,female,bumi_other,0.5
Perlis,2017,female,chinese,9.2
Perlis,2017,female,indian,1.6
Perlis,2017,female,other_citizen,2.3
Perlis,2017,female,other_noncitizen,5.2
Perlis,2017,male,overall,125.7
Perlis,2017,male,bumi_malay,107.8
Perlis,2017,male,bumi_other,0.5
Perlis,2017,male,chinese,9.7
Perlis,2017,male,indian,1.6
Perlis,2017,male,other_citizen,2.5
Perlis,2017,male,other_noncitizen,3.6
Perlis,2018,both,overall,253.5
Perlis,2018,both,bumi_malay,217
Perlis,2018,both,bumi_other,1.1
Perlis,2018,both,chinese,18.9
Perlis,2018,both,indian,3.1
Perlis,2018,both,other_citizen,4.8
Perlis,2018,both,other_noncitizen,8.9
Perlis,2018,female,overall,127.2
Perlis,2018,female,bumi_malay,108.6
Perlis,2018,female,bumi_other,0.5
Perlis,2018,female,chinese,9.2
Perlis,2018,female,indian,1.6
Perlis,2018,female,other_citizen,2.3
Perlis,2018,female,other_noncitizen,5.3
Perlis,2018,male,overall,126.3
Perlis,2018,male,bumi_malay,108.4
Perlis,2018,male,bumi_other,0.6
Perlis,2018,male,chinese,9.7
Perlis,2018,male,indian,1.5
Perlis,2018,male,other_citizen,2.5
Perlis,2018,male,other_noncitizen,3.7
Perlis,2019,both,overall,254
Perlis,2019,both,bumi_malay,217.7
Perlis,2019,both,bumi_other,1.1
Perlis,2019,both,chinese,18.9
Perlis,2019,both,indian,3.1
Perlis,2019,both,other_citizen,4.9
Perlis,2019,both,other_noncitizen,8.1
Perlis,2019,female,overall,127.6
Perlis,2019,female,bumi_malay,108.9
Perlis,2019,female,bumi_other,0.4
Perlis,2019,female,chinese,9.2
Perlis,2019,female,indian,1.6
Perlis,2019,female,other_citizen,2.3
Perlis,2019,female,other_noncitizen,4.8
Perlis,2019,male,overall,126.5
Perlis,2019,male,bumi_malay,108.8
Perlis,2019,male,bumi_other,0.7
Perlis,2019,male,chinese,9.6
Perlis,2019,male,indian,1.5
Perlis,2019,male,other_citizen,2.6
Perlis,2019,male,other_noncitizen,3.3
Perlis,2020,both,overall,284.9
Perlis,2020,both,bumi_malay,245.4
Perlis,2020,both,bumi_other,1.9
Perlis,2020,both,chinese,20.5
Perlis,2020,both,indian,5.1
Perlis,2020,both,other_citizen,5.6
Perlis,2020,both,other_noncitizen,6.4
Perlis,2020,female,overall,142.5
Perlis,2020,female,bumi_malay,123.1
Perlis,2020,female,bumi_other,0.8
Perlis,2020,female,chinese,9.8
Perlis,2020,female,indian,2.5
Perlis,2020,female,other_citizen,2.9
Perlis,2020,female,other_noncitizen,3.4
Perlis,2020,male,overall,142.3
Perlis,2020,male,bumi_malay,122.3
Perlis,2020,male,bumi_other,1.1
Perlis,2020,male,chinese,10.7
Perlis,2020,male,indian,2.6
Perlis,2020,male,other_citizen,2.7
Perlis,2020,male,other_noncitizen,3
Perlis,2021,both,overall,287.6
Perlis,2021,both,bumi_malay,247.8
Perlis,2021,both,bumi_other,1.5
Perlis,2021,both,chinese,20.4
Perlis,2021,both,indian,5.1
Perlis,2021,both,other_citizen,5.7
Perlis,2021,both,other_noncitizen,7.3
Perlis,2021,female,overall,144
Perlis,2021,female,bumi_malay,124.3
Perlis,2021,female,bumi_other,0.6
Perlis,2021,female,chinese,9.8
Perlis,2021,female,indian,2.5
Perlis,2021,female,other_citizen,2.9
Perlis,2021,female,other_noncitizen,3.9
Perlis,2021,male,overall,143.6
Perlis,2021,male,bumi_malay,123.4
Perlis,2021,male,bumi_other,0.8
Perlis,2021,male,chinese,10.6
Perlis,2021,male,indian,2.6
Perlis,2021,male,other_citizen,2.7
Perlis,2021,male,other_noncitizen,3.4
Perlis,2022,both,overall,289.8
Perlis,2022,both,bumi_malay,249.4
Perlis,2022,both,bumi_other,1.5
Perlis,2022,both,chinese,20.2
Perlis,2022,both,indian,5.1
Perlis,2022,both,other_citizen,5.7
Perlis,2022,both,other_noncitizen,7.9
Perlis,2022,female,overall,145.2
Perlis,2022,female,bumi_malay,125.1
Perlis,2022,female,bumi_other,0.6
Perlis,2022,female,chinese,9.8
Perlis,2022,female,indian,2.5
Perlis,2022,female,other_citizen,2.9
Perlis,2022,female,other_noncitizen,4.2
Perlis,2022,male,overall,144.6
Perlis,2022,male,bumi_malay,124.2
Perlis,2022,male,bumi_other,0.9
Perlis,2022,male,chinese,10.5
Perlis,2022,male,indian,2.6
Perlis,2022,male,other_citizen,2.8
Perlis,2022,male,other_noncitizen,3.7
Perlis,2023,both,overall,293.1
Perlis,2023,both,bumi_malay,250.9
Perlis,2023,both,bumi_other,1.5
Perlis,2023,both,chinese,20.1
Perlis,2023,both,indian,5.1
Perlis,2023,both,other_citizen,5.7
Perlis,2023,both,other_noncitizen,9.8
Perlis,2023,female,overall,146.9
Perlis,2023,female,bumi_malay,125.9
Perlis,2023,female,bumi_other,0.6
Perlis,2023,female,chinese,9.7
Perlis,2023,female,indian,2.5
Perlis,2023,female,other_citizen,2.9
Perlis,2023,female,other_noncitizen,5.2
Perlis,2023,male,overall,146.2
Perlis,2023,male,bumi_malay,125
Perlis,2023,male,bumi_other,0.9
Perlis,2023,male,chinese,10.4
Perlis,2023,male,indian,2.6
Perlis,2023,male,other_citizen,2.8
Perlis,2023,male,other_noncitizen,4.6
Perlis,2024,both,overall,296.8
Perlis,2024,both,bumi_malay,252.5
Perlis,2024,both,bumi_other,1.5
Perlis,2024,both,chinese,20
Perlis,2024,both,indian,5.1
Perlis,2024,both,other_citizen,5.7
Perlis,2024,both,other_noncitizen,11.9
Perlis,2024,female,overall,148.8
Perlis,2024,female,bumi_malay,126.7
Perlis,2024,female,bumi_other,0.6
Perlis,2024,female,chinese,9.7
Perlis,2024,female,indian,2.5
Perlis,2024,female,other_citizen,3
Perlis,2024,female,other_noncitizen,6.4
Perlis,2024,male,overall,147.9
Perlis,2024,male,bumi_malay,125.8
Perlis,2024,male,bumi_other,0.9
Perlis,2024,male,chinese,10.3
Perlis,2024,male,indian,2.6
Perlis,2024,male,other_citizen,2.8
Perlis,2024,male,other_noncitizen,5.6
Perlis,2025,both,overall,297.8
Perlis,2025,both,bumi_malay,253.8
Perlis,2025,both,bumi_other,1.5
Perlis,2025,both,chinese,19.9
Perlis,2025,both,indian,5.1
Perlis,2025,both,other_citizen,5.8
Perlis,2025,both,other_noncitizen,11.7
Perlis,2025,female,overall,149.4
Perlis,2025,female,bumi_malay,127.4
Perlis,2025,female,bumi_other,0.7
Perlis,2025,female,chinese,9.7
Perlis,2025,female,indian,2.5
Perlis,2025,female,other_citizen,3
Perlis,2025,female,other_noncitizen,6.2
Perlis,2025,male,overall,148.3
Perlis,2025,male,bumi_malay,126.4
Perlis,2025,male,bumi_other,0.9
Perlis,2025,male,chinese,10.3
Perlis,2025,male,indian,2.6
Perlis,2025,male,other_citizen,2.8
Perlis,2025,male,other_noncitizen,5.5
Penang,2000,both,overall,1332.7
Penang,2000,both,bumi_malay,535
Penang,2000,both,bumi_other,3.9
Penang,2000,both,chinese,600.7
Penang,2000,both,indian,137.4
Penang,2000,both,other_citizen,5.6
Penang,2000,both,other_noncitizen,50.1
Penang,2000,female,overall,668.7
Penang,2000,female,bumi_malay,270
Penang,2000,female,bumi_other,2.2
Penang,2000,female,chinese,299.1
Penang,2000,female,indian,69.1
Penang,2000,female,other_citizen,2.9
Penang,2000,female,other_noncitizen,25.5
Penang,2000,male,overall,664
Penang,2000,male,bumi_malay,265
Penang,2000,male,bumi_other,1.7
Penang,2000,male,chinese,301.6
Penang,2000,male,indian,68.4
Penang,2000,male,other_citizen,2.7
Penang,2000,male,other_noncitizen,24.6
Penang,2001,both,overall,1361
Penang,2001,both,bumi_malay,545.8
Penang,2001,both,bumi_other,4.1
Penang,2001,both,chinese,610.1
Penang,2001,both,indian,139.9
Penang,2001,both,other_citizen,5.7
Penang,2001,both,other_noncitizen,55.4
Penang,2001,female,overall,682.4
Penang,2001,female,bumi_malay,275.4
Penang,2001,female,bumi_other,2.3
Penang,2001,female,chinese,303.7
Penang,2001,female,indian,70.4
Penang,2001,female,other_citizen,3
Penang,2001,female,other_noncitizen,27.6
Penang,2001,male,overall,678.6
Penang,2001,male,bumi_malay,270.4
Penang,2001,male,bumi_other,1.8
Penang,2001,male,chinese,306.4
Penang,2001,male,indian,69.5
Penang,2001,male,other_citizen,2.7
Penang,2001,male,other_noncitizen,27.7
Penang,2002,both,overall,1387.3
Penang,2002,both,bumi_malay,556.3
Penang,2002,both,bumi_other,4.3
Penang,2002,both,chinese,618.1
Penang,2002,both,indian,142.2
Penang,2002,both,other_citizen,5.7
Penang,2002,both,other_noncitizen,60.6
Penang,2002,female,overall,694.9
Penang,2002,female,bumi_malay,280.5
Penang,2002,female,bumi_other,2.4
Penang,2002,female,chinese,307.6
Penang,2002,female,indian,71.6
Penang,2002,female,other_citizen,3
Penang,2002,female,other_noncitizen,29.8
Penang,2002,male,overall,692.4
Penang,2002,male,bumi_malay,275.9
Penang,2002,male,bumi_other,2
Penang,2002,male,chinese,310.5
Penang,2002,male,indian,70.6
Penang,2002,male,other_citizen,2.7
Penang,2002,male,other_noncitizen,30.8
Penang,2003,both,overall,1412.2
Penang,2003,both,bumi_malay,566.1
Penang,2003,both,bumi_other,4.6
Penang,2003,both,chinese,625.7
Penang,2003,both,indian,144.3
Penang,2003,both,other_citizen,5.8
Penang,2003,both,other_noncitizen,65.8
Penang,2003,female,overall,706.8
Penang,2003,female,bumi_malay,285.3
Penang,2003,female,bumi_other,2.4
Penang,2003,female,chinese,311.3
Penang,2003,female,indian,72.8
Penang,2003,female,other_citizen,3
Penang,2003,female,other_noncitizen,31.9
Penang,2003,male,overall,705.4
Penang,2003,male,bumi_malay,280.8
Penang,2003,male,bumi_other,2.1
Penang,2003,male,chinese,314.4
Penang,2003,male,indian,71.5
Penang,2003,male,other_citizen,2.8
Penang,2003,male,other_noncitizen,33.8
Penang,2004,both,overall,1436.6
Penang,2004,both,bumi_malay,576
Penang,2004,both,bumi_other,4.8
Penang,2004,both,chinese,632.8
Penang,2004,both,indian,146.4
Penang,2004,both,other_citizen,5.8
Penang,2004,both,other_noncitizen,70.9
Penang,2004,female,overall,718.6
Penang,2004,female,bumi_malay,290.1
Penang,2004,female,bumi_other,2.5
Penang,2004,female,chinese,314.9
Penang,2004,female,indian,74
Penang,2004,female,other_citizen,3
Penang,2004,female,other_noncitizen,34.1
Penang,2004,male,overall,718
Penang,2004,male,bumi_malay,285.8
Penang,2004,male,bumi_other,2.2
Penang,2004,male,chinese,317.9
Penang,2004,male,indian,72.4
Penang,2004,male,other_citizen,2.8
Penang,2004,male,other_noncitizen,36.9
Penang,2005,both,overall,1460.4
Penang,2005,both,bumi_malay,585.7
Penang,2005,both,bumi_other,5
Penang,2005,both,chinese,639.7
Penang,2005,both,indian,148.3
Penang,2005,both,other_citizen,5.8
Penang,2005,both,other_noncitizen,76
Penang,2005,female,overall,729.9
Penang,2005,female,bumi_malay,294.8
Penang,2005,female,bumi_other,2.6
Penang,2005,female,chinese,318.3
Penang,2005,female,indian,75.1
Penang,2005,female,other_citizen,3
Penang,2005,female,other_noncitizen,36.1
Penang,2005,male,overall,730.5
Penang,2005,male,bumi_malay,290.9
Penang,2005,male,bumi_other,2.4
Penang,2005,male,chinese,321.4
Penang,2005,male,indian,73.3
Penang,2005,male,other_citizen,2.8
Penang,2005,male,other_noncitizen,39.9
Penang,2006,both,overall,1484.1
Penang,2006,both,bumi_malay,595.5
Penang,2006,both,bumi_other,5.2
Penang,2006,both,chinese,646.4
Penang,2006,both,indian,150.1
Penang,2006,both,other_citizen,5.8
Penang,2006,both,other_noncitizen,81.1
Penang,2006,female,overall,741.2
Penang,2006,female,bumi_malay,299.5
Penang,2006,female,bumi_other,2.7
Penang,2006,female,chinese,321.7
Penang,2006,female,indian,76
Penang,2006,female,other_citizen,3
Penang,2006,female,other_noncitizen,38.2
Penang,2006,male,overall,743
Penang,2006,male,bumi_malay,295.9
Penang,2006,male,bumi_other,2.5
Penang,2006,male,chinese,324.7
Penang,2006,male,indian,74.1
Penang,2006,male,other_citizen,2.8
Penang,2006,male,other_noncitizen,42.9
Penang,2007,both,overall,1507.8
Penang,2007,both,bumi_malay,605.6
Penang,2007,both,bumi_other,5.5
Penang,2007,both,chinese,652.9
Penang,2007,both,indian,151.8
Penang,2007,both,other_citizen,5.9
Penang,2007,both,other_noncitizen,86.1
Penang,2007,female,overall,752.5
Penang,2007,female,bumi_malay,304.5
Penang,2007,female,bumi_other,2.8
Penang,2007,female,chinese,324.9
Penang,2007,female,indian,77
Penang,2007,female,other_citizen,3.1
Penang,2007,female,other_noncitizen,40.3
Penang,2007,male,overall,755.3
Penang,2007,male,bumi_malay,301.2
Penang,2007,male,bumi_other,2.7
Penang,2007,male,chinese,328
Penang,2007,male,indian,74.8
Penang,2007,male,other_citizen,2.8
Penang,2007,male,other_noncitizen,45.9
Penang,2008,both,overall,1531.3
Penang,2008,both,bumi_malay,615.7
Penang,2008,both,bumi_other,5.8
Penang,2008,both,chinese,659.3
Penang,2008,both,indian,153.5
Penang,2008,both,other_citizen,5.9
Penang,2008,both,other_noncitizen,91.1
Penang,2008,female,overall,763.8
Penang,2008,female,bumi_malay,309.4
Penang,2008,female,bumi_other,2.9
Penang,2008,female,chinese,328.1
Penang,2008,female,indian,77.9
Penang,2008,female,other_citizen,3.1
Penang,2008,female,other_noncitizen,42.3
Penang,2008,male,overall,767.5
Penang,2008,male,bumi_malay,306.3
Penang,2008,male,bumi_other,2.9
Penang,2008,male,chinese,331.1
Penang,2008,male,indian,75.6
Penang,2008,male,other_citizen,2.8
Penang,2008,male,other_noncitizen,48.8
Penang,2009,both,overall,1554.3
Penang,2009,both,bumi_malay,625.8
Penang,2009,both,bumi_other,6
Penang,2009,both,chinese,665.3
Penang,2009,both,indian,155.2
Penang,2009,both,other_citizen,5.9
Penang,2009,both,other_noncitizen,96.1
Penang,2009,female,overall,774.7
Penang,2009,female,bumi_malay,314.2
Penang,2009,female,bumi_other,3
Penang,2009,female,chinese,331.1
Penang,2009,female,indian,78.9
Penang,2009,female,other_citizen,3.1
Penang,2009,female,other_noncitizen,44.3
Penang,2009,male,overall,779.6
Penang,2009,male,bumi_malay,311.5
Penang,2009,male,bumi_other,3
Penang,2009,male,chinese,334.1
Penang,2009,male,indian,76.3
Penang,2009,male,other_citizen,2.8
Penang,2009,male,other_noncitizen,51.8
Penang,2010,both,overall,1575.9
Penang,2010,both,bumi_malay,636.2
Penang,2010,both,bumi_other,6.3
Penang,2010,both,chinese,671.3
Penang,2010,both,indian,156.8
Penang,2010,both,other_citizen,4.4
Penang,2010,both,other_noncitizen,101
Penang,2010,female,overall,785.2
Penang,2010,female,bumi_malay,319.5
Penang,2010,female,bumi_other,3.1
Penang,2010,female,chinese,334.2
Penang,2010,female,indian,79.9
Penang,2010,female,other_citizen,2.3
Penang,2010,female,other_noncitizen,46.3
Penang,2010,male,overall,790.7
Penang,2010,male,bumi_malay,316.8
Penang,2010,male,bumi_other,3.2
Penang,2010,male,chinese,337.1
Penang,2010,male,indian,77
Penang,2010,male,other_citizen,2.1
Penang,2010,male,other_noncitizen,54.7
Penang,2011,both,overall,1601
Penang,2011,both,bumi_malay,648.7
Penang,2011,both,bumi_other,6.4
Penang,2011,both,chinese,674.9
Penang,2011,both,indian,159
Penang,2011,both,other_citizen,4.6
Penang,2011,both,other_noncitizen,107.3
Penang,2011,female,overall,798.4
Penang,2011,female,bumi_malay,326.3
Penang,2011,female,bumi_other,3.2
Penang,2011,female,chinese,336.3
Penang,2011,female,indian,81.1
Penang,2011,female,other_citizen,2.4
Penang,2011,female,other_noncitizen,49.1
Penang,2011,male,overall,802.5
Penang,2011,male,bumi_malay,322.4
Penang,2011,male,bumi_other,3.2
Penang,2011,male,chinese,338.6
Penang,2011,male,indian,77.9
Penang,2011,male,other_citizen,2.2
Penang,2011,male,other_noncitizen,58.2
Penang,2012,both,overall,1623.2
Penang,2012,both,bumi_malay,661.3
Penang,2012,both,bumi_other,6.6
Penang,2012,both,chinese,678.1
Penang,2012,both,indian,160.9
Penang,2012,both,other_citizen,4.8
Penang,2012,both,other_noncitizen,111.5
Penang,2012,female,overall,809.3
Penang,2012,female,bumi_malay,333
Penang,2012,female,bumi_other,3.2
Penang,2012,female,chinese,337.6
Penang,2012,female,indian,82.7
Penang,2012,female,other_citizen,2.4
Penang,2012,female,other_noncitizen,50.4
Penang,2012,male,overall,813.9
Penang,2012,male,bumi_malay,328.3
Penang,2012,male,bumi_other,3.4
Penang,2012,male,chinese,340.5
Penang,2012,male,indian,78.2
Penang,2012,male,other_citizen,2.4
Penang,2012,male,other_noncitizen,61.1
Penang,2013,both,overall,1662.6
Penang,2013,both,bumi_malay,674.2
Penang,2013,both,bumi_other,5.9
Penang,2013,both,chinese,681.3
Penang,2013,both,indian,161.5
Penang,2013,both,other_citizen,4.9
Penang,2013,both,other_noncitizen,134.5
Penang,2013,female,overall,827.1
Penang,2013,female,bumi_malay,337.7
Penang,2013,female,bumi_other,2.9
Penang,2013,female,chinese,338.6
Penang,2013,female,indian,83.3
Penang,2013,female,other_citizen,2.5
Penang,2013,female,other_noncitizen,62
Penang,2013,male,overall,835.5
Penang,2013,male,bumi_malay,336.5
Penang,2013,male,bumi_other,3
Penang,2013,male,chinese,342.7
Penang,2013,male,indian,78.2
Penang,2013,male,other_citizen,2.5
Penang,2013,male,other_noncitizen,72.5
Penang,2014,both,overall,1678.1
Penang,2014,both,bumi_malay,687.6
Penang,2014,both,bumi_other,5.2
Penang,2014,both,chinese,683.5
Penang,2014,both,indian,161.9
Penang,2014,both,other_citizen,5
Penang,2014,both,other_noncitizen,134.5
Penang,2014,female,overall,832.8
Penang,2014,female,bumi_malay,342.6
Penang,2014,female,bumi_other,2.5
Penang,2014,female,chinese,339.2
Penang,2014,female,indian,83.9
Penang,2014,female,other_citizen,2.5
Penang,2014,female,other_noncitizen,61.8
Penang,2014,male,overall,845.3
Penang,2014,male,bumi_malay,345
Penang,2014,male,bumi_other,2.7
Penang,2014,male,chinese,344.3
Penang,2014,male,indian,78
Penang,2014,male,other_citizen,2.5
Penang,2014,male,other_noncitizen,72.8
Penang,2015,both,overall,1698.1
Penang,2015,both,bumi_malay,697.3
Penang,2015,both,bumi_other,4.5
Penang,2015,both,chinese,685.8
Penang,2015,both,indian,164.3
Penang,2015,both,other_citizen,5.2
Penang,2015,both,other_noncitizen,141.2
Penang,2015,female,overall,842.9
Penang,2015,female,bumi_malay,347.5
Penang,2015,female,bumi_other,2.3
Penang,2015,female,chinese,340.6
Penang,2015,female,indian,85.3
Penang,2015,female,other_citizen,2.5
Penang,2015,female,other_noncitizen,64.7
Penang,2015,male,overall,855.2
Penang,2015,male,bumi_malay,349.8
Penang,2015,male,bumi_other,2.2
Penang,2015,male,chinese,345.2
Penang,2015,male,indian,79
Penang,2015,male,other_citizen,2.6
Penang,2015,male,other_noncitizen,76.5
Penang,2016,both,overall,1717.7
Penang,2016,both,bumi_malay,707.1
Penang,2016,both,bumi_other,4.6
Penang,2016,both,chinese,688.9
Penang,2016,both,indian,165.7
Penang,2016,both,other_citizen,5
Penang,2016,both,other_noncitizen,146.3
Penang,2016,female,overall,853
Penang,2016,female,bumi_malay,351.8
Penang,2016,female,bumi_other,2.3
Penang,2016,female,chinese,343.1
Penang,2016,female,indian,86.1
Penang,2016,female,other_citizen,2.5
Penang,2016,female,other_noncitizen,67.1
Penang,2016,male,overall,864.6
Penang,2016,male,bumi_malay,355.3
Penang,2016,male,bumi_other,2.3
Penang,2016,male,chinese,345.8
Penang,2016,male,indian,79.6
Penang,2016,male,other_citizen,2.5
Penang,2016,male,other_noncitizen,79.2
Penang,2017,both,overall,1744.1
Penang,2017,both,bumi_malay,723.3
Penang,2017,both,bumi_other,5
Penang,2017,both,chinese,694.2
Penang,2017,both,indian,166.1
Penang,2017,both,other_citizen,5
Penang,2017,both,other_noncitizen,150.3
Penang,2017,female,overall,867
Penang,2017,female,bumi_malay,360.7
Penang,2017,female,bumi_other,2.5
Penang,2017,female,chinese,345.8
Penang,2017,female,indian,86.5
Penang,2017,female,other_citizen,2.6
Penang,2017,female,other_noncitizen,68.9
Penang,2017,male,overall,877.1
Penang,2017,male,bumi_malay,362.6
Penang,2017,male,bumi_other,2.5
Penang,2017,male,chinese,348.4
Penang,2017,male,indian,79.6
Penang,2017,male,other_citizen,2.4
Penang,2017,male,other_noncitizen,81.4
Penang,2018,both,overall,1762.8
Penang,2018,both,bumi_malay,739.4
Penang,2018,both,bumi_other,5.3
Penang,2018,both,chinese,694.2
Penang,2018,both,indian,166.5
Penang,2018,both,other_citizen,5
Penang,2018,both,other_noncitizen,152.3
Penang,2018,female,overall,876.3
Penang,2018,female,bumi_malay,367.8
Penang,2018,female,bumi_other,2.8
Penang,2018,female,chinese,346.3
Penang,2018,female,indian,86.6
Penang,2018,female,other_citizen,2.6
Penang,2018,female,other_noncitizen,69.9
Penang,2018,male,overall,886.5
Penang,2018,male,bumi_malay,371.6
Penang,2018,male,bumi_other,2.5
Penang,2018,male,chinese,347.9
Penang,2018,male,indian,79.9
Penang,2018,male,other_citizen,2.4
Penang,2018,male,other_noncitizen,82.4
Penang,2019,both,overall,1768.8
Penang,2019,both,bumi_malay,753.9
Penang,2019,both,bumi_other,5.5
Penang,2019,both,chinese,694
Penang,2019,both,indian,166.8
Penang,2019,both,other_citizen,5.1
Penang,2019,both,other_noncitizen,143.4
Penang,2019,female,overall,879.7
Penang,2019,female,bumi_malay,374.7
Penang,2019,female,bumi_other,3.3
Penang,2019,female,chinese,346.6
Penang,2019,female,indian,86.6
Penang,2019,female,other_citizen,2.6
Penang,2019,female,other_noncitizen,65.8
Penang,2019,male,overall,889.1
Penang,2019,male,bumi_malay,379.2
Penang,2019,male,bumi_other,2.2
Penang,2019,male,chinese,347.3
Penang,2019,male,indian,80.2
Penang,2019,male,other_citizen,2.5
Penang,2019,male,other_noncitizen,77.6
Penang,2020,both,overall,1740.4
Penang,2020,both,bumi_malay,707.9
Penang,2020,both,bumi_other,8
Penang,2020,both,chinese,718.4
Penang,2020,both,indian,155.5
Penang,2020,both,other_citizen,10.1
Penang,2020,both,other_noncitizen,140.5
Penang,2020,female,overall,847.9
Penang,2020,female,bumi_malay,348.1
Penang,2020,female,bumi_other,4
Penang,2020,female,chinese,354.4
Penang,2020,female,indian,77
Penang,2020,female,other_citizen,5
Penang,2020,female,other_noncitizen,59.2
Penang,2020,male,overall,892.6
Penang,2020,male,bumi_malay,359.7
Penang,2020,male,bumi_other,4
Penang,2020,male,chinese,364
Penang,2020,male,indian,78.5
Penang,2020,male,other_citizen,5.1
Penang,2020,male,other_noncitizen,81.3
Penang,2021,both,overall,1740
Penang,2021,both,bumi_malay,715.3
Penang,2021,both,bumi_other,6.9
Penang,2021,both,chinese,718.2
Penang,2021,both,indian,155.5
Penang,2021,both,other_citizen,10.2
Penang,2021,both,other_noncitizen,133.8
Penang,2021,female,overall,848.6
Penang,2021,female,bumi_malay,352
Penang,2021,female,bumi_other,3.5
Penang,2021,female,chinese,354.5
Penang,2021,female,indian,77.2
Penang,2021,female,other_citizen,5.1
Penang,2021,female,other_noncitizen,56.4
Penang,2021,male,overall,891.4
Penang,2021,male,bumi_malay,363.4
Penang,2021,male,bumi_other,3.4
Penang,2021,male,chinese,363.7
Penang,2021,male,indian,78.4
Penang,2021,male,other_citizen,5.1
Penang,2021,male,other_noncitizen,77.4
Penang,2022,both,overall,1740.9
Penang,2022,both,bumi_malay,721.4
Penang,2022,both,bumi_other,7
Penang,2022,both,chinese,715.2
Penang,2022,both,indian,155.1
Penang,2022,both,other_citizen,10.2
Penang,2022,both,other_noncitizen,132
Penang,2022,female,overall,849.9
Penang,2022,female,bumi_malay,355.1
Penang,2022,female,bumi_other,3.5
Penang,2022,female,chinese,353.5
Penang,2022,female,indian,77.1
Penang,2022,female,other_citizen,5.1
Penang,2022,female,other_noncitizen,55.6
Penang,2022,male,overall,891
Penang,2022,male,bumi_malay,366.3
Penang,2022,male,bumi_other,3.5
Penang,2022,male,chinese,361.8
Penang,2022,male,indian,78
Penang,2022,male,other_citizen,5.1
Penang,2022,male,other_noncitizen,76.3
Penang,2023,both,overall,1772.6
Penang,2023,both,bumi_malay,728.8
Penang,2023,both,bumi_other,7.1
Penang,2023,both,chinese,713.2
Penang,2023,both,indian,155.1
Penang,2023,both,other_citizen,10.2
Penang,2023,both,other_noncitizen,158.2
Penang,2023,female,overall,864.2
Penang,2023,female,bumi_malay,358.8
Penang,2023,female,bumi_other,3.6
Penang,2023,female,chinese,352.8
Penang,2023,female,indian,77.3
Penang,2023,female,other_citizen,5.1
Penang,2023,female,other_noncitizen,66.7
Penang,2023,male,overall,908.4
Penang,2023,male,bumi_malay,370
Penang,2023,male,bumi_other,3.5
Penang,2023,male,chinese,360.4
Penang,2023,male,indian,77.8
Penang,2023,male,other_citizen,5.2
Penang,2023,male,other_noncitizen,91.5
Penang,2024,both,overall,1800.5
Penang,2024,both,bumi_malay,735.8
Penang,2024,both,bumi_other,7.2
Penang,2024,both,chinese,711.2
Penang,2024,both,indian,155
Penang,2024,both,other_citizen,10.3
Penang,2024,both,other_noncitizen,181
Penang,2024,female,overall,876.7
Penang,2024,female,bumi_malay,362.3
Penang,2024,female,bumi_other,3.6
Penang,2024,female,chinese,352
Penang,2024,female,indian,77.4
Penang,2024,female,other_citizen,5.1
Penang,2024,female,other_noncitizen,76.3
Penang,2024,male,overall,923.8
Penang,2024,male,bumi_malay,373.5
Penang,2024,male,bumi_other,3.6
Penang,2024,male,chinese,359.2
Penang,2024,male,indian,77.7
Penang,2024,male,other_citizen,5.2
Penang,2024,male,other_noncitizen,104.7
Penang,2025,both,overall,1803.3
Penang,2025,both,bumi_malay,741.6
Penang,2025,both,bumi_other,7.3
Penang,2025,both,chinese,709.2
Penang,2025,both,indian,154.9
Penang,2025,both,other_citizen,10.3
Penang,2025,both,other_noncitizen,179.9
Penang,2025,female,overall,878.6
Penang,2025,female,bumi_malay,365.3
Penang,2025,female,bumi_other,3.7
Penang,2025,female,chinese,351.4
Penang,2025,female,indian,77.4
Penang,2025,female,other_citizen,5.1
Penang,2025,female,other_noncitizen,75.8
Penang,2025,male,overall,924.7
Penang,2025,male,bumi_malay,376.3
Penang,2025,male,bumi_other,3.6
Penang,2025,male,chinese,357.9
Penang,2025,male,indian,77.5
Penang,2025,male,other_citizen,5.2
Penang,2025,male,other_noncitizen,104.1
Sabah,2000,both,overall,2603.5
Sabah,2000,both,bumi_malay,303.5
Sabah,2000,both,bumi_other,1110.9
Sabah,2000,both,chinese,479.9
Sabah,2000,both,indian,9.7
Sabah,2000,both,other_citizen,84.7
Sabah,2000,both,other_noncitizen,614.8
Sabah,2000,female,overall,1257.9
Sabah,2000,female,bumi_malay,147.1
Sabah,2000,female,bumi_other,541.4
Sabah,2000,female,chinese,241.1
Sabah,2000,female,indian,4.1
Sabah,2000,female,other_citizen,42.1
Sabah,2000,female,other_noncitizen,282.2
Sabah,2000,male,overall,1345.5
Sabah,2000,male,bumi_malay,156.4
Sabah,2000,male,bumi_other,569.6
Sabah,2000,male,chinese,238.9
Sabah,2000,male,indian,5.6
Sabah,2000,male,other_citizen,42.6
Sabah,2000,male,other_noncitizen,332.6
Sabah,2001,both,overall,2663.3
Sabah,2001,both,bumi_malay,296.1
Sabah,2001,both,bumi_other,1145.3
Sabah,2001,both,chinese,488.2
Sabah,2001,both,indian,9.7
Sabah,2001,both,other_citizen,86.4
Sabah,2001,both,other_noncitizen,637.6
Sabah,2001,female,overall,1285.1
Sabah,2001,female,bumi_malay,143.6
Sabah,2001,female,bumi_other,558.6
Sabah,2001,female,chinese,245
Sabah,2001,female,indian,4.1
Sabah,2001,female,other_citizen,42.9
Sabah,2001,female,other_noncitizen,291
Sabah,2001,male,overall,1378.2
Sabah,2001,male,bumi_malay,152.6
Sabah,2001,male,bumi_other,586.6
Sabah,2001,male,chinese,243.3
Sabah,2001,male,indian,5.6
Sabah,2001,male,other_citizen,43.5
Sabah,2001,male,other_noncitizen,346.6
Sabah,2002,both,overall,2719.1
Sabah,2002,both,bumi_malay,288.2
Sabah,2002,both,bumi_other,1178
Sabah,2002,both,chinese,496.1
Sabah,2002,both,indian,9.6
Sabah,2002,both,other_citizen,88.2
Sabah,2002,both,other_noncitizen,659
Sabah,2002,female,overall,1310.4
Sabah,2002,female,bumi_malay,139.7
Sabah,2002,female,bumi_other,575.3
Sabah,2002,female,chinese,248.5
Sabah,2002,female,indian,4.1
Sabah,2002,female,other_citizen,43.8
Sabah,2002,female,other_noncitizen,299
Sabah,2002,male,overall,1408.7
Sabah,2002,male,bumi_malay,148.5
Sabah,2002,male,bumi_other,602.7
Sabah,2002,male,chinese,247.7
Sabah,2002,male,indian,5.5
Sabah,2002,male,other_citizen,44.4
Sabah,2002,male,other_noncitizen,359.9
Sabah,2003,both,overall,2774
Sabah,2003,both,bumi_malay,279.3
Sabah,2003,both,bumi_other,1211.6
Sabah,2003,both,chinese,503.5
Sabah,2003,both,indian,9.6
Sabah,2003,both,other_citizen,89.8
Sabah,2003,both,other_noncitizen,680.3
Sabah,2003,female,overall,1335.3
Sabah,2003,female,bumi_malay,135.5
Sabah,2003,female,bumi_other,592.3
Sabah,2003,female,chinese,251.7
Sabah,2003,female,indian,4.1
Sabah,2003,female,other_citizen,44.7
Sabah,2003,female,other_noncitizen,307.1
Sabah,2003,male,overall,1438.7
Sabah,2003,male,bumi_malay,143.9
Sabah,2003,male,bumi_other,619.3
Sabah,2003,male,chinese,251.7
Sabah,2003,male,indian,5.5
Sabah,2003,male,other_citizen,45.2
Sabah,2003,male,other_noncitizen,373.1
Sabah,2004,both,overall,2833.4
Sabah,2004,both,bumi_malay,270.7
Sabah,2004,both,bumi_other,1247.4
Sabah,2004,both,chinese,511.1
Sabah,2004,both,indian,9.6
Sabah,2004,both,other_citizen,91.5
Sabah,2004,both,other_noncitizen,703.1
Sabah,2004,female,overall,1362.9
Sabah,2004,female,bumi_malay,131.4
Sabah,2004,female,bumi_other,610.5
Sabah,2004,female,chinese,255.3
Sabah,2004,female,indian,4.1
Sabah,2004,female,other_citizen,45.5
Sabah,2004,female,other_noncitizen,316
Sabah,2004,male,overall,1470.6
Sabah,2004,male,bumi_malay,139.3
Sabah,2004,male,bumi_other,637
Sabah,2004,male,chinese,255.8
Sabah,2004,male,indian,5.4
Sabah,2004,male,other_citizen,46
Sabah,2004,male,other_noncitizen,387.1
Sabah,2005,both,overall,2897
Sabah,2005,both,bumi_malay,262.6
Sabah,2005,both,bumi_other,1285.4
Sabah,2005,both,chinese,519.2
Sabah,2005,both,indian,9.5
Sabah,2005,both,other_citizen,93.2
Sabah,2005,both,other_noncitizen,727
Sabah,2005,female,overall,1392
Sabah,2005,female,bumi_malay,127.4
Sabah,2005,female,bumi_other,629.6
Sabah,2005,female,chinese,259.1
Sabah,2005,female,indian,4.2
Sabah,2005,female,other_citizen,46.4
Sabah,2005,female,other_noncitizen,325.4
Sabah,2005,male,overall,1505
Sabah,2005,male,bumi_malay,135.2
Sabah,2005,male,bumi_other,655.8
Sabah,2005,male,chinese,260.2
Sabah,2005,male,indian,5.4
Sabah,2005,male,other_citizen,46.8
Sabah,2005,male,other_noncitizen,401.6
Sabah,2006,both,overall,2962.9
Sabah,2006,both,bumi_malay,254.3
Sabah,2006,both,bumi_other,1325.1
Sabah,2006,both,chinese,527.9
Sabah,2006,both,indian,9.5
Sabah,2006,both,other_citizen,95
Sabah,2006,both,other_noncitizen,751.2
Sabah,2006,female,overall,1422.4
Sabah,2006,female,bumi_malay,123.4
Sabah,2006,female,bumi_other,649.6
Sabah,2006,female,chinese,263.1
Sabah,2006,female,indian,4.2
Sabah,2006,female,other_citizen,47.3
Sabah,2006,female,other_noncitizen,334.8
Sabah,2006,male,overall,1540.5
Sabah,2006,male,bumi_malay,130.9
Sabah,2006,male,bumi_other,675.5
Sabah,2006,male,chinese,264.8
Sabah,2006,male,indian,5.3
Sabah,2006,male,other_citizen,47.7
Sabah,2006,male,other_noncitizen,416.3
Sabah,2007,both,overall,3032.3
Sabah,2007,both,bumi_malay,246.3
Sabah,2007,both,bumi_other,1367
Sabah,2007,both,chinese,537
Sabah,2007,both,indian,9.5
Sabah,2007,both,other_citizen,96.7
Sabah,2007,both,other_noncitizen,775.8
Sabah,2007,female,overall,1454.5
Sabah,2007,female,bumi_malay,119.6
Sabah,2007,female,bumi_other,670.6
Sabah,2007,female,chinese,267.3
Sabah,2007,female,indian,4.2
Sabah,2007,female,other_citizen,48.2
Sabah,2007,female,other_noncitizen,344.6
Sabah,2007,male,overall,1577.8
Sabah,2007,male,bumi_malay,126.7
Sabah,2007,male,bumi_other,696.4
Sabah,2007,male,chinese,269.7
Sabah,2007,male,indian,5.3
Sabah,2007,male,other_citizen,48.6
Sabah,2007,male,other_noncitizen,431.2
Sabah,2008,both,overall,3105.1
Sabah,2008,both,bumi_malay,238.5
Sabah,2008,both,bumi_other,1411
Sabah,2008,both,chinese,546.8
Sabah,2008,both,indian,9.5
Sabah,2008,both,other_citizen,98.6
Sabah,2008,both,other_noncitizen,800.7
Sabah,2008,female,overall,1488.4
Sabah,2008,female,bumi_malay,115.9
Sabah,2008,female,bumi_other,692.8
Sabah,2008,female,chinese,271.9
Sabah,2008,female,indian,4.2
Sabah,2008,female,other_citizen,49.1
Sabah,2008,female,other_noncitizen,354.5
Sabah,2008,male,overall,1616.7
Sabah,2008,male,bumi_malay,122.7
Sabah,2008,male,bumi_other,718.2
Sabah,2008,male,chinese,274.9
Sabah,2008,male,indian,5.2
Sabah,2008,male,other_citizen,49.5
Sabah,2008,male,other_noncitizen,446.3
Sabah,2009,both,overall,3181.1
Sabah,2009,both,bumi_malay,231.1
Sabah,2009,both,bumi_other,1456.9
Sabah,2009,both,chinese,557.3
Sabah,2009,both,indian,9.5
Sabah,2009,both,other_citizen,100.5
Sabah,2009,both,other_noncitizen,826
Sabah,2009,female,overall,1523.9
Sabah,2009,female,bumi_malay,112.3
Sabah,2009,female,bumi_other,716
Sabah,2009,female,chinese,276.7
Sabah,2009,female,indian,4.3
Sabah,2009,female,other_citizen,50
Sabah,2009,female,other_noncitizen,364.5
Sabah,2009,male,overall,1657.3
Sabah,2009,male,bumi_malay,118.8
Sabah,2009,male,bumi_other,740.8
Sabah,2009,male,chinese,280.6
Sabah,2009,male,indian,5.2
Sabah,2009,male,other_citizen,50.5
Sabah,2009,male,other_noncitizen,461.5
Sabah,2010,both,overall,3260
Sabah,2010,both,bumi_malay,224
Sabah,2010,both,bumi_other,1776.5
Sabah,2010,both,chinese,295.7
Sabah,2010,both,indian,9.5
Sabah,2010,both,other_citizen,100.7
Sabah,2010,both,other_noncitizen,853.6
Sabah,2010,female,overall,1561
Sabah,2010,female,bumi_malay,109
Sabah,2010,female,bumi_other,880.3
Sabah,2010,female,chinese,142.4
Sabah,2010,female,indian,4.3
Sabah,2010,female,other_citizen,49.4
Sabah,2010,female,other_noncitizen,375.7
Sabah,2010,male,overall,1698.9
Sabah,2010,male,bumi_malay,115
Sabah,2010,male,bumi_other,896.1
Sabah,2010,male,chinese,153.3
Sabah,2010,male,indian,5.2
Sabah,2010,male,other_citizen,51.3
Sabah,2010,male,other_noncitizen,477.9
Sabah,2011,both,overall,3345.5
Sabah,2011,both,bumi_malay,232.3
Sabah,2011,both,bumi_other,1801.5
Sabah,2011,both,chinese,298.3
Sabah,2011,both,indian,10.4
Sabah,2011,both,other_citizen,104.3
Sabah,2011,both,other_noncitizen,898.8
Sabah,2011,female,overall,1599.6
Sabah,2011,female,bumi_malay,113
Sabah,2011,female,bumi_other,891.7
Sabah,2011,female,chinese,143.7
Sabah,2011,female,indian,4.7
Sabah,2011,female,other_citizen,51.1
Sabah,2011,female,other_noncitizen,395.5
Sabah,2011,male,overall,1745.8
Sabah,2011,male,bumi_malay,119.3
Sabah,2011,male,bumi_other,909.8
Sabah,2011,male,chinese,154.6
Sabah,2011,male,indian,5.7
Sabah,2011,male,other_citizen,53.2
Sabah,2011,male,other_noncitizen,503.3
Sabah,2012,both,overall,3432.7
Sabah,2012,both,bumi_malay,240.6
Sabah,2012,both,bumi_other,1830.6
Sabah,2012,both,chinese,299.9
Sabah,2012,both,indian,11.1
Sabah,2012,both,other_citizen,107
Sabah,2012,both,other_noncitizen,943.6
Sabah,2012,female,overall,1641.5
Sabah,2012,female,bumi_malay,117.2
Sabah,2012,female,bumi_other,907.1
Sabah,2012,female,chinese,144.5
Sabah,2012,female,indian,5.2
Sabah,2012,female,other_citizen,52.4
Sabah,2012,female,other_noncitizen,415.1
Sabah,2012,male,overall,1791.3
Sabah,2012,male,bumi_malay,123.4
Sabah,2012,male,bumi_other,923.6
Sabah,2012,male,chinese,155.4
Sabah,2012,male,indian,6
Sabah,2012,male,other_citizen,54.6
Sabah,2012,male,other_noncitizen,528.5
Sabah,2013,both,overall,3611.5
Sabah,2013,both,bumi_malay,252.1
Sabah,2013,both,bumi_other,1864.4
Sabah,2013,both,chinese,301.5
Sabah,2013,both,indian,12.2
Sabah,2013,both,other_citizen,110.2
Sabah,2013,both,other_noncitizen,1071.5
Sabah,2013,female,overall,1722.5
Sabah,2013,female,bumi_malay,123.6
Sabah,2013,female,bumi_other,924
Sabah,2013,female,chinese,145.1
Sabah,2013,female,indian,5.5
Sabah,2013,female,other_citizen,54.1
Sabah,2013,female,other_noncitizen,470.5
Sabah,2013,male,overall,1889
Sabah,2013,male,bumi_malay,128.5
Sabah,2013,male,bumi_other,940.4
Sabah,2013,male,chinese,156.4
Sabah,2013,male,indian,6.7
Sabah,2013,male,other_citizen,56.2
Sabah,2013,male,other_noncitizen,601
Sabah,2014,both,overall,3669.9
Sabah,2014,both,bumi_malay,262.5
Sabah,2014,both,bumi_other,1891.1
Sabah,2014,both,chinese,303.6
Sabah,2014,both,indian,12.2
Sabah,2014,both,other_citizen,114.1
Sabah,2014,both,other_noncitizen,1086.1
Sabah,2014,female,overall,1748.2
Sabah,2014,female,bumi_malay,129.4
Sabah,2014,female,bumi_other,937.7
Sabah,2014,female,chinese,146.4
Sabah,2014,female,indian,5.5
Sabah,2014,female,other_citizen,55.7
Sabah,2014,female,other_noncitizen,473
Sabah,2014,male,overall,1921.8
Sabah,2014,male,bumi_malay,133.1
Sabah,2014,male,bumi_other,953.4
Sabah,2014,male,chinese,157.2
Sabah,2014,male,indian,6.7
Sabah,2014,male,other_citizen,58.3
Sabah,2014,male,other_noncitizen,613.1
Sabah,2015,both,overall,3720.5
Sabah,2015,both,bumi_malay,273.3
Sabah,2015,both,bumi_other,1921.3
Sabah,2015,both,chinese,303.5
Sabah,2015,both,indian,12.2
Sabah,2015,both,other_citizen,116.4
Sabah,2015,both,other_noncitizen,1094
Sabah,2015,female,overall,1778.2
Sabah,2015,female,bumi_malay,135.6
Sabah,2015,female,bumi_other,952.8
Sabah,2015,female,chinese,146.6
Sabah,2015,female,indian,5.5
Sabah,2015,female,other_citizen,56.9
Sabah,2015,female,other_noncitizen,481
Sabah,2015,male,overall,1942.3
Sabah,2015,male,bumi_malay,137.7
Sabah,2015,male,bumi_other,968.5
Sabah,2015,male,chinese,156.9
Sabah,2015,male,indian,6.7
Sabah,2015,male,other_citizen,59.5
Sabah,2015,male,other_noncitizen,612.9
Sabah,2016,both,overall,3802.8
Sabah,2016,both,bumi_malay,281.5
Sabah,2016,both,bumi_other,1951.3
Sabah,2016,both,chinese,307
Sabah,2016,both,indian,12.3
Sabah,2016,both,other_citizen,121.4
Sabah,2016,both,other_noncitizen,1129.2
Sabah,2016,female,overall,1816.2
Sabah,2016,female,bumi_malay,139.9
Sabah,2016,female,bumi_other,966.5
Sabah,2016,female,chinese,148.5
Sabah,2016,female,indian,5.6
Sabah,2016,female,other_citizen,59.2
Sabah,2016,female,other_noncitizen,496.6
Sabah,2016,male,overall,1986.6
Sabah,2016,male,bumi_malay,141.6
Sabah,2016,male,bumi_other,984.8
Sabah,2016,male,chinese,158.5
Sabah,2016,male,indian,6.8
Sabah,2016,male,other_citizen,62.2
Sabah,2016,male,other_noncitizen,632.6
Sabah,2017,both,overall,3855.9
Sabah,2017,both,bumi_malay,288.3
Sabah,2017,both,bumi_other,1976.7
Sabah,2017,both,chinese,307
Sabah,2017,both,indian,13.1
Sabah,2017,both,other_citizen,123
Sabah,2017,both,other_noncitizen,1148
Sabah,2017,female,overall,1842.1
Sabah,2017,female,bumi_malay,143.6
Sabah,2017,female,bumi_other,979.6
Sabah,2017,female,chinese,148.5
Sabah,2017,female,indian,5.9
Sabah,2017,female,other_citizen,59.7
Sabah,2017,female,other_noncitizen,504.9
Sabah,2017,male,overall,2013.8
Sabah,2017,male,bumi_malay,144.7
Sabah,2017,male,bumi_other,997.1
Sabah,2017,male,chinese,158.5
Sabah,2017,male,indian,7.2
Sabah,2017,male,other_citizen,63.4
Sabah,2017,male,other_noncitizen,643.2
Sabah,2018,both,overall,3898.4
Sabah,2018,both,bumi_malay,295.3
Sabah,2018,both,bumi_other,1999.3
Sabah,2018,both,chinese,306.9
Sabah,2018,both,indian,13.2
Sabah,2018,both,other_citizen,125.1
Sabah,2018,both,other_noncitizen,1158.7
Sabah,2018,female,overall,1862.8
Sabah,2018,female,bumi_malay,146.8
Sabah,2018,female,bumi_other,991.2
Sabah,2018,female,chinese,148.7
Sabah,2018,female,indian,6
Sabah,2018,female,other_citizen,60.7
Sabah,2018,female,other_noncitizen,509.6
Sabah,2018,male,overall,2035.6
Sabah,2018,male,bumi_malay,148.5
Sabah,2018,male,bumi_other,1008.1
Sabah,2018,male,chinese,158.2
Sabah,2018,male,indian,7.2
Sabah,2018,male,other_citizen,64.4
Sabah,2018,male,other_noncitizen,649.1
Sabah,2019,both,overall,3904.4
Sabah,2019,both,bumi_malay,302.7
Sabah,2019,both,bumi_other,2026.6
Sabah,2019,both,chinese,307.2
Sabah,2019,both,indian,13.3
Sabah,2019,both,other_citizen,127.2
Sabah,2019,both,other_noncitizen,1127.1
Sabah,2019,female,overall,1867.2
Sabah,2019,female,bumi_malay,149.9
Sabah,2019,female,bumi_other,1004.6
Sabah,2019,female,chinese,148.9
Sabah,2019,female,indian,6
Sabah,2019,female,other_citizen,61.7
Sabah,2019,female,other_noncitizen,495.7
Sabah,2019,male,overall,2037.2
Sabah,2019,male,bumi_malay,152.8
Sabah,2019,male,bumi_other,1022
Sabah,2019,male,chinese,158.2
Sabah,2019,male,indian,7.2
Sabah,2019,male,other_citizen,65.5
Sabah,2019,male,other_noncitizen,631.4
Sabah,2020,both,overall,3418.8
Sabah,2020,both,bumi_malay,236.9
Sabah,2020,both,bumi_other,2076.5
Sabah,2020,both,chinese,248.9
Sabah,2020,both,indian,6
Sabah,2020,both,other_citizen,40
Sabah,2020,both,other_noncitizen,810.4
Sabah,2020,female,overall,1639
Sabah,2020,female,bumi_malay,103
Sabah,2020,female,bumi_other,1030.9
Sabah,2020,female,chinese,117.3
Sabah,2020,female,indian,2.6
Sabah,2020,female,other_citizen,19.6
Sabah,2020,female,other_noncitizen,365.7
Sabah,2020,male,overall,1779.8
Sabah,2020,male,bumi_malay,134
Sabah,2020,male,bumi_other,1045.7
Sabah,2020,male,chinese,131.7
Sabah,2020,male,indian,3.4
Sabah,2020,male,other_citizen,20.4
Sabah,2020,male,other_noncitizen,444.7
Sabah,2021,both,overall,3412.6
Sabah,2021,both,bumi_malay,312.2
Sabah,2021,both,bumi_other,2025.7
Sabah,2021,both,chinese,248
Sabah,2021,both,indian,5.9
Sabah,2021,both,other_citizen,41.4
Sabah,2021,both,other_noncitizen,779.5
Sabah,2021,female,overall,1633.1
Sabah,2021,female,bumi_malay,136.1
Sabah,2021,female,bumi_other,1005.4
Sabah,2021,female,chinese,117
Sabah,2021,female,indian,2.6
Sabah,2021,female,other_citizen,20.3
Sabah,2021,female,other_noncitizen,351.7
Sabah,2021,male,overall,1779.5
Sabah,2021,male,bumi_malay,176.1
Sabah,2021,male,bumi_other,1020.2
Sabah,2021,male,chinese,130.9
Sabah,2021,male,indian,3.3
Sabah,2021,male,other_citizen,21.1
Sabah,2021,male,other_noncitizen,427.7
Sabah,2022,both,overall,3414.9
Sabah,2022,both,bumi_malay,316.1
Sabah,2022,both,bumi_other,2040.4
Sabah,2022,both,chinese,246.1
Sabah,2022,both,indian,5.9
Sabah,2022,both,other_citizen,42.3
Sabah,2022,both,other_noncitizen,764.2
Sabah,2022,female,overall,1635.9
Sabah,2022,female,bumi_malay,138.3
Sabah,2022,female,bumi_other,1013.1
Sabah,2022,female,chinese,116.4
Sabah,2022,female,indian,2.6
Sabah,2022,female,other_citizen,20.7
Sabah,2022,female,other_noncitizen,344.8
Sabah,2022,male,overall,1779.1
Sabah,2022,male,bumi_malay,177.8
Sabah,2022,male,bumi_other,1027.2
Sabah,2022,male,chinese,129.8
Sabah,2022,male,indian,3.3
Sabah,2022,male,other_citizen,21.6
Sabah,2022,male,other_noncitizen,419.3
Sabah,2023,both,overall,3596.7
Sabah,2023,both,bumi_malay,321.7
Sabah,2023,both,bumi_other,2059.7
Sabah,2023,both,chinese,244.8
Sabah,2023,both,indian,5.9
Sabah,2023,both,other_citizen,43.6
Sabah,2023,both,other_noncitizen,921.1
Sabah,2023,female,overall,1719.9
Sabah,2023,female,bumi_malay,141.1
Sabah,2023,female,bumi_other,1023.2
Sabah,2023,female,chinese,115.9
Sabah,2023,female,indian,2.6
Sabah,2023,female,other_citizen,21.4
Sabah,2023,female,other_noncitizen,415.6
Sabah,2023,male,overall,1876.9
Sabah,2023,male,bumi_malay,180.5
Sabah,2023,male,bumi_other,1036.5
Sabah,2023,male,chinese,128.9
Sabah,2023,male,indian,3.3
Sabah,2023,male,other_citizen,22.2
Sabah,2023,male,other_noncitizen,505.4
Sabah,2024,both,overall,3742
Sabah,2024,both,bumi_malay,326.6
Sabah,2024,both,bumi_other,2077.6
Sabah,2024,both,chinese,243.5
Sabah,2024,both,indian,5.9
Sabah,2024,both,other_citizen,44.8
Sabah,2024,both,other_noncitizen,1043.6
Sabah,2024,female,overall,1786.9
Sabah,2024,female,bumi_malay,143.7
Sabah,2024,female,bumi_other,1032.2
Sabah,2024,female,chinese,115.5
Sabah,2024,female,indian,2.6
Sabah,2024,female,other_citizen,21.9
Sabah,2024,female,other_noncitizen,470.9
Sabah,2024,male,overall,1955
Sabah,2024,male,bumi_malay,182.9
Sabah,2024,male,bumi_other,1045.4
Sabah,2024,male,chinese,128
Sabah,2024,male,indian,3.3
Sabah,2024,male,other_citizen,22.8
Sabah,2024,male,other_noncitizen,572.7
Sabah,2025,both,overall,3759.6
Sabah,2025,both,bumi_malay,331.1
Sabah,2025,both,bumi_other,2094.3
Sabah,2025,both,chinese,242.1
Sabah,2025,both,indian,5.9
Sabah,2025,both,other_citizen,46
Sabah,2025,both,other_noncitizen,1040.2
Sabah,2025,female,overall,1796.7
Sabah,2025,female,bumi_malay,146.2
Sabah,2025,female,bumi_other,1040.9
Sabah,2025,female,chinese,115.1
Sabah,2025,female,indian,2.7
Sabah,2025,female,other_citizen,22.5
Sabah,2025,female,other_noncitizen,469.4
Sabah,2025,male,overall,1962.9
Sabah,2025,male,bumi_malay,185
Sabah,2025,male,bumi_other,1053.4
Sabah,2025,male,chinese,127.1
Sabah,2025,male,indian,3.3
Sabah,2025,male,other_citizen,23.4
Sabah,2025,male,other_noncitizen,570.8
Sarawak,2000,both,overall,2071.5
Sarawak,2000,both,bumi_malay,462.3
Sarawak,2000,both,bumi_other,663
Sarawak,2000,both,chinese,603.7
Sarawak,2000,both,indian,166.8
Sarawak,2000,both,other_citizen,113
Sarawak,2000,both,other_noncitizen,62.7
Sarawak,2000,female,overall,1018.4
Sarawak,2000,female,bumi_malay,228
Sarawak,2000,female,bumi_other,322.7
Sarawak,2000,female,chinese,301.3
Sarawak,2000,female,indian,83
Sarawak,2000,female,other_citizen,56.3
Sarawak,2000,female,other_noncitizen,27.1
Sarawak,2000,male,overall,1053.1
Sarawak,2000,male,bumi_malay,234.2
Sarawak,2000,male,bumi_other,340.3
Sarawak,2000,male,chinese,302.5
Sarawak,2000,male,indian,83.8
Sarawak,2000,male,other_citizen,56.7
Sarawak,2000,male,other_noncitizen,35.6
Sarawak,2001,both,overall,2115.6
Sarawak,2001,both,bumi_malay,472.6
Sarawak,2001,both,bumi_other,675.2
Sarawak,2001,both,chinese,614.4
Sarawak,2001,both,indian,170.5
Sarawak,2001,both,other_citizen,114.1
Sarawak,2001,both,other_noncitizen,68.9
Sarawak,2001,female,overall,1037.2
Sarawak,2001,female,bumi_malay,233
Sarawak,2001,female,bumi_other,328.6
Sarawak,2001,female,chinese,306.2
Sarawak,2001,female,indian,84.7
Sarawak,2001,female,other_citizen,56.8
Sarawak,2001,female,other_noncitizen,28.2
Sarawak,2001,male,overall,1078.4
Sarawak,2001,male,bumi_malay,239.7
Sarawak,2001,male,bumi_other,346.7
Sarawak,2001,male,chinese,308.2
Sarawak,2001,male,indian,85.8
Sarawak,2001,male,other_citizen,57.3
Sarawak,2001,male,other_noncitizen,40.7
Sarawak,2002,both,overall,2158.3
Sarawak,2002,both,bumi_malay,483.2
Sarawak,2002,both,bumi_other,685.8
Sarawak,2002,both,chinese,625.2
Sarawak,2002,both,indian,174
Sarawak,2002,both,other_citizen,115.2
Sarawak,2002,both,other_noncitizen,75
Sarawak,2002,female,overall,1055.4
Sarawak,2002,female,bumi_malay,238
Sarawak,2002,female,bumi_other,333.4
Sarawak,2002,female,chinese,311.5
Sarawak,2002,female,indian,86.2
Sarawak,2002,female,other_citizen,57.2
Sarawak,2002,female,other_noncitizen,29.2
Sarawak,2002,male,overall,1102.8
Sarawak,2002,male,bumi_malay,245.2
Sarawak,2002,male,bumi_other,352.3
Sarawak,2002,male,chinese,313.7
Sarawak,2002,male,indian,87.8
Sarawak,2002,male,other_citizen,58
Sarawak,2002,male,other_noncitizen,45.8
Sarawak,2003,both,overall,2199
Sarawak,2003,both,bumi_malay,493
Sarawak,2003,both,bumi_other,695.1
Sarawak,2003,both,chinese,635.9
Sarawak,2003,both,indian,177.2
Sarawak,2003,both,other_citizen,116.6
Sarawak,2003,both,other_noncitizen,81.2
Sarawak,2003,female,overall,1072.7
Sarawak,2003,female,bumi_malay,242.8
Sarawak,2003,female,bumi_other,337.8
Sarawak,2003,female,chinese,316.5
Sarawak,2003,female,indian,87.7
Sarawak,2003,female,other_citizen,57.7
Sarawak,2003,female,other_noncitizen,30.3
Sarawak,2003,male,overall,1126.3
Sarawak,2003,male,bumi_malay,250.2
Sarawak,2003,male,bumi_other,357.3
Sarawak,2003,male,chinese,319.4
Sarawak,2003,male,indian,89.5
Sarawak,2003,male,other_citizen,58.9
Sarawak,2003,male,other_noncitizen,50.9
Sarawak,2004,both,overall,2240.4
Sarawak,2004,both,bumi_malay,503.2
Sarawak,2004,both,bumi_other,704.1
Sarawak,2004,both,chinese,647.1
Sarawak,2004,both,indian,180.5
Sarawak,2004,both,other_citizen,118
Sarawak,2004,both,other_noncitizen,87.4
Sarawak,2004,female,overall,1091.1
Sarawak,2004,female,bumi_malay,247.9
Sarawak,2004,female,bumi_other,342
Sarawak,2004,female,chinese,322.3
Sarawak,2004,female,indian,89.2
Sarawak,2004,female,other_citizen,58.3
Sarawak,2004,female,other_noncitizen,31.3
Sarawak,2004,male,overall,1149.3
Sarawak,2004,male,bumi_malay,255.3
Sarawak,2004,male,bumi_other,362.1
Sarawak,2004,male,chinese,324.9
Sarawak,2004,male,indian,91.3
Sarawak,2004,male,other_citizen,59.6
Sarawak,2004,male,other_noncitizen,56.1
Sarawak,2005,both,overall,2282.4
Sarawak,2005,both,bumi_malay,513.9
Sarawak,2005,both,bumi_other,713.2
Sarawak,2005,both,chinese,658.6
Sarawak,2005,both,indian,183.7
Sarawak,2005,both,other_citizen,119.2
Sarawak,2005,both,other_noncitizen,93.6
Sarawak,2005,female,overall,1109.3
Sarawak,2005,female,bumi_malay,253.3
Sarawak,2005,female,bumi_other,346.2
Sarawak,2005,female,chinese,327.7
Sarawak,2005,female,indian,90.8
Sarawak,2005,female,other_citizen,58.9
Sarawak,2005,female,other_noncitizen,32.4
Sarawak,2005,male,overall,1173.1
Sarawak,2005,male,bumi_malay,260.6
Sarawak,2005,male,bumi_other,367
Sarawak,2005,male,chinese,330.9
Sarawak,2005,male,indian,93
Sarawak,2005,male,other_citizen,60.4
Sarawak,2005,male,other_noncitizen,61.2
Sarawak,2006,both,overall,2324.9
Sarawak,2006,both,bumi_malay,524.9
Sarawak,2006,both,bumi_other,722.7
Sarawak,2006,both,chinese,670.3
Sarawak,2006,both,indian,187
Sarawak,2006,both,other_citizen,120.5
Sarawak,2006,both,other_noncitizen,99.6
Sarawak,2006,female,overall,1127.9
Sarawak,2006,female,bumi_malay,258.9
Sarawak,2006,female,bumi_other,350.6
Sarawak,2006,female,chinese,333.4
Sarawak,2006,female,indian,92.3
Sarawak,2006,female,other_citizen,59.4
Sarawak,2006,female,other_noncitizen,33.3
Sarawak,2006,male,overall,1197
Sarawak,2006,male,bumi_malay,266
Sarawak,2006,male,bumi_other,372
Sarawak,2006,male,chinese,336.9
Sarawak,2006,male,indian,94.7
Sarawak,2006,male,other_citizen,61.1
Sarawak,2006,male,other_noncitizen,66.3
Sarawak,2007,both,overall,2366.1
Sarawak,2007,both,bumi_malay,536.1
Sarawak,2007,both,bumi_other,731.8
Sarawak,2007,both,chinese,680.8
Sarawak,2007,both,indian,190.2
Sarawak,2007,both,other_citizen,121.7
Sarawak,2007,both,other_noncitizen,105.4
Sarawak,2007,female,overall,1145.9
Sarawak,2007,female,bumi_malay,264.6
Sarawak,2007,female,bumi_other,354.9
Sarawak,2007,female,chinese,338.5
Sarawak,2007,female,indian,93.8
Sarawak,2007,female,other_citizen,59.9
Sarawak,2007,female,other_noncitizen,34.2
Sarawak,2007,male,overall,1220.2
Sarawak,2007,male,bumi_malay,271.6
Sarawak,2007,male,bumi_other,376.9
Sarawak,2007,male,chinese,342.3
Sarawak,2007,male,indian,96.4
Sarawak,2007,male,other_citizen,61.8
Sarawak,2007,male,other_noncitizen,71.2
Sarawak,2008,both,overall,2408.4
Sarawak,2008,both,bumi_malay,547.3
Sarawak,2008,both,bumi_other,741
Sarawak,2008,both,chinese,692.8
Sarawak,2008,both,indian,193.3
Sarawak,2008,both,other_citizen,123
Sarawak,2008,both,other_noncitizen,111.1
Sarawak,2008,female,overall,1164.5
Sarawak,2008,female,bumi_malay,270.3
Sarawak,2008,female,bumi_other,359.1
Sarawak,2008,female,chinese,344.4
Sarawak,2008,female,indian,95.3
Sarawak,2008,female,other_citizen,60.5
Sarawak,2008,female,other_noncitizen,35
Sarawak,2008,male,overall,1243.9
Sarawak,2008,male,bumi_malay,277
Sarawak,2008,male,bumi_other,382
Sarawak,2008,male,chinese,348.4
Sarawak,2008,male,indian,98
Sarawak,2008,male,other_citizen,62.5
Sarawak,2008,male,other_noncitizen,76
Sarawak,2009,both,overall,2450.8
Sarawak,2009,both,bumi_malay,558.2
Sarawak,2009,both,bumi_other,749.8
Sarawak,2009,both,chinese,705.9
Sarawak,2009,both,indian,196.2
Sarawak,2009,both,other_citizen,124.2
Sarawak,2009,both,other_noncitizen,116.6
Sarawak,2009,female,overall,1183.6
Sarawak,2009,female,bumi_malay,275.8
Sarawak,2009,female,bumi_other,363.1
Sarawak,2009,female,chinese,351.3
Sarawak,2009,female,indian,96.7
Sarawak,2009,female,other_citizen,60.9
Sarawak,2009,female,other_noncitizen,35.8
Sarawak,2009,male,overall,1267.2
Sarawak,2009,male,bumi_malay,282.4
Sarawak,2009,male,bumi_other,386.6
Sarawak,2009,male,chinese,354.6
Sarawak,2009,male,indian,99.5
Sarawak,2009,male,other_citizen,63.3
Sarawak,2009,male,other_noncitizen,80.8
Sarawak,2010,both,overall,2487.1
Sarawak,2010,both,bumi_malay,568.8
Sarawak,2010,both,bumi_other,1198.1
Sarawak,2010,both,chinese,584.1
Sarawak,2010,both,indian,7.4
Sarawak,2010,both,other_citizen,6.8
Sarawak,2010,both,other_noncitizen,121.9
Sarawak,2010,female,overall,1199.2
Sarawak,2010,female,bumi_malay,281.1
Sarawak,2010,female,bumi_other,592.5
Sarawak,2010,female,chinese,282.5
Sarawak,2010,female,indian,3.5
Sarawak,2010,female,other_citizen,3.3
Sarawak,2010,female,other_noncitizen,36.4
Sarawak,2010,male,overall,1287.8
Sarawak,2010,male,bumi_malay,287.7
Sarawak,2010,male,bumi_other,605.7
Sarawak,2010,male,chinese,301.6
Sarawak,2010,male,indian,3.9
Sarawak,2010,male,other_citizen,3.5
Sarawak,2010,male,other_noncitizen,85.4
Sarawak,2011,both,overall,2527.9
Sarawak,2011,both,bumi_malay,578.4
Sarawak,2011,both,bumi_other,1217
Sarawak,2011,both,chinese,589.3
Sarawak,2011,both,indian,7.2
Sarawak,2011,both,other_citizen,7
Sarawak,2011,both,other_noncitizen,128.9
Sarawak,2011,female,overall,1219.2
Sarawak,2011,female,bumi_malay,285.8
Sarawak,2011,female,bumi_other,603.3
Sarawak,2011,female,chinese,284.9
Sarawak,2011,female,indian,3.2
Sarawak,2011,female,other_citizen,3.4
Sarawak,2011,female,other_noncitizen,38.6
Sarawak,2011,male,overall,1308.7
Sarawak,2011,male,bumi_malay,292.6
Sarawak,2011,male,bumi_other,613.8
Sarawak,2011,male,chinese,304.4
Sarawak,2011,male,indian,4
Sarawak,2011,male,other_citizen,3.6
Sarawak,2011,male,other_noncitizen,90.3
Sarawak,2012,both,overall,2569.7
Sarawak,2012,both,bumi_malay,590.3
Sarawak,2012,both,bumi_other,1235.7
Sarawak,2012,both,chinese,595.9
Sarawak,2012,both,indian,7.2
Sarawak,2012,both,other_citizen,7.1
Sarawak,2012,both,other_noncitizen,133.4
Sarawak,2012,female,overall,1238.6
Sarawak,2012,female,bumi_malay,292.1
Sarawak,2012,female,bumi_other,611.1
Sarawak,2012,female,chinese,288.2
Sarawak,2012,female,indian,3.2
Sarawak,2012,female,other_citizen,3.5
Sarawak,2012,female,other_noncitizen,40.5
Sarawak,2012,male,overall,1331.1
Sarawak,2012,male,bumi_malay,298.1
Sarawak,2012,male,bumi_other,624.7
Sarawak,2012,male,chinese,307.7
Sarawak,2012,male,indian,4
Sarawak,2012,male,other_citizen,3.7
Sarawak,2012,male,other_noncitizen,92.9
Sarawak,2013,both,overall,2642.5
Sarawak,2013,both,bumi_malay,598.9
Sarawak,2013,both,bumi_other,1252.6
Sarawak,2013,both,chinese,602.4
Sarawak,2013,both,indian,7.3
Sarawak,2013,both,other_citizen,7.3
Sarawak,2013,both,other_noncitizen,173.7
Sarawak,2013,female,overall,1264.6
Sarawak,2013,female,bumi_malay,294.9
Sarawak,2013,female,bumi_other,619
Sarawak,2013,female,chinese,291.3
Sarawak,2013,female,indian,3.6
Sarawak,2013,female,other_citizen,3.6
Sarawak,2013,female,other_noncitizen,52.4
Sarawak,2013,male,overall,1377.9
Sarawak,2013,male,bumi_malay,304
Sarawak,2013,male,bumi_other,633.6
Sarawak,2013,male,chinese,311.1
Sarawak,2013,male,indian,4
Sarawak,2013,male,other_citizen,3.7
Sarawak,2013,male,other_noncitizen,121.3
Sarawak,2014,both,overall,2664
Sarawak,2014,both,bumi_malay,607.8
Sarawak,2014,both,bumi_other,1272
Sarawak,2014,both,chinese,606.7
Sarawak,2014,both,indian,7.4
Sarawak,2014,both,other_citizen,7.5
Sarawak,2014,both,other_noncitizen,162.6
Sarawak,2014,female,overall,1277
Sarawak,2014,female,bumi_malay,299.1
Sarawak,2014,female,bumi_other,628.3
Sarawak,2014,female,chinese,293.6
Sarawak,2014,female,indian,3.3
Sarawak,2014,female,other_citizen,3.7
Sarawak,2014,female,other_noncitizen,49.3
Sarawak,2014,male,overall,1386.9
Sarawak,2014,male,bumi_malay,308.7
Sarawak,2014,male,bumi_other,643.7
Sarawak,2014,male,chinese,313.1
Sarawak,2014,male,indian,4.1
Sarawak,2014,male,other_citizen,3.8
Sarawak,2014,male,other_noncitizen,113.3
Sarawak,2015,both,overall,2701.5
Sarawak,2015,both,bumi_malay,616.6
Sarawak,2015,both,bumi_other,1288.7
Sarawak,2015,both,chinese,611.7
Sarawak,2015,both,indian,7.5
Sarawak,2015,both,other_citizen,7.7
Sarawak,2015,both,other_noncitizen,169.4
Sarawak,2015,female,overall,1294.1
Sarawak,2015,female,bumi_malay,303.5
Sarawak,2015,female,bumi_other,636.2
Sarawak,2015,female,chinese,296.1
Sarawak,2015,female,indian,3.4
Sarawak,2015,female,other_citizen,3.8
Sarawak,2015,female,other_noncitizen,51.4
Sarawak,2015,male,overall,1407.4
Sarawak,2015,male,bumi_malay,313.1
Sarawak,2015,male,bumi_other,652.5
Sarawak,2015,male,chinese,315.5
Sarawak,2015,male,indian,4.1
Sarawak,2015,male,other_citizen,3.9
Sarawak,2015,male,other_noncitizen,118
Sarawak,2016,both,overall,2738.7
Sarawak,2016,both,bumi_malay,624.7
Sarawak,2016,both,bumi_other,1307.5
Sarawak,2016,both,chinese,615.8
Sarawak,2016,both,indian,7.5
Sarawak,2016,both,other_citizen,7.9
Sarawak,2016,both,other_noncitizen,175.3
Sarawak,2016,female,overall,1310.8
Sarawak,2016,female,bumi_malay,306.9
Sarawak,2016,female,bumi_other,645
Sarawak,2016,female,chinese,298.4
Sarawak,2016,female,indian,3.4
Sarawak,2016,female,other_citizen,3.8
Sarawak,2016,female,other_noncitizen,53.2
Sarawak,2016,male,overall,1427.9
Sarawak,2016,male,bumi_malay,317.8
Sarawak,2016,male,bumi_other,662.5
Sarawak,2016,male,chinese,317.4
Sarawak,2016,male,indian,4.1
Sarawak,2016,male,other_citizen,4
Sarawak,2016,male,other_noncitizen,122.1
Sarawak,2017,both,overall,2766.3
Sarawak,2017,both,bumi_malay,633
Sarawak,2017,both,bumi_other,1320.1
Sarawak,2017,both,chinese,619.2
Sarawak,2017,both,indian,7.6
Sarawak,2017,both,other_citizen,7.9
Sarawak,2017,both,other_noncitizen,178.8
Sarawak,2017,female,overall,1324
Sarawak,2017,female,bumi_malay,311
Sarawak,2017,female,bumi_other,651.3
Sarawak,2017,female,chinese,300.2
Sarawak,2017,female,indian,3.5
Sarawak,2017,female,other_citizen,3.9
Sarawak,2017,female,other_noncitizen,54.3
Sarawak,2017,male,overall,1442.3
Sarawak,2017,male,bumi_malay,322
Sarawak,2017,male,bumi_other,668.8
Sarawak,2017,male,chinese,318.9
Sarawak,2017,male,indian,4.2
Sarawak,2017,male,other_citizen,4.1
Sarawak,2017,male,other_noncitizen,124.5
Sarawak,2018,both,overall,2791.7
Sarawak,2018,both,bumi_malay,640.3
Sarawak,2018,both,bumi_other,1332.8
Sarawak,2018,both,chinese,622
Sarawak,2018,both,indian,7.7
Sarawak,2018,both,other_citizen,8.1
Sarawak,2018,both,other_noncitizen,180.7
Sarawak,2018,female,overall,1336.5
Sarawak,2018,female,bumi_malay,315
Sarawak,2018,female,bumi_other,657.6
Sarawak,2018,female,chinese,301.8
Sarawak,2018,female,indian,3.5
Sarawak,2018,female,other_citizen,3.9
Sarawak,2018,female,other_noncitizen,55
Sarawak,2018,male,overall,1455.1
Sarawak,2018,male,bumi_malay,325.3
Sarawak,2018,male,bumi_other,675.2
Sarawak,2018,male,chinese,320.2
Sarawak,2018,male,indian,4.2
Sarawak,2018,male,other_citizen,4.2
Sarawak,2018,male,other_noncitizen,125.7
Sarawak,2019,both,overall,2806
Sarawak,2019,both,bumi_malay,647.7
Sarawak,2019,both,bumi_other,1345.7
Sarawak,2019,both,chinese,625
Sarawak,2019,both,indian,7.7
Sarawak,2019,both,other_citizen,8.2
Sarawak,2019,both,other_noncitizen,171.4
Sarawak,2019,female,overall,1345.7
Sarawak,2019,female,bumi_malay,318.7
Sarawak,2019,female,bumi_other,663.6
Sarawak,2019,female,chinese,303.5
Sarawak,2019,female,indian,3.5
Sarawak,2019,female,other_citizen,4
Sarawak,2019,female,other_noncitizen,52.1
Sarawak,2019,male,overall,1460.3
Sarawak,2019,male,bumi_malay,329
Sarawak,2019,male,bumi_other,682.1
Sarawak,2019,male,chinese,321.5
Sarawak,2019,male,indian,4.2
Sarawak,2019,male,other_citizen,4.2
Sarawak,2019,male,other_noncitizen,119.3
Sarawak,2020,both,overall,2453.7
Sarawak,2020,both,bumi_malay,575.4
Sarawak,2020,both,bumi_other,1187
Sarawak,2020,both,chinese,554.6
Sarawak,2020,both,indian,5.1
Sarawak,2020,both,other_citizen,6.3
Sarawak,2020,both,other_noncitizen,125.3
Sarawak,2020,female,overall,1184.1
Sarawak,2020,female,bumi_malay,282.1
Sarawak,2020,female,bumi_other,587.6
Sarawak,2020,female,chinese,269.2
Sarawak,2020,female,indian,2.3
Sarawak,2020,female,other_citizen,2.8
Sarawak,2020,female,other_noncitizen,40.1
Sarawak,2020,male,overall,1269.6
Sarawak,2020,male,bumi_malay,293.3
Sarawak,2020,male,bumi_other,599.4
Sarawak,2020,male,chinese,285.4
Sarawak,2020,male,indian,2.8
Sarawak,2020,male,other_citizen,3.5
Sarawak,2020,male,other_noncitizen,85.1
Sarawak,2021,both,overall,2465.6
Sarawak,2021,both,bumi_malay,585.3
Sarawak,2021,both,bumi_other,1193.5
Sarawak,2021,both,chinese,556.2
Sarawak,2021,both,indian,5
Sarawak,2021,both,other_citizen,6.4
Sarawak,2021,both,other_noncitizen,119.1
Sarawak,2021,female,overall,1192
Sarawak,2021,female,bumi_malay,287.1
Sarawak,2021,female,bumi_other,591.2
Sarawak,2021,female,chinese,270.3
Sarawak,2021,female,indian,2.3
Sarawak,2021,female,other_citizen,2.8
Sarawak,2021,female,other_noncitizen,38.2
Sarawak,2021,male,overall,1273.6
Sarawak,2021,male,bumi_malay,298.1
Sarawak,2021,male,bumi_other,602.3
Sarawak,2021,male,chinese,285.9
Sarawak,2021,male,indian,2.7
Sarawak,2021,male,other_citizen,3.6
Sarawak,2021,male,other_noncitizen,80.9
Sarawak,2022,both,overall,2473.5
Sarawak,2022,both,bumi_malay,591
Sarawak,2022,both,bumi_other,1199.1
Sarawak,2022,both,chinese,555.8
Sarawak,2022,both,indian,5
Sarawak,2022,both,other_citizen,6.5
Sarawak,2022,both,other_noncitizen,116.2
Sarawak,2022,female,overall,1197.4
Sarawak,2022,female,bumi_malay,290.2
Sarawak,2022,female,bumi_other,594.4
Sarawak,2022,female,chinese,270.5
Sarawak,2022,female,indian,2.3
Sarawak,2022,female,other_citizen,2.8
Sarawak,2022,female,other_noncitizen,37.2
Sarawak,2022,male,overall,1276.1
Sarawak,2022,male,bumi_malay,300.8
Sarawak,2022,male,bumi_other,604.7
Sarawak,2022,male,chinese,285.3
Sarawak,2022,male,indian,2.7
Sarawak,2022,male,other_citizen,3.6
Sarawak,2022,male,other_noncitizen,78.9
Sarawak,2023,both,overall,2502.3
Sarawak,2023,both,bumi_malay,597.6
Sarawak,2023,both,bumi_other,1209
Sarawak,2023,both,chinese,556.6
Sarawak,2023,both,indian,5
Sarawak,2023,both,other_citizen,6.5
Sarawak,2023,both,other_noncitizen,127.6
Sarawak,2023,female,overall,1210.4
Sarawak,2023,female,bumi_malay,293.4
Sarawak,2023,female,bumi_other,599.5
Sarawak,2023,female,chinese,271.4
Sarawak,2023,female,indian,2.3
Sarawak,2023,female,other_citizen,2.9
Sarawak,2023,female,other_noncitizen,40.9
Sarawak,2023,male,overall,1292
Sarawak,2023,male,bumi_malay,304.2
Sarawak,2023,male,bumi_other,609.5
Sarawak,2023,male,chinese,285.3
Sarawak,2023,male,indian,2.7
Sarawak,2023,male,other_citizen,3.6
Sarawak,2023,male,other_noncitizen,86.7
Sarawak,2024,both,overall,2517.5
Sarawak,2024,both,bumi_malay,603.2
Sarawak,2024,both,bumi_other,1217.6
Sarawak,2024,both,chinese,557.4
Sarawak,2024,both,indian,5
Sarawak,2024,both,other_citizen,6.6
Sarawak,2024,both,other_noncitizen,127.7
Sarawak,2024,female,overall,1218.3
Sarawak,2024,female,bumi_malay,296.2
Sarawak,2024,female,bumi_other,604
Sarawak,2024,female,chinese,272
Sarawak,2024,female,indian,2.3
Sarawak,2024,female,other_citizen,2.9
Sarawak,2024,female,other_noncitizen,40.9
Sarawak,2024,male,overall,1299.2
Sarawak,2024,male,bumi_malay,307
Sarawak,2024,male,bumi_other,613.6
Sarawak,2024,male,chinese,285.4
Sarawak,2024,male,indian,2.7
Sarawak,2024,male,other_citizen,3.7
Sarawak,2024,male,other_noncitizen,86.8
Sarawak,2025,both,overall,2529.8
Sarawak,2025,both,bumi_malay,608.3
Sarawak,2025,both,bumi_other,1225.1
Sarawak,2025,both,chinese,558
Sarawak,2025,both,indian,5
Sarawak,2025,both,other_citizen,6.6
Sarawak,2025,both,other_noncitizen,126.8
Sarawak,2025,female,overall,1225.4
Sarawak,2025,female,bumi_malay,298.8
Sarawak,2025,female,bumi_other,608.2
Sarawak,2025,female,chinese,272.6
Sarawak,2025,female,indian,2.3
Sarawak,2025,female,other_citizen,2.9
Sarawak,2025,female,other_noncitizen,40.6
Sarawak,2025,male,overall,1304.4
Sarawak,2025,male,bumi_malay,309.6
Sarawak,2025,male,bumi_other,616.9
Sarawak,2025,male,chinese,285.4
Sarawak,2025,male,indian,2.7
Sarawak,2025,male,other_citizen,3.7
Sarawak,2025,male,other_noncitizen,86.1
Selangor,2000,both,overall,4188.9
Selangor,2000,both,bumi_malay,2087.2
Selangor,2000,both,bumi_other,55.3
Selangor,2000,both,chinese,1230.3
Selangor,2000,both,indian,585.4
Selangor,2000,both,other_citizen,44.4
Selangor,2000,both,other_noncitizen,186.4
Selangor,2000,female,overall,2045.9
Selangor,2000,female,bumi_malay,1022.9
Selangor,2000,female,bumi_other,25.5
Selangor,2000,female,chinese,596.8
Selangor,2000,female,indian,290.4
Selangor,2000,female,other_citizen,23.5
Selangor,2000,female,other_noncitizen,86.8
Selangor,2000,male,overall,2143
Selangor,2000,male,bumi_malay,1064.2
Selangor,2000,male,bumi_other,29.8
Selangor,2000,male,chinese,633.5
Selangor,2000,male,indian,295
Selangor,2000,male,other_citizen,20.9
Selangor,2000,male,other_noncitizen,99.7
Selangor,2001,both,overall,4317.5
Selangor,2001,both,bumi_malay,2150.7
Selangor,2001,both,bumi_other,56.1
Selangor,2001,both,chinese,1254.8
Selangor,2001,both,indian,595.7
Selangor,2001,both,other_citizen,44.2
Selangor,2001,both,other_noncitizen,216
Selangor,2001,female,overall,2104.3
Selangor,2001,female,bumi_malay,1054.9
Selangor,2001,female,bumi_other,25.9
Selangor,2001,female,chinese,608.3
Selangor,2001,female,indian,295.4
Selangor,2001,female,other_citizen,23.2
Selangor,2001,female,other_noncitizen,96.5
Selangor,2001,male,overall,2213.2
Selangor,2001,male,bumi_malay,1095.8
Selangor,2001,male,bumi_other,30.2
Selangor,2001,male,chinese,646.4
Selangor,2001,male,indian,300.3
Selangor,2001,male,other_citizen,21
Selangor,2001,male,other_noncitizen,119.4
Selangor,2002,both,overall,4446.3
Selangor,2002,both,bumi_malay,2217.5
Selangor,2002,both,bumi_other,57.2
Selangor,2002,both,chinese,1277.1
Selangor,2002,both,indian,605.6
Selangor,2002,both,other_citizen,44.2
Selangor,2002,both,other_noncitizen,244.6
Selangor,2002,female,overall,2163
Selangor,2002,female,bumi_malay,1088.7
Selangor,2002,female,bumi_other,26.4
Selangor,2002,female,chinese,618.8
Selangor,2002,female,indian,300.1
Selangor,2002,female,other_citizen,23
Selangor,2002,female,other_noncitizen,106
Selangor,2002,male,overall,2283.2
Selangor,2002,male,bumi_malay,1128.7
Selangor,2002,male,bumi_other,30.8
Selangor,2002,male,chinese,658.4
Selangor,2002,male,indian,305.6
Selangor,2002,male,other_citizen,21.1
Selangor,2002,male,other_noncitizen,138.6
Selangor,2003,both,overall,4577.3
Selangor,2003,both,bumi_malay,2287.4
Selangor,2003,both,bumi_other,58.4
Selangor,2003,both,chinese,1299.9
Selangor,2003,both,indian,615.4
Selangor,2003,both,other_citizen,44.2
Selangor,2003,both,other_noncitizen,271.9
Selangor,2003,female,overall,2223.1
Selangor,2003,female,bumi_malay,1124.4
Selangor,2003,female,bumi_other,27
Selangor,2003,female,chinese,629.4
Selangor,2003,female,indian,304.7
Selangor,2003,female,other_citizen,22.9
Selangor,2003,female,other_noncitizen,114.7
Selangor,2003,male,overall,2354.2
Selangor,2003,male,bumi_malay,1163
Selangor,2003,male,bumi_other,31.4
Selangor,2003,male,chinese,670.5
Selangor,2003,male,indian,310.7
Selangor,2003,male,other_citizen,21.3
Selangor,2003,male,other_noncitizen,157.2
Selangor,2004,both,overall,4712.8
Selangor,2004,both,bumi_malay,2361.6
Selangor,2004,both,bumi_other,59.8
Selangor,2004,both,chinese,1322.2
Selangor,2004,both,indian,625.5
Selangor,2004,both,other_citizen,44.3
Selangor,2004,both,other_noncitizen,299.5
Selangor,2004,female,overall,2286.5
Selangor,2004,female,bumi_malay,1162.8
Selangor,2004,female,bumi_other,27.7
Selangor,2004,female,chinese,640
Selangor,2004,female,indian,309.6
Selangor,2004,female,other_citizen,22.7
Selangor,2004,female,other_noncitizen,123.7
Selangor,2004,male,overall,2426.3
Selangor,2004,male,bumi_malay,1198.8
Selangor,2004,male,bumi_other,32.1
Selangor,2004,male,chinese,682.2
Selangor,2004,male,indian,315.9
Selangor,2004,male,other_citizen,21.5
Selangor,2004,male,other_noncitizen,175.9
Selangor,2005,both,overall,4849.6
Selangor,2005,both,bumi_malay,2437.8
Selangor,2005,both,bumi_other,61.4
Selangor,2005,both,chinese,1344.4
Selangor,2005,both,indian,635.2
Selangor,2005,both,other_citizen,44.4
Selangor,2005,both,other_noncitizen,326.4
Selangor,2005,female,overall,2349.5
Selangor,2005,female,bumi_malay,1201.3
Selangor,2005,female,bumi_other,28.6
Selangor,2005,female,chinese,650.6
Selangor,2005,female,indian,314.2
Selangor,2005,female,other_citizen,22.6
Selangor,2005,female,other_noncitizen,132.2
Selangor,2005,male,overall,2500.1
Selangor,2005,male,bumi_malay,1236.5
Selangor,2005,male,bumi_other,32.9
Selangor,2005,male,chinese,693.8
Selangor,2005,male,indian,321
Selangor,2005,male,other_citizen,21.7
Selangor,2005,male,other_noncitizen,194.2
Selangor,2006,both,overall,4986.2
Selangor,2006,both,bumi_malay,2515.3
Selangor,2006,both,bumi_other,63
Selangor,2006,both,chinese,1366.1
Selangor,2006,both,indian,644.7
Selangor,2006,both,other_citizen,44.6
Selangor,2006,both,other_noncitizen,352.5
Selangor,2006,female,overall,2412.3
Selangor,2006,female,bumi_malay,1240.3
Selangor,2006,female,bumi_other,29.4
Selangor,2006,female,chinese,661
Selangor,2006,female,indian,318.9
Selangor,2006,female,other_citizen,22.5
Selangor,2006,female,other_noncitizen,140.3
Selangor,2006,male,overall,2573.8
Selangor,2006,male,bumi_malay,1275
Selangor,2006,male,bumi_other,33.7
Selangor,2006,male,chinese,705.1
Selangor,2006,male,indian,325.9
Selangor,2006,male,other_citizen,22
Selangor,2006,male,other_noncitizen,212.2
Selangor,2007,both,overall,5127.1
Selangor,2007,both,bumi_malay,2597.7
Selangor,2007,both,bumi_other,64.9
Selangor,2007,both,chinese,1387.5
Selangor,2007,both,indian,654.3
Selangor,2007,both,other_citizen,44.8
Selangor,2007,both,other_noncitizen,377.8
Selangor,2007,female,overall,2477.5
Selangor,2007,female,bumi_malay,1282.1
Selangor,2007,female,bumi_other,30.3
Selangor,2007,female,chinese,671.1
Selangor,2007,female,indian,323.5
Selangor,2007,female,other_citizen,22.5
Selangor,2007,female,other_noncitizen,148.1
Selangor,2007,male,overall,2649.5
Selangor,2007,male,bumi_malay,1315.6
Selangor,2007,male,bumi_other,34.6
Selangor,2007,male,chinese,716.5
Selangor,2007,male,indian,330.8
Selangor,2007,male,other_citizen,22.3
Selangor,2007,male,other_noncitizen,229.8
Selangor,2008,both,overall,5268.5
Selangor,2008,both,bumi_malay,2681.6
Selangor,2008,both,bumi_other,66.8
Selangor,2008,both,chinese,1408.7
Selangor,2008,both,indian,663.4
Selangor,2008,both,other_citizen,45.4
Selangor,2008,both,other_noncitizen,402.5
Selangor,2008,female,overall,2543.4
Selangor,2008,female,bumi_malay,1325
Selangor,2008,female,bumi_other,31.2
Selangor,2008,female,chinese,681.1
Selangor,2008,female,indian,328
Selangor,2008,female,other_citizen,22.5
Selangor,2008,female,other_noncitizen,155.5
Selangor,2008,male,overall,2725
Selangor,2008,male,bumi_malay,1356.6
Selangor,2008,male,bumi_other,35.6
Selangor,2008,male,chinese,727.6
Selangor,2008,male,indian,335.4
Selangor,2008,male,other_citizen,22.9
Selangor,2008,male,other_noncitizen,247
Selangor,2009,both,overall,5417.8
Selangor,2009,both,bumi_malay,2774.6
Selangor,2009,both,bumi_other,68.9
Selangor,2009,both,chinese,1429.6
Selangor,2009,both,indian,672.2
Selangor,2009,both,other_citizen,46.1
Selangor,2009,both,other_noncitizen,426.4
Selangor,2009,female,overall,2613.1
Selangor,2009,female,bumi_malay,1372.1
Selangor,2009,female,bumi_other,32.2
Selangor,2009,female,chinese,691.2
Selangor,2009,female,indian,332.4
Selangor,2009,female,other_citizen,22.6
Selangor,2009,female,other_noncitizen,162.6
Selangor,2009,male,overall,2804.7
Selangor,2009,male,bumi_malay,1402.6
Selangor,2009,male,bumi_other,36.6
Selangor,2009,male,chinese,738.5
Selangor,2009,male,indian,339.8
Selangor,2009,male,other_citizen,23.4
Selangor,2009,male,other_noncitizen,263.8
Selangor,2010,both,overall,5502.1
Selangor,2010,both,bumi_malay,2817.3
Selangor,2010,both,bumi_other,70.8
Selangor,2010,both,chinese,1449.6
Selangor,2010,both,indian,680.7
Selangor,2010,both,other_citizen,34.3
Selangor,2010,both,other_noncitizen,449.5
Selangor,2010,female,overall,2647.7
Selangor,2010,female,bumi_malay,1391.1
Selangor,2010,female,bumi_other,33.2
Selangor,2010,female,chinese,700.8
Selangor,2010,female,indian,336.6
Selangor,2010,female,other_citizen,16.7
Selangor,2010,female,other_noncitizen,169.3
Selangor,2010,male,overall,2854.4
Selangor,2010,male,bumi_malay,1426.1
Selangor,2010,male,bumi_other,37.6
Selangor,2010,male,chinese,748.8
Selangor,2010,male,indian,344.2
Selangor,2010,male,other_citizen,17.6
Selangor,2010,male,other_noncitizen,280.1
Selangor,2011,both,overall,5600.3
Selangor,2011,both,bumi_malay,2869.2
Selangor,2011,both,bumi_other,73.8
Selangor,2011,both,chinese,1460.9
Selangor,2011,both,indian,685.9
Selangor,2011,both,other_citizen,36.4
Selangor,2011,both,other_noncitizen,474.1
Selangor,2011,female,overall,2693.3
Selangor,2011,female,bumi_malay,1417.4
Selangor,2011,female,bumi_other,33.9
Selangor,2011,female,chinese,706.4
Selangor,2011,female,indian,339.3
Selangor,2011,female,other_citizen,17.7
Selangor,2011,female,other_noncitizen,178.6
Selangor,2011,male,overall,2907
Selangor,2011,male,bumi_malay,1451.8
Selangor,2011,male,bumi_other,39.9
Selangor,2011,male,chinese,754.5
Selangor,2011,male,indian,346.6
Selangor,2011,male,other_citizen,18.7
Selangor,2011,male,other_noncitizen,295.5
Selangor,2012,both,overall,5702.4
Selangor,2012,both,bumi_malay,2937.1
Selangor,2012,both,bumi_other,78.1
Selangor,2012,both,chinese,1475.8
Selangor,2012,both,indian,692.6
Selangor,2012,both,other_citizen,37.8
Selangor,2012,both,other_noncitizen,481.1
Selangor,2012,female,overall,2743.2
Selangor,2012,female,bumi_malay,1450.6
Selangor,2012,female,bumi_other,35.5
Selangor,2012,female,chinese,713.8
Selangor,2012,female,indian,343.6
Selangor,2012,female,other_citizen,18.3
Selangor,2012,female,other_noncitizen,181.5
Selangor,2012,male,overall,2959.2
Selangor,2012,male,bumi_malay,1486.5
Selangor,2012,male,bumi_other,42.6
Selangor,2012,male,chinese,762.1
Selangor,2012,male,indian,349
Selangor,2012,male,other_citizen,19.5
Selangor,2012,male,other_noncitizen,299.6
Selangor,2013,both,overall,5904.7
Selangor,2013,both,bumi_malay,3014
Selangor,2013,both,bumi_other,80.5
Selangor,2013,both,chinese,1496.4
Selangor,2013,both,indian,702.2
Selangor,2013,both,other_citizen,39.7
Selangor,2013,both,other_noncitizen,572.2
Selangor,2013,female,overall,2832.5
Selangor,2013,female,bumi_malay,1488.6
Selangor,2013,female,bumi_other,37.1
Selangor,2013,female,chinese,725.1
Selangor,2013,female,indian,349.1
Selangor,2013,female,other_citizen,19.2
Selangor,2013,female,other_noncitizen,213.5
Selangor,2013,male,overall,3072.3
Selangor,2013,male,bumi_malay,1525.4
Selangor,2013,male,bumi_other,43.4
Selangor,2013,male,chinese,771.3
Selangor,2013,male,indian,353.1
Selangor,2013,male,other_citizen,20.5
Selangor,2013,male,other_noncitizen,358.7
Selangor,2014,both,overall,6051.3
Selangor,2014,both,bumi_malay,3090.9
Selangor,2014,both,bumi_other,82.3
Selangor,2014,both,chinese,1513.8
Selangor,2014,both,indian,711.2
Selangor,2014,both,other_citizen,41.6
Selangor,2014,both,other_noncitizen,611.3
Selangor,2014,female,overall,2903.7
Selangor,2014,female,bumi_malay,1526.7
Selangor,2014,female,bumi_other,38.5
Selangor,2014,female,chinese,735
Selangor,2014,female,indian,354.2
Selangor,2014,female,other_citizen,20.1
Selangor,2014,female,other_noncitizen,229.2
Selangor,2014,male,overall,3147.6
Selangor,2014,male,bumi_malay,1564.2
Selangor,2014,male,bumi_other,43.8
Selangor,2014,male,chinese,778.8
Selangor,2014,male,indian,357
Selangor,2014,male,other_citizen,21.4
Selangor,2014,male,other_noncitizen,382.2
Selangor,2015,both,overall,6178
Selangor,2015,both,bumi_malay,3169
Selangor,2015,both,bumi_other,83.6
Selangor,2015,both,chinese,1531.7
Selangor,2015,both,indian,715.5
Selangor,2015,both,other_citizen,43.4
Selangor,2015,both,other_noncitizen,634.5
Selangor,2015,female,overall,2965.5
Selangor,2015,female,bumi_malay,1565.5
Selangor,2015,female,bumi_other,39
Selangor,2015,female,chinese,744.5
Selangor,2015,female,indian,356.9
Selangor,2015,female,other_citizen,21.1
Selangor,2015,female,other_noncitizen,238.4
Selangor,2015,male,overall,3212.5
Selangor,2015,male,bumi_malay,1603.5
Selangor,2015,male,bumi_other,44.6
Selangor,2015,male,chinese,787.3
Selangor,2015,male,indian,358.6
Selangor,2015,male,other_citizen,22.3
Selangor,2015,male,other_noncitizen,396.2
Selangor,2016,both,overall,6291.5
Selangor,2016,both,bumi_malay,3240.5
Selangor,2016,both,bumi_other,85.1
Selangor,2016,both,chinese,1544
Selangor,2016,both,indian,719.6
Selangor,2016,both,other_citizen,45.2
Selangor,2016,both,other_noncitizen,656.9
Selangor,2016,female,overall,3019.9
Selangor,2016,female,bumi_malay,1601.3
Selangor,2016,female,bumi_other,39.5
Selangor,2016,female,chinese,751
Selangor,2016,female,indian,359.2
Selangor,2016,female,other_citizen,22
Selangor,2016,female,other_noncitizen,246.9
Selangor,2016,male,overall,3271.6
Selangor,2016,male,bumi_malay,1639.2
Selangor,2016,male,bumi_other,45.6
Selangor,2016,male,chinese,793
Selangor,2016,male,indian,360.4
Selangor,2016,male,other_citizen,23.2
Selangor,2016,male,other_noncitizen,410
Selangor,2017,both,overall,6380.7
Selangor,2017,both,bumi_malay,3301.5
Selangor,2017,both,bumi_other,86.4
Selangor,2017,both,chinese,1553.4
Selangor,2017,both,indian,724
Selangor,2017,both,other_citizen,47.4
Selangor,2017,both,other_noncitizen,668.4
Selangor,2017,female,overall,3064.5
Selangor,2017,female,bumi_malay,1631.5
Selangor,2017,female,bumi_other,39.9
Selangor,2017,female,chinese,756.2
Selangor,2017,female,indian,361.8
Selangor,2017,female,other_citizen,23.1
Selangor,2017,female,other_noncitizen,252.2
Selangor,2017,male,overall,3316.2
Selangor,2017,male,bumi_malay,1670
Selangor,2017,male,bumi_other,46.5
Selangor,2017,male,chinese,797.2
Selangor,2017,male,indian,362.3
Selangor,2017,male,other_citizen,24.3
Selangor,2017,male,other_noncitizen,416.2
Selangor,2018,both,overall,6475
Selangor,2018,both,bumi_malay,3369.9
Selangor,2018,both,bumi_other,90.4
Selangor,2018,both,chinese,1560.3
Selangor,2018,both,indian,727.8
Selangor,2018,both,other_citizen,49.1
Selangor,2018,both,other_noncitizen,677.5
Selangor,2018,female,overall,3110.1
Selangor,2018,female,bumi_malay,1665.1
Selangor,2018,female,bumi_other,41.8
Selangor,2018,female,chinese,759.3
Selangor,2018,female,indian,363.9
Selangor,2018,female,other_citizen,23.9
Selangor,2018,female,other_noncitizen,256
Selangor,2018,male,overall,3365
Selangor,2018,male,bumi_malay,1704.8
Selangor,2018,male,bumi_other,48.6
Selangor,2018,male,chinese,800.9
Selangor,2018,male,indian,363.9
Selangor,2018,male,other_citizen,25.2
Selangor,2018,male,other_noncitizen,421.5
Selangor,2019,both,overall,6506.1
Selangor,2019,both,bumi_malay,3436.3
Selangor,2019,both,bumi_other,94.8
Selangor,2019,both,chinese,1567.1
Selangor,2019,both,indian,731
Selangor,2019,both,other_citizen,50.6
Selangor,2019,both,other_noncitizen,626.7
Selangor,2019,female,overall,3131
Selangor,2019,female,bumi_malay,1698.1
Selangor,2019,female,bumi_other,43.6
Selangor,2019,female,chinese,762.2
Selangor,2019,female,indian,365.8
Selangor,2019,female,other_citizen,24.7
Selangor,2019,female,other_noncitizen,236.8
Selangor,2019,male,overall,3375.1
Selangor,2019,male,bumi_malay,1738.2
Selangor,2019,male,bumi_other,51.2
Selangor,2019,male,chinese,804.9
Selangor,2019,male,indian,365.2
Selangor,2019,male,other_citizen,26
Selangor,2019,male,other_noncitizen,389.9
Selangor,2020,both,overall,6994.4
Selangor,2020,both,bumi_malay,3806.2
Selangor,2020,both,bumi_other,89.7
Selangor,2020,both,chinese,1756.2
Selangor,2020,both,indian,726
Selangor,2020,both,other_citizen,52.4
Selangor,2020,both,other_noncitizen,564
Selangor,2020,female,overall,3283.7
Selangor,2020,female,bumi_malay,1867.5
Selangor,2020,female,bumi_other,43.6
Selangor,2020,female,chinese,862.2
Selangor,2020,female,indian,356
Selangor,2020,female,other_citizen,22.8
Selangor,2020,female,other_noncitizen,131.7
Selangor,2020,male,overall,3710.8
Selangor,2020,male,bumi_malay,1938.7
Selangor,2020,male,bumi_other,46.1
Selangor,2020,male,chinese,894
Selangor,2020,male,indian,370.1
Selangor,2020,male,other_citizen,29.6
Selangor,2020,male,other_noncitizen,432.3
Selangor,2021,both,overall,7014.7
Selangor,2021,both,bumi_malay,3865.7
Selangor,2021,both,bumi_other,81
Selangor,2021,both,chinese,1759
Selangor,2021,both,indian,728.2
Selangor,2021,both,other_citizen,53.9
Selangor,2021,both,other_noncitizen,526.9
Selangor,2021,female,overall,3304.7
Selangor,2021,female,bumi_malay,1897.3
Selangor,2021,female,bumi_other,39.3
Selangor,2021,female,chinese,864.1
Selangor,2021,female,indian,357.5
Selangor,2021,female,other_citizen,23.6
Selangor,2021,female,other_noncitizen,123
Selangor,2021,male,overall,3710
Selangor,2021,male,bumi_malay,1968.5
Selangor,2021,male,bumi_other,41.7
Selangor,2021,male,chinese,894.9
Selangor,2021,male,indian,370.7
Selangor,2021,male,other_citizen,30.4
Selangor,2021,male,other_noncitizen,403.9
Selangor,2022,both,overall,7050.3
Selangor,2022,both,bumi_malay,3907.9
Selangor,2022,both,bumi_other,82.2
Selangor,2022,both,chinese,1757.8
Selangor,2022,both,indian,727.6
Selangor,2022,both,other_citizen,54.9
Selangor,2022,both,other_noncitizen,519.9
Selangor,2022,female,overall,3326
Selangor,2022,female,bumi_malay,1918.7
Selangor,2022,female,bumi_other,39.9
Selangor,2022,female,chinese,864.3
Selangor,2022,female,indian,357.7
Selangor,2022,female,other_citizen,24.1
Selangor,2022,female,other_noncitizen,121.4
Selangor,2022,male,overall,3724.3
Selangor,2022,male,bumi_malay,1989.3
Selangor,2022,male,bumi_other,42.3
Selangor,2022,male,chinese,893.5
Selangor,2022,male,indian,369.9
Selangor,2022,male,other_citizen,30.8
Selangor,2022,male,other_noncitizen,398.5
Selangor,2023,both,overall,7209.7
Selangor,2023,both,bumi_malay,3956.8
Selangor,2023,both,bumi_other,83.7
Selangor,2023,both,chinese,1758.7
Selangor,2023,both,indian,729.1
Selangor,2023,both,other_citizen,56.4
Selangor,2023,both,other_noncitizen,624.9
Selangor,2023,female,overall,3379
Selangor,2023,female,bumi_malay,1943.2
Selangor,2023,female,bumi_other,40.7
Selangor,2023,female,chinese,865.5
Selangor,2023,female,indian,358.9
Selangor,2023,female,other_citizen,24.8
Selangor,2023,female,other_noncitizen,145.9
Selangor,2023,male,overall,3830.7
Selangor,2023,male,bumi_malay,2013.6
Selangor,2023,male,bumi_other,43.1
Selangor,2023,male,chinese,893.3
Selangor,2023,male,indian,370.2
Selangor,2023,male,other_citizen,31.5
Selangor,2023,male,other_noncitizen,479
Selangor,2024,both,overall,7362.7
Selangor,2024,both,bumi_malay,4001.7
Selangor,2024,both,bumi_other,85.3
Selangor,2024,both,chinese,1758.9
Selangor,2024,both,indian,730.4
Selangor,2024,both,other_citizen,57.7
Selangor,2024,both,other_noncitizen,728.7
Selangor,2024,female,overall,3429.2
Selangor,2024,female,bumi_malay,1966
Selangor,2024,female,bumi_other,41.5
Selangor,2024,female,chinese,866.1
Selangor,2024,female,indian,360
Selangor,2024,female,other_citizen,25.5
Selangor,2024,female,other_noncitizen,170.1
Selangor,2024,male,overall,3933.5
Selangor,2024,male,bumi_malay,2035.7
Selangor,2024,male,bumi_other,43.8
Selangor,2024,male,chinese,892.8
Selangor,2024,male,indian,370.4
Selangor,2024,male,other_citizen,32.2
Selangor,2024,male,other_noncitizen,558.6
Selangor,2025,both,overall,7406.8
Selangor,2025,both,bumi_malay,4042.5
Selangor,2025,both,bumi_other,86.9
Selangor,2025,both,chinese,1759.6
Selangor,2025,both,indian,731.1
Selangor,2025,both,other_citizen,58.9
Selangor,2025,both,other_noncitizen,727.9
Selangor,2025,female,overall,3453.2
Selangor,2025,female,bumi_malay,1986.9
Selangor,2025,female,bumi_other,42.3
Selangor,2025,female,chinese,867.1
Selangor,2025,female,indian,360.8
Selangor,2025,female,other_citizen,26.1
Selangor,2025,female,other_noncitizen,169.9
Selangor,2025,male,overall,3953.6
Selangor,2025,male,bumi_malay,2055.6
Selangor,2025,male,bumi_other,44.5
Selangor,2025,male,chinese,892.5
Selangor,2025,male,indian,370.2
Selangor,2025,male,other_citizen,32.8
Selangor,2025,male,other_noncitizen,558
Terengganu,2000,both,overall,902.6
Terengganu,2000,both,bumi_malay,853.6
Terengganu,2000,both,bumi_other,2.9
Terengganu,2000,both,chinese,25
Terengganu,2000,both,indian,1.9
Terengganu,2000,both,other_citizen,2.5
Terengganu,2000,both,other_noncitizen,16.7
Terengganu,2000,female,overall,442.4
Terengganu,2000,female,bumi_malay,422.6
Terengganu,2000,female,bumi_other,1
Terengganu,2000,female,chinese,11.9
Terengganu,2000,female,indian,0.8
Terengganu,2000,female,other_citizen,1.2
Terengganu,2000,female,other_noncitizen,4.9
Terengganu,2000,male,overall,460.2
Terengganu,2000,male,bumi_malay,431.1
Terengganu,2000,male,bumi_other,1.9
Terengganu,2000,male,chinese,13.1
Terengganu,2000,male,indian,1.1
Terengganu,2000,male,other_citizen,1.3
Terengganu,2000,male,other_noncitizen,11.8
Terengganu,2001,both,overall,920
Terengganu,2001,both,bumi_malay,870.1
Terengganu,2001,both,bumi_other,2.9
Terengganu,2001,both,chinese,25.2
Terengganu,2001,both,indian,2
Terengganu,2001,both,other_citizen,2.5
Terengganu,2001,both,other_noncitizen,17.2
Terengganu,2001,female,overall,450.8
Terengganu,2001,female,bumi_malay,430.5
Terengganu,2001,female,bumi_other,1
Terengganu,2001,female,chinese,12
Terengganu,2001,female,indian,0.9
Terengganu,2001,female,other_citizen,1.2
Terengganu,2001,female,other_noncitizen,5.3
Terengganu,2001,male,overall,469.1
Terengganu,2001,male,bumi_malay,439.7
Terengganu,2001,male,bumi_other,1.9
Terengganu,2001,male,chinese,13.3
Terengganu,2001,male,indian,1.1
Terengganu,2001,male,other_citizen,1.3
Terengganu,2001,male,other_noncitizen,12
Terengganu,2002,both,overall,936.6
Terengganu,2002,both,bumi_malay,885.9
Terengganu,2002,both,bumi_other,2.8
Terengganu,2002,both,chinese,25.4
Terengganu,2002,both,indian,2.1
Terengganu,2002,both,other_citizen,2.6
Terengganu,2002,both,other_noncitizen,17.7
Terengganu,2002,female,overall,458.8
Terengganu,2002,female,bumi_malay,437.9
Terengganu,2002,female,bumi_other,1
Terengganu,2002,female,chinese,12
Terengganu,2002,female,indian,0.9
Terengganu,2002,female,other_citizen,1.3
Terengganu,2002,female,other_noncitizen,5.6
Terengganu,2002,male,overall,477.8
Terengganu,2002,male,bumi_malay,448
Terengganu,2002,male,bumi_other,1.8
Terengganu,2002,male,chinese,13.4
Terengganu,2002,male,indian,1.2
Terengganu,2002,male,other_citizen,1.3
Terengganu,2002,male,other_noncitizen,12.1
Terengganu,2003,both,overall,951.4
Terengganu,2003,both,bumi_malay,900.1
Terengganu,2003,both,bumi_other,2.8
Terengganu,2003,both,chinese,25.6
Terengganu,2003,both,indian,2.1
Terengganu,2003,both,other_citizen,2.6
Terengganu,2003,both,other_noncitizen,18.2
Terengganu,2003,female,overall,465.9
Terengganu,2003,female,bumi_malay,444.6
Terengganu,2003,female,bumi_other,1.1
Terengganu,2003,female,chinese,12.1
Terengganu,2003,female,indian,0.9
Terengganu,2003,female,other_citizen,1.3
Terengganu,2003,female,other_noncitizen,5.9
Terengganu,2003,male,overall,485.5
Terengganu,2003,male,bumi_malay,455.4
Terengganu,2003,male,bumi_other,1.8
Terengganu,2003,male,chinese,13.5
Terengganu,2003,male,indian,1.2
Terengganu,2003,male,other_citizen,1.3
Terengganu,2003,male,other_noncitizen,12.3
Terengganu,2004,both,overall,966.6
Terengganu,2004,both,bumi_malay,914.5
Terengganu,2004,both,bumi_other,2.8
Terengganu,2004,both,chinese,25.8
Terengganu,2004,both,indian,2.2
Terengganu,2004,both,other_citizen,2.7
Terengganu,2004,both,other_noncitizen,18.7
Terengganu,2004,female,overall,473.5
Terengganu,2004,female,bumi_malay,451.8
Terengganu,2004,female,bumi_other,1.1
Terengganu,2004,female,chinese,12.1
Terengganu,2004,female,indian,0.9
Terengganu,2004,female,other_citizen,1.3
Terengganu,2004,female,other_noncitizen,6.3
Terengganu,2004,male,overall,493.1
Terengganu,2004,male,bumi_malay,462.7
Terengganu,2004,male,bumi_other,1.7
Terengganu,2004,male,chinese,13.7
Terengganu,2004,male,indian,1.3
Terengganu,2004,male,other_citizen,1.4
Terengganu,2004,male,other_noncitizen,12.4
Terengganu,2005,both,overall,981.4
Terengganu,2005,both,bumi_malay,928.6
Terengganu,2005,both,bumi_other,2.8
Terengganu,2005,both,chinese,26
Terengganu,2005,both,indian,2.3
Terengganu,2005,both,other_citizen,2.7
Terengganu,2005,both,other_noncitizen,19.2
Terengganu,2005,female,overall,480.6
Terengganu,2005,female,bumi_malay,458.5
Terengganu,2005,female,bumi_other,1.1
Terengganu,2005,female,chinese,12.1
Terengganu,2005,female,indian,1
Terengganu,2005,female,other_citizen,1.3
Terengganu,2005,female,other_noncitizen,6.6
Terengganu,2005,male,overall,500.8
Terengganu,2005,male,bumi_malay,470.1
Terengganu,2005,male,bumi_other,1.6
Terengganu,2005,male,chinese,13.8
Terengganu,2005,male,indian,1.3
Terengganu,2005,male,other_citizen,1.4
Terengganu,2005,male,other_noncitizen,12.6
Terengganu,2006,both,overall,995.9
Terengganu,2006,both,bumi_malay,942.3
Terengganu,2006,both,bumi_other,2.8
Terengganu,2006,both,chinese,26.1
Terengganu,2006,both,indian,2.4
Terengganu,2006,both,other_citizen,2.7
Terengganu,2006,both,other_noncitizen,19.7
Terengganu,2006,female,overall,487.6
Terengganu,2006,female,bumi_malay,465.1
Terengganu,2006,female,bumi_other,1.2
Terengganu,2006,female,chinese,12.1
Terengganu,2006,female,indian,1
Terengganu,2006,female,other_citizen,1.3
Terengganu,2006,female,other_noncitizen,6.9
Terengganu,2006,male,overall,508.3
Terengganu,2006,male,bumi_malay,477.2
Terengganu,2006,male,bumi_other,1.6
Terengganu,2006,male,chinese,14
Terengganu,2006,male,indian,1.4
Terengganu,2006,male,other_citizen,1.4
Terengganu,2006,male,other_noncitizen,12.7
Terengganu,2007,both,overall,1010.4
Terengganu,2007,both,bumi_malay,956.1
Terengganu,2007,both,bumi_other,2.8
Terengganu,2007,both,chinese,26.3
Terengganu,2007,both,indian,2.4
Terengganu,2007,both,other_citizen,2.7
Terengganu,2007,both,other_noncitizen,20.2
Terengganu,2007,female,overall,494.7
Terengganu,2007,female,bumi_malay,471.8
Terengganu,2007,female,bumi_other,1.2
Terengganu,2007,female,chinese,12.1
Terengganu,2007,female,indian,1
Terengganu,2007,female,other_citizen,1.3
Terengganu,2007,female,other_noncitizen,7.3
Terengganu,2007,male,overall,515.7
Terengganu,2007,male,bumi_malay,484.4
Terengganu,2007,male,bumi_other,1.6
Terengganu,2007,male,chinese,14.1
Terengganu,2007,male,indian,1.4
Terengganu,2007,male,other_citizen,1.4
Terengganu,2007,male,other_noncitizen,12.9
Terengganu,2008,both,overall,1025.2
Terengganu,2008,both,bumi_malay,970.2
Terengganu,2008,both,bumi_other,2.8
Terengganu,2008,both,chinese,26.4
Terengganu,2008,both,indian,2.5
Terengganu,2008,both,other_citizen,2.7
Terengganu,2008,both,other_noncitizen,20.6
Terengganu,2008,female,overall,501.9
Terengganu,2008,female,bumi_malay,478.5
Terengganu,2008,female,bumi_other,1.2
Terengganu,2008,female,chinese,12.2
Terengganu,2008,female,indian,1.1
Terengganu,2008,female,other_citizen,1.3
Terengganu,2008,female,other_noncitizen,7.6
Terengganu,2008,male,overall,523.3
Terengganu,2008,male,bumi_malay,491.6
Terengganu,2008,male,bumi_other,1.5
Terengganu,2008,male,chinese,14.3
Terengganu,2008,male,indian,1.4
Terengganu,2008,male,other_citizen,1.4
Terengganu,2008,male,other_noncitizen,13
Terengganu,2009,both,overall,1040.7
Terengganu,2009,both,bumi_malay,985
Terengganu,2009,both,bumi_other,2.8
Terengganu,2009,both,chinese,26.6
Terengganu,2009,both,indian,2.6
Terengganu,2009,both,other_citizen,2.7
Terengganu,2009,both,other_noncitizen,21.1
Terengganu,2009,female,overall,509.4
Terengganu,2009,female,bumi_malay,485.6
Terengganu,2009,female,bumi_other,1.3
Terengganu,2009,female,chinese,12.2
Terengganu,2009,female,indian,1.1
Terengganu,2009,female,other_citizen,1.3
Terengganu,2009,female,other_noncitizen,7.9
Terengganu,2009,male,overall,531.3
Terengganu,2009,male,bumi_malay,499.4
Terengganu,2009,male,bumi_other,1.5
Terengganu,2009,male,chinese,14.4
Terengganu,2009,male,indian,1.5
Terengganu,2009,male,other_citizen,1.4
Terengganu,2009,male,other_noncitizen,13.2
Terengganu,2010,both,overall,1055.4
Terengganu,2010,both,bumi_malay,999.7
Terengganu,2010,both,bumi_other,2.8
Terengganu,2010,both,chinese,26.7
Terengganu,2010,both,indian,2.6
Terengganu,2010,both,other_citizen,2
Terengganu,2010,both,other_noncitizen,21.6
Terengganu,2010,female,overall,516.7
Terengganu,2010,female,bumi_malay,492.9
Terengganu,2010,female,bumi_other,1.3
Terengganu,2010,female,chinese,12.2
Terengganu,2010,female,indian,1.1
Terengganu,2010,female,other_citizen,1
Terengganu,2010,female,other_noncitizen,8.3
Terengganu,2010,male,overall,538.8
Terengganu,2010,male,bumi_malay,506.9
Terengganu,2010,male,bumi_other,1.5
Terengganu,2010,male,chinese,14.5
Terengganu,2010,male,indian,1.5
Terengganu,2010,male,other_citizen,1
Terengganu,2010,male,other_noncitizen,13.3
Terengganu,2011,both,overall,1079
Terengganu,2011,both,bumi_malay,1019.5
Terengganu,2011,both,bumi_other,3.7
Terengganu,2011,both,chinese,26.9
Terengganu,2011,both,indian,2.8
Terengganu,2011,both,other_citizen,2.2
Terengganu,2011,both,other_noncitizen,23.9
Terengganu,2011,female,overall,527
Terengganu,2011,female,bumi_malay,502.2
Terengganu,2011,female,bumi_other,1.5
Terengganu,2011,female,chinese,12.3
Terengganu,2011,female,indian,1.1
Terengganu,2011,female,other_citizen,1
Terengganu,2011,female,other_noncitizen,8.9
Terengganu,2011,male,overall,552
Terengganu,2011,male,bumi_malay,517.3
Terengganu,2011,male,bumi_other,2.3
Terengganu,2011,male,chinese,14.6
Terengganu,2011,male,indian,1.7
Terengganu,2011,male,other_citizen,1.1
Terengganu,2011,male,other_noncitizen,15
Terengganu,2012,both,overall,1094.1
Terengganu,2012,both,bumi_malay,1035.1
Terengganu,2012,both,bumi_other,3
Terengganu,2012,both,chinese,26.6
Terengganu,2012,both,indian,2.7
Terengganu,2012,both,other_citizen,2.2
Terengganu,2012,both,other_noncitizen,24.4
Terengganu,2012,female,overall,534.9
Terengganu,2012,female,bumi_malay,510.5
Terengganu,2012,female,bumi_other,1.3
Terengganu,2012,female,chinese,11.8
Terengganu,2012,female,indian,1.1
Terengganu,2012,female,other_citizen,1.1
Terengganu,2012,female,other_noncitizen,9.1
Terengganu,2012,male,overall,559.2
Terengganu,2012,male,bumi_malay,524.7
Terengganu,2012,male,bumi_other,1.6
Terengganu,2012,male,chinese,14.8
Terengganu,2012,male,indian,1.6
Terengganu,2012,male,other_citizen,1.2
Terengganu,2012,male,other_noncitizen,15.4
Terengganu,2013,both,overall,1113.4
Terengganu,2013,both,bumi_malay,1053.3
Terengganu,2013,both,bumi_other,3.3
Terengganu,2013,both,chinese,27.2
Terengganu,2013,both,indian,2.7
Terengganu,2013,both,other_citizen,2.3
Terengganu,2013,both,other_noncitizen,24.8
Terengganu,2013,female,overall,546.1
Terengganu,2013,female,bumi_malay,521
Terengganu,2013,female,bumi_other,1.5
Terengganu,2013,female,chinese,12.1
Terengganu,2013,female,indian,1.1
Terengganu,2013,female,other_citizen,1.1
Terengganu,2013,female,other_noncitizen,9.2
Terengganu,2013,male,overall,567.3
Terengganu,2013,male,bumi_malay,532.3
Terengganu,2013,male,bumi_other,1.8
Terengganu,2013,male,chinese,15
Terengganu,2013,male,indian,1.6
Terengganu,2013,male,other_citizen,1.2
Terengganu,2013,male,other_noncitizen,15.6
Terengganu,2014,both,overall,1140.4
Terengganu,2014,both,bumi_malay,1073.1
Terengganu,2014,both,bumi_other,3.5
Terengganu,2014,both,chinese,27.8
Terengganu,2014,both,indian,2.7
Terengganu,2014,both,other_citizen,2.3
Terengganu,2014,both,other_noncitizen,31.1
Terengganu,2014,female,overall,558
Terengganu,2014,female,bumi_malay,530.6
Terengganu,2014,female,bumi_other,1.7
Terengganu,2014,female,chinese,12.4
Terengganu,2014,female,indian,1.1
Terengganu,2014,female,other_citizen,1.1
Terengganu,2014,female,other_noncitizen,11.3
Terengganu,2014,male,overall,582.4
Terengganu,2014,male,bumi_malay,542.5
Terengganu,2014,male,bumi_other,1.8
Terengganu,2014,male,chinese,15.3
Terengganu,2014,male,indian,1.6
Terengganu,2014,male,other_citizen,1.2
Terengganu,2014,male,other_noncitizen,19.9
Terengganu,2015,both,overall,1161
Terengganu,2015,both,bumi_malay,1092.5
Terengganu,2015,both,bumi_other,3.8
Terengganu,2015,both,chinese,27.7
Terengganu,2015,both,indian,2.7
Terengganu,2015,both,other_citizen,2.4
Terengganu,2015,both,other_noncitizen,32.3
Terengganu,2015,female,overall,569.4
Terengganu,2015,female,bumi_malay,541.5
Terengganu,2015,female,bumi_other,1.8
Terengganu,2015,female,chinese,12.4
Terengganu,2015,female,indian,1.2
Terengganu,2015,female,other_citizen,1.1
Terengganu,2015,female,other_noncitizen,11.7
Terengganu,2015,male,overall,591.6
Terengganu,2015,male,bumi_malay,551
Terengganu,2015,male,bumi_other,2
Terengganu,2015,male,chinese,15.4
Terengganu,2015,male,indian,1.6
Terengganu,2015,male,other_citizen,1.3
Terengganu,2015,male,other_noncitizen,20.6
Terengganu,2016,both,overall,1183.4
Terengganu,2016,both,bumi_malay,1113.1
Terengganu,2016,both,bumi_other,3.8
Terengganu,2016,both,chinese,28.3
Terengganu,2016,both,indian,2.4
Terengganu,2016,both,other_citizen,2.4
Terengganu,2016,both,other_noncitizen,33.6
Terengganu,2016,female,overall,580
Terengganu,2016,female,bumi_malay,551
Terengganu,2016,female,bumi_other,1.7
Terengganu,2016,female,chinese,12.6
Terengganu,2016,female,indian,1.2
Terengganu,2016,female,other_citizen,1.1
Terengganu,2016,female,other_noncitizen,12.2
Terengganu,2016,male,overall,603.4
Terengganu,2016,male,bumi_malay,562.1
Terengganu,2016,male,bumi_other,2.1
Terengganu,2016,male,chinese,15.7
Terengganu,2016,male,indian,1.2
Terengganu,2016,male,other_citizen,1.3
Terengganu,2016,male,other_noncitizen,21.5
Terengganu,2017,both,overall,1208
Terengganu,2017,both,bumi_malay,1135.6
Terengganu,2017,both,bumi_other,3.8
Terengganu,2017,both,chinese,28.4
Terengganu,2017,both,indian,2.5
Terengganu,2017,both,other_citizen,3.2
Terengganu,2017,both,other_noncitizen,34.7
Terengganu,2017,female,overall,591.6
Terengganu,2017,female,bumi_malay,562.4
Terengganu,2017,female,bumi_other,1.8
Terengganu,2017,female,chinese,12.6
Terengganu,2017,female,indian,1.2
Terengganu,2017,female,other_citizen,1.3
Terengganu,2017,female,other_noncitizen,12.4
Terengganu,2017,male,overall,616.4
Terengganu,2017,male,bumi_malay,573.2
Terengganu,2017,male,bumi_other,2
Terengganu,2017,male,chinese,15.8
Terengganu,2017,male,indian,1.3
Terengganu,2017,male,other_citizen,1.9
Terengganu,2017,male,other_noncitizen,22.4
Terengganu,2018,both,overall,1228.3
Terengganu,2018,both,bumi_malay,1154.6
Terengganu,2018,both,bumi_other,3.8
Terengganu,2018,both,chinese,28.5
Terengganu,2018,both,indian,2.5
Terengganu,2018,both,other_citizen,3.3
Terengganu,2018,both,other_noncitizen,35.4
Terengganu,2018,female,overall,602.2
Terengganu,2018,female,bumi_malay,572.4
Terengganu,2018,female,bumi_other,2
Terengganu,2018,female,chinese,12.6
Terengganu,2018,female,indian,1.2
Terengganu,2018,female,other_citizen,1.4
Terengganu,2018,female,other_noncitizen,12.6
Terengganu,2018,male,overall,626.1
Terengganu,2018,male,bumi_malay,582.2
Terengganu,2018,male,bumi_other,1.8
Terengganu,2018,male,chinese,15.9
Terengganu,2018,male,indian,1.3
Terengganu,2018,male,other_citizen,1.9
Terengganu,2018,male,other_noncitizen,22.8
Terengganu,2019,both,overall,1244.5
Terengganu,2019,both,bumi_malay,1174.3
Terengganu,2019,both,bumi_other,4
Terengganu,2019,both,chinese,28.5
Terengganu,2019,both,indian,2.5
Terengganu,2019,both,other_citizen,3.3
Terengganu,2019,both,other_noncitizen,32.2
Terengganu,2019,female,overall,611.3
Terengganu,2019,female,bumi_malay,582.8
Terengganu,2019,female,bumi_other,2
Terengganu,2019,female,chinese,12.5
Terengganu,2019,female,indian,1.2
Terengganu,2019,female,other_citizen,1.4
Terengganu,2019,female,other_noncitizen,11.5
Terengganu,2019,male,overall,633.2
Terengganu,2019,male,bumi_malay,591.5
Terengganu,2019,male,bumi_other,2
Terengganu,2019,male,chinese,16
Terengganu,2019,male,indian,1.3
Terengganu,2019,male,other_citizen,2
Terengganu,2019,male,other_noncitizen,20.8
Terengganu,2020,both,overall,1149.4
Terengganu,2020,both,bumi_malay,1090.4
Terengganu,2020,both,bumi_other,5.2
Terengganu,2020,both,chinese,23.2
Terengganu,2020,both,indian,2.1
Terengganu,2020,both,other_citizen,2.2
Terengganu,2020,both,other_noncitizen,26.4
Terengganu,2020,female,overall,561.6
Terengganu,2020,female,bumi_malay,541.1
Terengganu,2020,female,bumi_other,2.5
Terengganu,2020,female,chinese,11.1
Terengganu,2020,female,indian,1.1
Terengganu,2020,female,other_citizen,0.8
Terengganu,2020,female,other_noncitizen,4.9
Terengganu,2020,male,overall,587.9
Terengganu,2020,male,bumi_malay,549.3
Terengganu,2020,male,bumi_other,2.7
Terengganu,2020,male,chinese,12
Terengganu,2020,male,indian,1
Terengganu,2020,male,other_citizen,1.4
Terengganu,2020,male,other_noncitizen,21.5
Terengganu,2021,both,overall,1170.7
Terengganu,2021,both,bumi_malay,1111.2
Terengganu,2021,both,bumi_other,3.3
Terengganu,2021,both,chinese,23
Terengganu,2021,both,indian,2.1
Terengganu,2021,both,other_citizen,2.2
Terengganu,2021,both,other_noncitizen,28.8
Terengganu,2021,female,overall,571.5
Terengganu,2021,female,bumi_malay,551.5
Terengganu,2021,female,bumi_other,1.6
Terengganu,2021,female,chinese,11.1
Terengganu,2021,female,indian,1.1
Terengganu,2021,female,other_citizen,0.9
Terengganu,2021,female,other_noncitizen,5.3
Terengganu,2021,male,overall,599.1
Terengganu,2021,male,bumi_malay,559.7
Terengganu,2021,male,bumi_other,1.7
Terengganu,2021,male,chinese,11.9
Terengganu,2021,male,indian,1
Terengganu,2021,male,other_citizen,1.4
Terengganu,2021,male,other_noncitizen,23.5
Terengganu,2022,both,overall,1186.6
Terengganu,2022,both,bumi_malay,1127.4
Terengganu,2022,both,bumi_other,3.3
Terengganu,2022,both,chinese,22.9
Terengganu,2022,both,indian,2.1
Terengganu,2022,both,other_citizen,2.3
Terengganu,2022,both,other_noncitizen,28.6
Terengganu,2022,female,overall,579.5
Terengganu,2022,female,bumi_malay,559.6
Terengganu,2022,female,bumi_other,1.6
Terengganu,2022,female,chinese,11.1
Terengganu,2022,female,indian,1.1
Terengganu,2022,female,other_citizen,0.9
Terengganu,2022,female,other_noncitizen,5.3
Terengganu,2022,male,overall,607.1
Terengganu,2022,male,bumi_malay,567.8
Terengganu,2022,male,bumi_other,1.7
Terengganu,2022,male,chinese,11.9
Terengganu,2022,male,indian,1
Terengganu,2022,male,other_citizen,1.4
Terengganu,2022,male,other_noncitizen,23.3
Terengganu,2023,both,overall,1210
Terengganu,2023,both,bumi_malay,1145.1
Terengganu,2023,both,bumi_other,3.3
Terengganu,2023,both,chinese,22.8
Terengganu,2023,both,indian,2.1
Terengganu,2023,both,other_citizen,2.3
Terengganu,2023,both,other_noncitizen,34.4
Terengganu,2023,female,overall,589.5
Terengganu,2023,female,bumi_malay,568.5
Terengganu,2023,female,bumi_other,1.6
Terengganu,2023,female,chinese,11
Terengganu,2023,female,indian,1.1
Terengganu,2023,female,other_citizen,0.9
Terengganu,2023,female,other_noncitizen,6.3
Terengganu,2023,male,overall,620.6
Terengganu,2023,male,bumi_malay,576.6
Terengganu,2023,male,bumi_other,1.7
Terengganu,2023,male,chinese,11.8
Terengganu,2023,male,indian,1
Terengganu,2023,male,other_citizen,1.4
Terengganu,2023,male,other_noncitizen,28.1
Terengganu,2024,both,overall,1231.5
Terengganu,2024,both,bumi_malay,1161.8
Terengganu,2024,both,bumi_other,3.4
Terengganu,2024,both,chinese,22.7
Terengganu,2024,both,indian,2.1
Terengganu,2024,both,other_citizen,2.3
Terengganu,2024,both,other_noncitizen,39.3
Terengganu,2024,female,overall,598.8
Terengganu,2024,female,bumi_malay,576.9
Terengganu,2024,female,bumi_other,1.7
Terengganu,2024,female,chinese,11
Terengganu,2024,female,indian,1.1
Terengganu,2024,female,other_citizen,0.9
Terengganu,2024,female,other_noncitizen,7.2
Terengganu,2024,male,overall,632.8
Terengganu,2024,male,bumi_malay,584.9
Terengganu,2024,male,bumi_other,1.7
Terengganu,2024,male,chinese,11.7
Terengganu,2024,male,indian,0.9
Terengganu,2024,male,other_citizen,1.4
Terengganu,2024,male,other_noncitizen,32
Terengganu,2025,both,overall,1246.9
Terengganu,2025,both,bumi_malay,1177.5
Terengganu,2025,both,bumi_other,3.4
Terengganu,2025,both,chinese,22.6
Terengganu,2025,both,indian,2
Terengganu,2025,both,other_citizen,2.3
Terengganu,2025,both,other_noncitizen,39
Terengganu,2025,female,overall,606.6
Terengganu,2025,female,bumi_malay,584.7
Terengganu,2025,female,bumi_other,1.7
Terengganu,2025,female,chinese,11
Terengganu,2025,female,indian,1.1
Terengganu,2025,female,other_citizen,0.9
Terengganu,2025,female,other_noncitizen,7.2
Terengganu,2025,male,overall,640.3
Terengganu,2025,male,bumi_malay,592.7
Terengganu,2025,male,bumi_other,1.7
Terengganu,2025,male,chinese,11.6
Terengganu,2025,male,indian,0.9
Terengganu,2025,male,other_citizen,1.4
Terengganu,2025,male,other_noncitizen,31.8
Kuala Lumpur,2000,both,overall,1416
Kuala Lumpur,2000,both,bumi_malay,560.7
Kuala Lumpur,2000,both,bumi_other,12
Kuala Lumpur,2000,both,chinese,576.6
Kuala Lumpur,2000,both,indian,149.6
Kuala Lumpur,2000,both,other_citizen,17.6
Kuala Lumpur,2000,both,other_noncitizen,99.5
Kuala Lumpur,2000,female,overall,695.8
Kuala Lumpur,2000,female,bumi_malay,277
Kuala Lumpur,2000,female,bumi_other,5.1
Kuala Lumpur,2000,female,chinese,282.3
Kuala Lumpur,2000,female,indian,73.7
Kuala Lumpur,2000,female,other_citizen,9.6
Kuala Lumpur,2000,female,other_noncitizen,48
Kuala Lumpur,2000,male,overall,720.2
Kuala Lumpur,2000,male,bumi_malay,283.7
Kuala Lumpur,2000,male,bumi_other,6.9
Kuala Lumpur,2000,male,chinese,294.3
Kuala Lumpur,2000,male,indian,75.9
Kuala Lumpur,2000,male,other_citizen,8
Kuala Lumpur,2000,male,other_noncitizen,51.5
Kuala Lumpur,2001,both,overall,1446.2
Kuala Lumpur,2001,both,bumi_malay,574.4
Kuala Lumpur,2001,both,bumi_other,12.6
Kuala Lumpur,2001,both,chinese,586
Kuala Lumpur,2001,both,indian,150.8
Kuala Lumpur,2001,both,other_citizen,17.7
Kuala Lumpur,2001,both,other_noncitizen,104.7
Kuala Lumpur,2001,female,overall,710.1
Kuala Lumpur,2001,female,bumi_malay,284.4
Kuala Lumpur,2001,female,bumi_other,5.5
Kuala Lumpur,2001,female,chinese,286.7
Kuala Lumpur,2001,female,indian,74.4
Kuala Lumpur,2001,female,other_citizen,9.5
Kuala Lumpur,2001,female,other_noncitizen,49.6
Kuala Lumpur,2001,male,overall,736.1
Kuala Lumpur,2001,male,bumi_malay,290
Kuala Lumpur,2001,male,bumi_other,7.1
Kuala Lumpur,2001,male,chinese,299.2
Kuala Lumpur,2001,male,indian,76.5
Kuala Lumpur,2001,male,other_citizen,8.1
Kuala Lumpur,2001,male,other_noncitizen,55
Kuala Lumpur,2002,both,overall,1474.1
Kuala Lumpur,2002,both,bumi_malay,587.6
Kuala Lumpur,2002,both,bumi_other,13.3
Kuala Lumpur,2002,both,chinese,594
Kuala Lumpur,2002,both,indian,152
Kuala Lumpur,2002,both,other_citizen,17.7
Kuala Lumpur,2002,both,other_noncitizen,109.6
Kuala Lumpur,2002,female,overall,723.5
Kuala Lumpur,2002,female,bumi_malay,291.5
Kuala Lumpur,2002,female,bumi_other,5.9
Kuala Lumpur,2002,female,chinese,290.5
Kuala Lumpur,2002,female,indian,74.9
Kuala Lumpur,2002,female,other_citizen,9.5
Kuala Lumpur,2002,female,other_noncitizen,51.1
Kuala Lumpur,2002,male,overall,750.6
Kuala Lumpur,2002,male,bumi_malay,296
Kuala Lumpur,2002,male,bumi_other,7.4
Kuala Lumpur,2002,male,chinese,303.5
Kuala Lumpur,2002,male,indian,77
Kuala Lumpur,2002,male,other_citizen,8.3
Kuala Lumpur,2002,male,other_noncitizen,58.4
Kuala Lumpur,2003,both,overall,1500.5
Kuala Lumpur,2003,both,bumi_malay,599.7
Kuala Lumpur,2003,both,bumi_other,13.9
Kuala Lumpur,2003,both,chinese,602
Kuala Lumpur,2003,both,indian,153
Kuala Lumpur,2003,both,other_citizen,17.9
Kuala Lumpur,2003,both,other_noncitizen,114
Kuala Lumpur,2003,female,overall,735.9
Kuala Lumpur,2003,female,bumi_malay,298.1
Kuala Lumpur,2003,female,bumi_other,6.3
Kuala Lumpur,2003,female,chinese,294.2
Kuala Lumpur,2003,female,indian,75.5
Kuala Lumpur,2003,female,other_citizen,9.4
Kuala Lumpur,2003,female,other_noncitizen,52.4
Kuala Lumpur,2003,male,overall,764.6
Kuala Lumpur,2003,male,bumi_malay,301.7
Kuala Lumpur,2003,male,bumi_other,7.6
Kuala Lumpur,2003,male,chinese,307.8
Kuala Lumpur,2003,male,indian,77.5
Kuala Lumpur,2003,male,other_citizen,8.4
Kuala Lumpur,2003,male,other_noncitizen,61.6
Kuala Lumpur,2004,both,overall,1526.4
Kuala Lumpur,2004,both,bumi_malay,611.7
Kuala Lumpur,2004,both,bumi_other,14.6
Kuala Lumpur,2004,both,chinese,609.6
Kuala Lumpur,2004,both,indian,153.9
Kuala Lumpur,2004,both,other_citizen,18
Kuala Lumpur,2004,both,other_noncitizen,118.6
Kuala Lumpur,2004,female,overall,748.3
Kuala Lumpur,2004,female,bumi_malay,304.7
Kuala Lumpur,2004,female,bumi_other,6.7
Kuala Lumpur,2004,female,chinese,297.7
Kuala Lumpur,2004,female,indian,76
Kuala Lumpur,2004,female,other_citizen,9.4
Kuala Lumpur,2004,female,other_noncitizen,53.7
Kuala Lumpur,2004,male,overall,778.1
Kuala Lumpur,2004,male,bumi_malay,307
Kuala Lumpur,2004,male,bumi_other,8
Kuala Lumpur,2004,male,chinese,311.9
Kuala Lumpur,2004,male,indian,77.9
Kuala Lumpur,2004,male,other_citizen,8.6
Kuala Lumpur,2004,male,other_noncitizen,64.8
Kuala Lumpur,2005,both,overall,1551.8
Kuala Lumpur,2005,both,bumi_malay,623.4
Kuala Lumpur,2005,both,bumi_other,15.4
Kuala Lumpur,2005,both,chinese,617.4
Kuala Lumpur,2005,both,indian,154.8
Kuala Lumpur,2005,both,other_citizen,18.1
Kuala Lumpur,2005,both,other_noncitizen,122.8
Kuala Lumpur,2005,female,overall,760.2
Kuala Lumpur,2005,female,bumi_malay,311.1
Kuala Lumpur,2005,female,bumi_other,7.1
Kuala Lumpur,2005,female,chinese,301.2
Kuala Lumpur,2005,female,indian,76.5
Kuala Lumpur,2005,female,other_citizen,9.3
Kuala Lumpur,2005,female,other_noncitizen,54.9
Kuala Lumpur,2005,male,overall,791.6
Kuala Lumpur,2005,male,bumi_malay,312.3
Kuala Lumpur,2005,male,bumi_other,8.3
Kuala Lumpur,2005,male,chinese,316.2
Kuala Lumpur,2005,male,indian,78.2
Kuala Lumpur,2005,male,other_citizen,8.7
Kuala Lumpur,2005,male,other_noncitizen,67.9
Kuala Lumpur,2006,both,overall,1577.5
Kuala Lumpur,2006,both,bumi_malay,635.4
Kuala Lumpur,2006,both,bumi_other,16.1
Kuala Lumpur,2006,both,chinese,625.3
Kuala Lumpur,2006,both,indian,155.5
Kuala Lumpur,2006,both,other_citizen,18.3
Kuala Lumpur,2006,both,other_noncitizen,126.9
Kuala Lumpur,2006,female,overall,772.2
Kuala Lumpur,2006,female,bumi_malay,317.6
Kuala Lumpur,2006,female,bumi_other,7.5
Kuala Lumpur,2006,female,chinese,304.9
Kuala Lumpur,2006,female,indian,76.9
Kuala Lumpur,2006,female,other_citizen,9.3
Kuala Lumpur,2006,female,other_noncitizen,56
Kuala Lumpur,2006,male,overall,805.3
Kuala Lumpur,2006,male,bumi_malay,317.8
Kuala Lumpur,2006,male,bumi_other,8.6
Kuala Lumpur,2006,male,chinese,320.5
Kuala Lumpur,2006,male,indian,78.6
Kuala Lumpur,2006,male,other_citizen,8.9
Kuala Lumpur,2006,male,other_noncitizen,70.9
Kuala Lumpur,2007,both,overall,1603.3
Kuala Lumpur,2007,both,bumi_malay,647.7
Kuala Lumpur,2007,both,bumi_other,16.9
Kuala Lumpur,2007,both,chinese,633.2
Kuala Lumpur,2007,both,indian,156.3
Kuala Lumpur,2007,both,other_citizen,18.4
Kuala Lumpur,2007,both,other_noncitizen,130.8
Kuala Lumpur,2007,female,overall,784.4
Kuala Lumpur,2007,female,bumi_malay,324.3
Kuala Lumpur,2007,female,bumi_other,8
Kuala Lumpur,2007,female,chinese,308.4
Kuala Lumpur,2007,female,indian,77.3
Kuala Lumpur,2007,female,other_citizen,9.3
Kuala Lumpur,2007,female,other_noncitizen,57
Kuala Lumpur,2007,male,overall,818.9
Kuala Lumpur,2007,male,bumi_malay,323.4
Kuala Lumpur,2007,male,bumi_other,8.9
Kuala Lumpur,2007,male,chinese,324.8
Kuala Lumpur,2007,male,indian,78.9
Kuala Lumpur,2007,male,other_citizen,9.1
Kuala Lumpur,2007,male,other_noncitizen,73.8
Kuala Lumpur,2008,both,overall,1628.9
Kuala Lumpur,2008,both,bumi_malay,660
Kuala Lumpur,2008,both,bumi_other,17.7
Kuala Lumpur,2008,both,chinese,641.2
Kuala Lumpur,2008,both,indian,156.9
Kuala Lumpur,2008,both,other_citizen,18.6
Kuala Lumpur,2008,both,other_noncitizen,134.4
Kuala Lumpur,2008,female,overall,796.5
Kuala Lumpur,2008,female,bumi_malay,331
Kuala Lumpur,2008,female,bumi_other,8.4
Kuala Lumpur,2008,female,chinese,312.1
Kuala Lumpur,2008,female,indian,77.7
Kuala Lumpur,2008,female,other_citizen,9.3
Kuala Lumpur,2008,female,other_noncitizen,57.9
Kuala Lumpur,2008,male,overall,832.4
Kuala Lumpur,2008,male,bumi_malay,329
Kuala Lumpur,2008,male,bumi_other,9.2
Kuala Lumpur,2008,male,chinese,329.1
Kuala Lumpur,2008,male,indian,79.2
Kuala Lumpur,2008,male,other_citizen,9.4
Kuala Lumpur,2008,male,other_noncitizen,76.5
Kuala Lumpur,2009,both,overall,1652.8
Kuala Lumpur,2009,both,bumi_malay,672
Kuala Lumpur,2009,both,bumi_other,18.5
Kuala Lumpur,2009,both,chinese,648.8
Kuala Lumpur,2009,both,indian,157.5
Kuala Lumpur,2009,both,other_citizen,18.1
Kuala Lumpur,2009,both,other_noncitizen,137.9
Kuala Lumpur,2009,female,overall,807.9
Kuala Lumpur,2009,female,bumi_malay,337.7
Kuala Lumpur,2009,female,bumi_other,8.9
Kuala Lumpur,2009,female,chinese,315.6
Kuala Lumpur,2009,female,indian,78
Kuala Lumpur,2009,female,other_citizen,8.9
Kuala Lumpur,2009,female,other_noncitizen,58.7
Kuala Lumpur,2009,male,overall,844.9
Kuala Lumpur,2009,male,bumi_malay,334.3
Kuala Lumpur,2009,male,bumi_other,9.6
Kuala Lumpur,2009,male,chinese,333.2
Kuala Lumpur,2009,male,indian,79.4
Kuala Lumpur,2009,male,other_citizen,9.2
Kuala Lumpur,2009,male,other_noncitizen,79.2
Kuala Lumpur,2010,both,overall,1674.8
Kuala Lumpur,2010,both,bumi_malay,685.7
Kuala Lumpur,2010,both,bumi_other,19.4
Kuala Lumpur,2010,both,chinese,656.9
Kuala Lumpur,2010,both,indian,157.9
Kuala Lumpur,2010,both,other_citizen,14
Kuala Lumpur,2010,both,other_noncitizen,141
Kuala Lumpur,2010,female,overall,818.8
Kuala Lumpur,2010,female,bumi_malay,345.4
Kuala Lumpur,2010,female,bumi_other,9.4
Kuala Lumpur,2010,female,chinese,319.7
Kuala Lumpur,2010,female,indian,78.3
Kuala Lumpur,2010,female,other_citizen,6.8
Kuala Lumpur,2010,female,other_noncitizen,59.3
Kuala Lumpur,2010,male,overall,855.9
Kuala Lumpur,2010,male,bumi_malay,340.3
Kuala Lumpur,2010,male,bumi_other,10
Kuala Lumpur,2010,male,chinese,337.2
Kuala Lumpur,2010,male,indian,79.6
Kuala Lumpur,2010,male,other_citizen,7.2
Kuala Lumpur,2010,male,other_noncitizen,81.6
Kuala Lumpur,2011,both,overall,1693
Kuala Lumpur,2011,both,bumi_malay,692.4
Kuala Lumpur,2011,both,bumi_other,18.7
Kuala Lumpur,2011,both,chinese,659.8
Kuala Lumpur,2011,both,indian,159.3
Kuala Lumpur,2011,both,other_citizen,14.6
Kuala Lumpur,2011,both,other_noncitizen,148.2
Kuala Lumpur,2011,female,overall,828
Kuala Lumpur,2011,female,bumi_malay,348.6
Kuala Lumpur,2011,female,bumi_other,9.4
Kuala Lumpur,2011,female,chinese,321.3
Kuala Lumpur,2011,female,indian,79.1
Kuala Lumpur,2011,female,other_citizen,7.1
Kuala Lumpur,2011,female,other_noncitizen,62.4
Kuala Lumpur,2011,male,overall,865
Kuala Lumpur,2011,male,bumi_malay,343.7
Kuala Lumpur,2011,male,bumi_other,9.3
Kuala Lumpur,2011,male,chinese,338.5
Kuala Lumpur,2011,male,indian,80.1
Kuala Lumpur,2011,male,other_citizen,7.5
Kuala Lumpur,2011,male,other_noncitizen,85.8
Kuala Lumpur,2012,both,overall,1702.1
Kuala Lumpur,2012,both,bumi_malay,689.5
Kuala Lumpur,2012,both,bumi_other,18.4
Kuala Lumpur,2012,both,chinese,663.5
Kuala Lumpur,2012,both,indian,157.2
Kuala Lumpur,2012,both,other_citizen,15.6
Kuala Lumpur,2012,both,other_noncitizen,157.9
Kuala Lumpur,2012,female,overall,834.2
Kuala Lumpur,2012,female,bumi_malay,348.8
Kuala Lumpur,2012,female,bumi_other,9.4
Kuala Lumpur,2012,female,chinese,323.7
Kuala Lumpur,2012,female,indian,78
Kuala Lumpur,2012,female,other_citizen,7.6
Kuala Lumpur,2012,female,other_noncitizen,66.5
Kuala Lumpur,2012,male,overall,867.9
Kuala Lumpur,2012,male,bumi_malay,340.7
Kuala Lumpur,2012,male,bumi_other,9
Kuala Lumpur,2012,male,chinese,339.7
Kuala Lumpur,2012,male,indian,79.2
Kuala Lumpur,2012,male,other_citizen,7.9
Kuala Lumpur,2012,male,other_noncitizen,91.4
Kuala Lumpur,2013,both,overall,1723.4
Kuala Lumpur,2013,both,bumi_malay,691.1
Kuala Lumpur,2013,both,bumi_other,19.6
Kuala Lumpur,2013,both,chinese,661
Kuala Lumpur,2013,both,indian,155.1
Kuala Lumpur,2013,both,other_citizen,16.1
Kuala Lumpur,2013,both,other_noncitizen,180.2
Kuala Lumpur,2013,female,overall,843.2
Kuala Lumpur,2013,female,bumi_malay,348.5
Kuala Lumpur,2013,female,bumi_other,10
Kuala Lumpur,2013,female,chinese,323.5
Kuala Lumpur,2013,female,indian,77.2
Kuala Lumpur,2013,female,other_citizen,7.9
Kuala Lumpur,2013,female,other_noncitizen,76.2
Kuala Lumpur,2013,male,overall,880.2
Kuala Lumpur,2013,male,bumi_malay,342.6
Kuala Lumpur,2013,male,bumi_other,9.6
Kuala Lumpur,2013,male,chinese,337.5
Kuala Lumpur,2013,male,indian,77.9
Kuala Lumpur,2013,male,other_citizen,8.2
Kuala Lumpur,2013,male,other_noncitizen,104.1
Kuala Lumpur,2014,both,overall,1737.4
Kuala Lumpur,2014,both,bumi_malay,692.9
Kuala Lumpur,2014,both,bumi_other,20.8
Kuala Lumpur,2014,both,chinese,658.4
Kuala Lumpur,2014,both,indian,153.8
Kuala Lumpur,2014,both,other_citizen,16.9
Kuala Lumpur,2014,both,other_noncitizen,194.8
Kuala Lumpur,2014,female,overall,853.3
Kuala Lumpur,2014,female,bumi_malay,348.3
Kuala Lumpur,2014,female,bumi_other,10.3
Kuala Lumpur,2014,female,chinese,323.2
Kuala Lumpur,2014,female,indian,77
Kuala Lumpur,2014,female,other_citizen,8.2
Kuala Lumpur,2014,female,other_noncitizen,86.3
Kuala Lumpur,2014,male,overall,884.1
Kuala Lumpur,2014,male,bumi_malay,344.6
Kuala Lumpur,2014,male,bumi_other,10.5
Kuala Lumpur,2014,male,chinese,335.3
Kuala Lumpur,2014,male,indian,76.8
Kuala Lumpur,2014,male,other_citizen,8.7
Kuala Lumpur,2014,male,other_noncitizen,108.4
Kuala Lumpur,2015,both,overall,1780.4
Kuala Lumpur,2015,both,bumi_malay,695.6
Kuala Lumpur,2015,both,bumi_other,22
Kuala Lumpur,2015,both,chinese,657
Kuala Lumpur,2015,both,indian,153.5
Kuala Lumpur,2015,both,other_citizen,17.4
Kuala Lumpur,2015,both,other_noncitizen,234.7
Kuala Lumpur,2015,female,overall,867.4
Kuala Lumpur,2015,female,bumi_malay,348.6
Kuala Lumpur,2015,female,bumi_other,10.7
Kuala Lumpur,2015,female,chinese,322.8
Kuala Lumpur,2015,female,indian,77.2
Kuala Lumpur,2015,female,other_citizen,8.5
Kuala Lumpur,2015,female,other_noncitizen,99.4
Kuala Lumpur,2015,male,overall,913
Kuala Lumpur,2015,male,bumi_malay,347
Kuala Lumpur,2015,male,bumi_other,11.3
Kuala Lumpur,2015,male,chinese,334.2
Kuala Lumpur,2015,male,indian,76.3
Kuala Lumpur,2015,male,other_citizen,8.9
Kuala Lumpur,2015,male,other_noncitizen,135.4
Kuala Lumpur,2016,both,overall,1789.7
Kuala Lumpur,2016,both,bumi_malay,700.8
Kuala Lumpur,2016,both,bumi_other,21.6
Kuala Lumpur,2016,both,chinese,654.9
Kuala Lumpur,2016,both,indian,151.7
Kuala Lumpur,2016,both,other_citizen,17.9
Kuala Lumpur,2016,both,other_noncitizen,242.7
Kuala Lumpur,2016,female,overall,871.4
Kuala Lumpur,2016,female,bumi_malay,350.5
Kuala Lumpur,2016,female,bumi_other,10.5
Kuala Lumpur,2016,female,chinese,322.4
Kuala Lumpur,2016,female,indian,76.7
Kuala Lumpur,2016,female,other_citizen,8.8
Kuala Lumpur,2016,female,other_noncitizen,102.4
Kuala Lumpur,2016,male,overall,918.3
Kuala Lumpur,2016,male,bumi_malay,350.3
Kuala Lumpur,2016,male,bumi_other,11.1
Kuala Lumpur,2016,male,chinese,332.5
Kuala Lumpur,2016,male,indian,75
Kuala Lumpur,2016,male,other_citizen,9.1
Kuala Lumpur,2016,male,other_noncitizen,140.3
Kuala Lumpur,2017,both,overall,1793.2
Kuala Lumpur,2017,both,bumi_malay,702.2
Kuala Lumpur,2017,both,bumi_other,21.8
Kuala Lumpur,2017,both,chinese,654.5
Kuala Lumpur,2017,both,indian,151.3
Kuala Lumpur,2017,both,other_citizen,18.4
Kuala Lumpur,2017,both,other_noncitizen,245.1
Kuala Lumpur,2017,female,overall,873.8
Kuala Lumpur,2017,female,bumi_malay,351.4
Kuala Lumpur,2017,female,bumi_other,10.5
Kuala Lumpur,2017,female,chinese,322.5
Kuala Lumpur,2017,female,indian,76.6
Kuala Lumpur,2017,female,other_citizen,9.1
Kuala Lumpur,2017,female,other_noncitizen,103.8
Kuala Lumpur,2017,male,overall,919.4
Kuala Lumpur,2017,male,bumi_malay,350.8
Kuala Lumpur,2017,male,bumi_other,11.3
Kuala Lumpur,2017,male,chinese,332
Kuala Lumpur,2017,male,indian,74.7
Kuala Lumpur,2017,male,other_citizen,9.4
Kuala Lumpur,2017,male,other_noncitizen,141.3
Kuala Lumpur,2018,both,overall,1790
Kuala Lumpur,2018,both,bumi_malay,698.8
Kuala Lumpur,2018,both,bumi_other,21.1
Kuala Lumpur,2018,both,chinese,654.2
Kuala Lumpur,2018,both,indian,151.4
Kuala Lumpur,2018,both,other_citizen,18.9
Kuala Lumpur,2018,both,other_noncitizen,246
Kuala Lumpur,2018,female,overall,870.7
Kuala Lumpur,2018,female,bumi_malay,348.8
Kuala Lumpur,2018,female,bumi_other,9.7
Kuala Lumpur,2018,female,chinese,322.6
Kuala Lumpur,2018,female,indian,76.8
Kuala Lumpur,2018,female,other_citizen,9.3
Kuala Lumpur,2018,female,other_noncitizen,103.5
Kuala Lumpur,2018,male,overall,919.4
Kuala Lumpur,2018,male,bumi_malay,350
Kuala Lumpur,2018,male,bumi_other,11.4
Kuala Lumpur,2018,male,chinese,331.5
Kuala Lumpur,2018,male,indian,74.6
Kuala Lumpur,2018,male,other_citizen,9.6
Kuala Lumpur,2018,male,other_noncitizen,142.5
Kuala Lumpur,2019,both,overall,1782.5
Kuala Lumpur,2019,both,bumi_malay,698.5
Kuala Lumpur,2019,both,bumi_other,20.2
Kuala Lumpur,2019,both,chinese,654.9
Kuala Lumpur,2019,both,indian,151.8
Kuala Lumpur,2019,both,other_citizen,19.5
Kuala Lumpur,2019,both,other_noncitizen,237.6
Kuala Lumpur,2019,female,overall,867.3
Kuala Lumpur,2019,female,bumi_malay,348.4
Kuala Lumpur,2019,female,bumi_other,9
Kuala Lumpur,2019,female,chinese,323.4
Kuala Lumpur,2019,female,indian,77.1
Kuala Lumpur,2019,female,other_citizen,9.6
Kuala Lumpur,2019,female,other_noncitizen,100
Kuala Lumpur,2019,male,overall,915.2
Kuala Lumpur,2019,male,bumi_malay,350.1
Kuala Lumpur,2019,male,bumi_other,11.2
Kuala Lumpur,2019,male,chinese,331.5
Kuala Lumpur,2019,male,indian,74.7
Kuala Lumpur,2019,male,other_citizen,9.9
Kuala Lumpur,2019,male,other_noncitizen,137.6
Kuala Lumpur,2020,both,overall,1982.1
Kuala Lumpur,2020,both,bumi_malay,824.6
Kuala Lumpur,2020,both,bumi_other,21.7
Kuala Lumpur,2020,both,chinese,737.2
Kuala Lumpur,2020,both,indian,178.1
Kuala Lumpur,2020,both,other_citizen,12.1
Kuala Lumpur,2020,both,other_noncitizen,208.4
Kuala Lumpur,2020,female,overall,923.2
Kuala Lumpur,2020,female,bumi_malay,409.6
Kuala Lumpur,2020,female,bumi_other,10.7
Kuala Lumpur,2020,female,chinese,362.3
Kuala Lumpur,2020,female,indian,86.6
Kuala Lumpur,2020,female,other_citizen,6
Kuala Lumpur,2020,female,other_noncitizen,48
Kuala Lumpur,2020,male,overall,1058.9
Kuala Lumpur,2020,male,bumi_malay,415
Kuala Lumpur,2020,male,bumi_other,11
Kuala Lumpur,2020,male,chinese,374.9
Kuala Lumpur,2020,male,indian,91.5
Kuala Lumpur,2020,male,other_citizen,6.1
Kuala Lumpur,2020,male,other_noncitizen,160.5
Kuala Lumpur,2021,both,overall,1964
Kuala Lumpur,2021,both,bumi_malay,829.7
Kuala Lumpur,2021,both,bumi_other,19.6
Kuala Lumpur,2021,both,chinese,732.4
Kuala Lumpur,2021,both,indian,177.5
Kuala Lumpur,2021,both,other_citizen,12.4
Kuala Lumpur,2021,both,other_noncitizen,192.4
Kuala Lumpur,2021,female,overall,918.8
Kuala Lumpur,2021,female,bumi_malay,412.2
Kuala Lumpur,2021,female,bumi_other,9.7
Kuala Lumpur,2021,female,chinese,360.1
Kuala Lumpur,2021,female,indian,86.4
Kuala Lumpur,2021,female,other_citizen,6.1
Kuala Lumpur,2021,female,other_noncitizen,44.3
Kuala Lumpur,2021,male,overall,1045.2
Kuala Lumpur,2021,male,bumi_malay,417.6
Kuala Lumpur,2021,male,bumi_other,9.9
Kuala Lumpur,2021,male,chinese,372.3
Kuala Lumpur,2021,male,indian,91.1
Kuala Lumpur,2021,male,other_citizen,6.3
Kuala Lumpur,2021,male,other_noncitizen,148.1
Kuala Lumpur,2022,both,overall,1961.2
Kuala Lumpur,2022,both,bumi_malay,837.2
Kuala Lumpur,2022,both,bumi_other,19.9
Kuala Lumpur,2022,both,chinese,730.7
Kuala Lumpur,2022,both,indian,177
Kuala Lumpur,2022,both,other_citizen,12.7
Kuala Lumpur,2022,both,other_noncitizen,183.6
Kuala Lumpur,2022,female,overall,920.3
Kuala Lumpur,2022,female,bumi_malay,416
Kuala Lumpur,2022,female,bumi_other,9.9
Kuala Lumpur,2022,female,chinese,359.6
Kuala Lumpur,2022,female,indian,86.4
Kuala Lumpur,2022,female,other_citizen,6.3
Kuala Lumpur,2022,female,other_noncitizen,42.3
Kuala Lumpur,2022,male,overall,1040.8
Kuala Lumpur,2022,male,bumi_malay,421.2
Kuala Lumpur,2022,male,bumi_other,10.1
Kuala Lumpur,2022,male,chinese,371.1
Kuala Lumpur,2022,male,indian,90.7
Kuala Lumpur,2022,male,other_citizen,6.4
Kuala Lumpur,2022,male,other_noncitizen,141.4
Kuala Lumpur,2023,both,overall,2005.7
Kuala Lumpur,2023,both,bumi_malay,846.4
Kuala Lumpur,2023,both,bumi_other,20.3
Kuala Lumpur,2023,both,chinese,730.5
Kuala Lumpur,2023,both,indian,177
Kuala Lumpur,2023,both,other_citizen,13.1
Kuala Lumpur,2023,both,other_noncitizen,218.6
Kuala Lumpur,2023,female,overall,933.6
Kuala Lumpur,2023,female,bumi_malay,420.7
Kuala Lumpur,2023,female,bumi_other,10.1
Kuala Lumpur,2023,female,chinese,359.6
Kuala Lumpur,2023,female,indian,86.5
Kuala Lumpur,2023,female,other_citizen,6.5
Kuala Lumpur,2023,female,other_noncitizen,50.3
Kuala Lumpur,2023,male,overall,1072.1
Kuala Lumpur,2023,male,bumi_malay,425.7
Kuala Lumpur,2023,male,bumi_other,10.2
Kuala Lumpur,2023,male,chinese,370.9
Kuala Lumpur,2023,male,indian,90.5
Kuala Lumpur,2023,male,other_citizen,6.6
Kuala Lumpur,2023,male,other_noncitizen,168.2
Kuala Lumpur,2024,both,overall,2067.5
Kuala Lumpur,2024,both,bumi_malay,855
Kuala Lumpur,2024,both,bumi_other,20.6
Kuala Lumpur,2024,both,chinese,730
Kuala Lumpur,2024,both,indian,177
Kuala Lumpur,2024,both,other_citizen,13.5
Kuala Lumpur,2024,both,other_noncitizen,271.5
Kuala Lumpur,2024,female,overall,950.6
Kuala Lumpur,2024,female,bumi_malay,425.1
Kuala Lumpur,2024,female,bumi_other,10.2
Kuala Lumpur,2024,female,chinese,359.7
Kuala Lumpur,2024,female,indian,86.5
Kuala Lumpur,2024,female,other_citizen,6.7
Kuala Lumpur,2024,female,other_noncitizen,62.5
Kuala Lumpur,2024,male,overall,1116.9
Kuala Lumpur,2024,male,bumi_malay,429.9
Kuala Lumpur,2024,male,bumi_other,10.4
Kuala Lumpur,2024,male,chinese,370.3
Kuala Lumpur,2024,male,indian,90.4
Kuala Lumpur,2024,male,other_citizen,6.8
Kuala Lumpur,2024,male,other_noncitizen,209
Kuala Lumpur,2025,both,overall,2074.1
Kuala Lumpur,2025,both,bumi_malay,862.3
Kuala Lumpur,2025,both,bumi_other,21
Kuala Lumpur,2025,both,chinese,729.5
Kuala Lumpur,2025,both,indian,176.9
Kuala Lumpur,2025,both,other_citizen,13.8
Kuala Lumpur,2025,both,other_noncitizen,270.7
Kuala Lumpur,2025,female,overall,954.5
Kuala Lumpur,2025,female,bumi_malay,428.8
Kuala Lumpur,2025,female,bumi_other,10.4
Kuala Lumpur,2025,female,chinese,359.6
Kuala Lumpur,2025,female,indian,86.5
Kuala Lumpur,2025,female,other_citizen,6.9
Kuala Lumpur,2025,female,other_noncitizen,62.3
Kuala Lumpur,2025,male,overall,1119.6
Kuala Lumpur,2025,male,bumi_malay,433.5
Kuala Lumpur,2025,male,bumi_other,10.6
Kuala Lumpur,2025,male,chinese,369.8
Kuala Lumpur,2025,male,indian,90.3
Kuala Lumpur,2025,male,other_citizen,6.9
Kuala Lumpur,2025,male,other_noncitizen,208.4
Labuan,2000,both,overall,76.1
Labuan,2000,both,bumi_malay,29
Labuan,2000,both,bumi_other,24.8
Labuan,2000,both,chinese,4.9
Labuan,2000,both,indian,0.9
Labuan,2000,both,other_citizen,0.4
Labuan,2000,both,other_noncitizen,16.2
Labuan,2000,female,overall,36.2
Labuan,2000,female,bumi_malay,13.5
Labuan,2000,female,bumi_other,11.6
Labuan,2000,female,chinese,2.5
Labuan,2000,female,indian,0.4
Labuan,2000,female,other_citizen,0.2
Labuan,2000,female,other_noncitizen,8
Labuan,2000,male,overall,39.9
Labuan,2000,male,bumi_malay,15.5
Labuan,2000,male,bumi_other,13.2
Labuan,2000,male,chinese,2.4
Labuan,2000,male,indian,0.5
Labuan,2000,male,other_citizen,0.2
Labuan,2000,male,other_noncitizen,8.2
Labuan,2001,both,overall,77
Labuan,2001,both,bumi_malay,28.8
Labuan,2001,both,bumi_other,26.3
Labuan,2001,both,chinese,5.1
Labuan,2001,both,indian,0.8
Labuan,2001,both,other_citizen,0.5
Labuan,2001,both,other_noncitizen,15.4
Labuan,2001,female,overall,36.7
Labuan,2001,female,bumi_malay,13.4
Labuan,2001,female,bumi_other,12.4
Labuan,2001,female,chinese,2.6
Labuan,2001,female,indian,0.4
Labuan,2001,female,other_citizen,0.2
Labuan,2001,female,other_noncitizen,7.6
Labuan,2001,male,overall,40.3
Labuan,2001,male,bumi_malay,15.3
Labuan,2001,male,bumi_other,13.9
Labuan,2001,male,chinese,2.5
Labuan,2001,male,indian,0.5
Labuan,2001,male,other_citizen,0.2
Labuan,2001,male,other_noncitizen,7.8
Labuan,2002,both,overall,77.8
Labuan,2002,both,bumi_malay,28.5
Labuan,2002,both,bumi_other,28.1
Labuan,2002,both,chinese,5.4
Labuan,2002,both,indian,0.8
Labuan,2002,both,other_citizen,0.5
Labuan,2002,both,other_noncitizen,14.6
Labuan,2002,female,overall,37.1
Labuan,2002,female,bumi_malay,13.4
Labuan,2002,female,bumi_other,13.2
Labuan,2002,female,chinese,2.7
Labuan,2002,female,indian,0.4
Labuan,2002,female,other_citizen,0.2
Labuan,2002,female,other_noncitizen,7.2
Labuan,2002,male,overall,40.7
Labuan,2002,male,bumi_malay,15.1
Labuan,2002,male,bumi_other,14.8
Labuan,2002,male,chinese,2.7
Labuan,2002,male,indian,0.5
Labuan,2002,male,other_citizen,0.3
Labuan,2002,male,other_noncitizen,7.4
Labuan,2003,both,overall,78.7
Labuan,2003,both,bumi_malay,28.3
Labuan,2003,both,bumi_other,29.7
Labuan,2003,both,chinese,5.6
Labuan,2003,both,indian,0.8
Labuan,2003,both,other_citizen,0.5
Labuan,2003,both,other_noncitizen,13.7
Labuan,2003,female,overall,37.7
Labuan,2003,female,bumi_malay,13.3
Labuan,2003,female,bumi_other,14.1
Labuan,2003,female,chinese,2.8
Labuan,2003,female,indian,0.3
Labuan,2003,female,other_citizen,0.2
Labuan,2003,female,other_noncitizen,6.8
Labuan,2003,male,overall,41.1
Labuan,2003,male,bumi_malay,15
Labuan,2003,male,bumi_other,15.6
Labuan,2003,male,chinese,2.8
Labuan,2003,male,indian,0.5
Labuan,2003,male,other_citizen,0.3
Labuan,2003,male,other_noncitizen,7
Labuan,2004,both,overall,79.7
Labuan,2004,both,bumi_malay,28.2
Labuan,2004,both,bumi_other,31.3
Labuan,2004,both,chinese,5.9
Labuan,2004,both,indian,0.8
Labuan,2004,both,other_citizen,0.5
Labuan,2004,both,other_noncitizen,12.9
Labuan,2004,female,overall,38.2
Labuan,2004,female,bumi_malay,13.4
Labuan,2004,female,bumi_other,14.9
Labuan,2004,female,chinese,3
Labuan,2004,female,indian,0.3
Labuan,2004,female,other_citizen,0.3
Labuan,2004,female,other_noncitizen,6.4
Labuan,2004,male,overall,41.5
Labuan,2004,male,bumi_malay,14.8
Labuan,2004,male,bumi_other,16.5
Labuan,2004,male,chinese,2.9
Labuan,2004,male,indian,0.5
Labuan,2004,male,other_citizen,0.3
Labuan,2004,male,other_noncitizen,6.6
Labuan,2005,both,overall,80.8
Labuan,2005,both,bumi_malay,28.2
Labuan,2005,both,bumi_other,33
Labuan,2005,both,chinese,6.1
Labuan,2005,both,indian,0.8
Labuan,2005,both,other_citizen,0.6
Labuan,2005,both,other_noncitizen,12.1
Labuan,2005,female,overall,38.8
Labuan,2005,female,bumi_malay,13.4
Labuan,2005,female,bumi_other,15.8
Labuan,2005,female,chinese,3.1
Labuan,2005,female,indian,0.3
Labuan,2005,female,other_citizen,0.3
Labuan,2005,female,other_noncitizen,6
Labuan,2005,male,overall,42
Labuan,2005,male,bumi_malay,14.8
Labuan,2005,male,bumi_other,17.3
Labuan,2005,male,chinese,3
Labuan,2005,male,indian,0.4
Labuan,2005,male,other_citizen,0.3
Labuan,2005,male,other_noncitizen,6.1
Labuan,2006,both,overall,82
Labuan,2006,both,bumi_malay,28.3
Labuan,2006,both,bumi_other,34.5
Labuan,2006,both,chinese,6.4
Labuan,2006,both,indian,0.8
Labuan,2006,both,other_citizen,0.6
Labuan,2006,both,other_noncitizen,11.3
Labuan,2006,female,overall,39.5
Labuan,2006,female,bumi_malay,13.5
Labuan,2006,female,bumi_other,16.5
Labuan,2006,female,chinese,3.2
Labuan,2006,female,indian,0.3
Labuan,2006,female,other_citizen,0.3
Labuan,2006,female,other_noncitizen,5.6
Labuan,2006,male,overall,42.5
Labuan,2006,male,bumi_malay,14.8
Labuan,2006,male,bumi_other,18
Labuan,2006,male,chinese,3.2
Labuan,2006,male,indian,0.4
Labuan,2006,male,other_citizen,0.3
Labuan,2006,male,other_noncitizen,5.7
Labuan,2007,both,overall,83.2
Labuan,2007,both,bumi_malay,28.5
Labuan,2007,both,bumi_other,36.2
Labuan,2007,both,chinese,6.6
Labuan,2007,both,indian,0.8
Labuan,2007,both,other_citizen,0.6
Labuan,2007,both,other_noncitizen,10.5
Labuan,2007,female,overall,40.1
Labuan,2007,female,bumi_malay,13.6
Labuan,2007,female,bumi_other,17.3
Labuan,2007,female,chinese,3.3
Labuan,2007,female,indian,0.3
Labuan,2007,female,other_citizen,0.3
Labuan,2007,female,other_noncitizen,5.2
Labuan,2007,male,overall,43.1
Labuan,2007,male,bumi_malay,14.9
Labuan,2007,male,bumi_other,18.9
Labuan,2007,male,chinese,3.3
Labuan,2007,male,indian,0.4
Labuan,2007,male,other_citizen,0.3
Labuan,2007,male,other_noncitizen,5.3
Labuan,2008,both,overall,84.6
Labuan,2008,both,bumi_malay,28.8
Labuan,2008,both,bumi_other,37.7
Labuan,2008,both,chinese,6.9
Labuan,2008,both,indian,0.7
Labuan,2008,both,other_citizen,0.7
Labuan,2008,both,other_noncitizen,9.7
Labuan,2008,female,overall,40.9
Labuan,2008,female,bumi_malay,13.8
Labuan,2008,female,bumi_other,18.2
Labuan,2008,female,chinese,3.5
Labuan,2008,female,indian,0.3
Labuan,2008,female,other_citizen,0.3
Labuan,2008,female,other_noncitizen,4.8
Labuan,2008,male,overall,43.7
Labuan,2008,male,bumi_malay,15
Labuan,2008,male,bumi_other,19.7
Labuan,2008,male,chinese,3.4
Labuan,2008,male,indian,0.4
Labuan,2008,male,other_citizen,0.3
Labuan,2008,male,other_noncitizen,4.9
Labuan,2009,both,overall,86.3
Labuan,2009,both,bumi_malay,29.4
Labuan,2009,both,bumi_other,39.5
Labuan,2009,both,chinese,7.1
Labuan,2009,both,indian,0.7
Labuan,2009,both,other_citizen,0.7
Labuan,2009,both,other_noncitizen,8.9
Labuan,2009,female,overall,41.7
Labuan,2009,female,bumi_malay,14.1
Labuan,2009,female,bumi_other,19
Labuan,2009,female,chinese,3.6
Labuan,2009,female,indian,0.3
Labuan,2009,female,other_citizen,0.3
Labuan,2009,female,other_noncitizen,4.4
Labuan,2009,male,overall,44.6
Labuan,2009,male,bumi_malay,15.3
Labuan,2009,male,bumi_other,20.5
Labuan,2009,male,chinese,3.6
Labuan,2009,male,indian,0.4
Labuan,2009,male,other_citizen,0.4
Labuan,2009,male,other_noncitizen,4.5
Labuan,2010,both,overall,88.2
Labuan,2010,both,bumi_malay,30.6
Labuan,2010,both,bumi_other,37.2
Labuan,2010,both,chinese,10.1
Labuan,2010,both,indian,0.7
Labuan,2010,both,other_citizen,1.4
Labuan,2010,both,other_noncitizen,8.1
Labuan,2010,female,overall,42.7
Labuan,2010,female,bumi_malay,14.8
Labuan,2010,female,bumi_other,18.1
Labuan,2010,female,chinese,4.9
Labuan,2010,female,indian,0.3
Labuan,2010,female,other_citizen,0.7
Labuan,2010,female,other_noncitizen,4
Labuan,2010,male,overall,45.5
Labuan,2010,male,bumi_malay,15.9
Labuan,2010,male,bumi_other,19.3
Labuan,2010,male,chinese,5.2
Labuan,2010,male,indian,0.4
Labuan,2010,male,other_citizen,0.7
Labuan,2010,male,other_noncitizen,4.1
Labuan,2011,both,overall,89.4
Labuan,2011,both,bumi_malay,31.1
Labuan,2011,both,bumi_other,37.7
Labuan,2011,both,chinese,10.1
Labuan,2011,both,indian,0.7
Labuan,2011,both,other_citizen,1.5
Labuan,2011,both,other_noncitizen,8.2
Labuan,2011,female,overall,43.5
Labuan,2011,female,bumi_malay,15.1
Labuan,2011,female,bumi_other,18.4
Labuan,2011,female,chinese,4.9
Labuan,2011,female,indian,0.3
Labuan,2011,female,other_citizen,0.8
Labuan,2011,female,other_noncitizen,4.1
Labuan,2011,male,overall,45.9
Labuan,2011,male,bumi_malay,16
Labuan,2011,male,bumi_other,19.3
Labuan,2011,male,chinese,5.2
Labuan,2011,male,indian,0.4
Labuan,2011,male,other_citizen,0.8
Labuan,2011,male,other_noncitizen,4.2
Labuan,2012,both,overall,90.5
Labuan,2012,both,bumi_malay,31.7
Labuan,2012,both,bumi_other,38.3
Labuan,2012,both,chinese,9.5
Labuan,2012,both,indian,0.7
Labuan,2012,both,other_citizen,1.7
Labuan,2012,both,other_noncitizen,8.7
Labuan,2012,female,overall,44.5
Labuan,2012,female,bumi_malay,15.4
Labuan,2012,female,bumi_other,18.8
Labuan,2012,female,chinese,4.9
Labuan,2012,female,indian,0.3
Labuan,2012,female,other_citizen,0.9
Labuan,2012,female,other_noncitizen,4.3
Labuan,2012,male,overall,46.1
Labuan,2012,male,bumi_malay,16.3
Labuan,2012,male,bumi_other,19.6
Labuan,2012,male,chinese,4.5
Labuan,2012,male,indian,0.4
Labuan,2012,male,other_citizen,0.9
Labuan,2012,male,other_noncitizen,4.4
Labuan,2013,both,overall,91.4
Labuan,2013,both,bumi_malay,32.5
Labuan,2013,both,bumi_other,38.8
Labuan,2013,both,chinese,9.5
Labuan,2013,both,indian,0.7
Labuan,2013,both,other_citizen,1.9
Labuan,2013,both,other_noncitizen,8.1
Labuan,2013,female,overall,44.9
Labuan,2013,female,bumi_malay,15.8
Labuan,2013,female,bumi_other,18.9
Labuan,2013,female,chinese,5
Labuan,2013,female,indian,0.3
Labuan,2013,female,other_citizen,0.9
Labuan,2013,female,other_noncitizen,4
Labuan,2013,male,overall,46.5
Labuan,2013,male,bumi_malay,16.7
Labuan,2013,male,bumi_other,19.9
Labuan,2013,male,chinese,4.5
Labuan,2013,male,indian,0.4
Labuan,2013,male,other_citizen,1
Labuan,2013,male,other_noncitizen,4.1
Labuan,2014,both,overall,93.8
Labuan,2014,both,bumi_malay,32.9
Labuan,2014,both,bumi_other,38.6
Labuan,2014,both,chinese,9.5
Labuan,2014,both,indian,0.7
Labuan,2014,both,other_citizen,2.1
Labuan,2014,both,other_noncitizen,9.9
Labuan,2014,female,overall,46.4
Labuan,2014,female,bumi_malay,16.1
Labuan,2014,female,bumi_other,19.1
Labuan,2014,female,chinese,5
Labuan,2014,female,indian,0.3
Labuan,2014,female,other_citizen,1
Labuan,2014,female,other_noncitizen,4.9
Labuan,2014,male,overall,47.4
Labuan,2014,male,bumi_malay,16.8
Labuan,2014,male,bumi_other,19.5
Labuan,2014,male,chinese,4.5
Labuan,2014,male,indian,0.4
Labuan,2014,male,other_citizen,1.1
Labuan,2014,male,other_noncitizen,5.1
Labuan,2015,both,overall,95.1
Labuan,2015,both,bumi_malay,33.1
Labuan,2015,both,bumi_other,39.1
Labuan,2015,both,chinese,9.5
Labuan,2015,both,indian,0.7
Labuan,2015,both,other_citizen,2.3
Labuan,2015,both,other_noncitizen,10.4
Labuan,2015,female,overall,47
Labuan,2015,female,bumi_malay,16.3
Labuan,2015,female,bumi_other,19.4
Labuan,2015,female,chinese,5
Labuan,2015,female,indian,0.3
Labuan,2015,female,other_citizen,1.1
Labuan,2015,female,other_noncitizen,5.1
Labuan,2015,male,overall,48.1
Labuan,2015,male,bumi_malay,16.8
Labuan,2015,male,bumi_other,19.7
Labuan,2015,male,chinese,4.5
Labuan,2015,male,indian,0.4
Labuan,2015,male,other_citizen,1.2
Labuan,2015,male,other_noncitizen,5.3
Labuan,2016,both,overall,96.8
Labuan,2016,both,bumi_malay,33.2
Labuan,2016,both,bumi_other,39.7
Labuan,2016,both,chinese,9.5
Labuan,2016,both,indian,0.7
Labuan,2016,both,other_citizen,2.5
Labuan,2016,both,other_noncitizen,10.7
Labuan,2016,female,overall,47.9
Labuan,2016,female,bumi_malay,16.2
Labuan,2016,female,bumi_other,19.7
Labuan,2016,female,chinese,5
Labuan,2016,female,indian,0.3
Labuan,2016,female,other_citizen,1.2
Labuan,2016,female,other_noncitizen,5.2
Labuan,2016,male,overall,48.9
Labuan,2016,male,bumi_malay,17
Labuan,2016,male,bumi_other,20
Labuan,2016,male,chinese,4.5
Labuan,2016,male,indian,0.4
Labuan,2016,male,other_citizen,1.3
Labuan,2016,male,other_noncitizen,5.5
Labuan,2017,both,overall,97.6
Labuan,2017,both,bumi_malay,32.9
Labuan,2017,both,bumi_other,40.8
Labuan,2017,both,chinese,9.5
Labuan,2017,both,indian,0.8
Labuan,2017,both,other_citizen,2.7
Labuan,2017,both,other_noncitizen,11
Labuan,2017,female,overall,48.3
Labuan,2017,female,bumi_malay,16.1
Labuan,2017,female,bumi_other,20.1
Labuan,2017,female,chinese,5
Labuan,2017,female,indian,0.3
Labuan,2017,female,other_citizen,1.3
Labuan,2017,female,other_noncitizen,5.3
Labuan,2017,male,overall,49.2
Labuan,2017,male,bumi_malay,16.8
Labuan,2017,male,bumi_other,20.7
Labuan,2017,male,chinese,4.5
Labuan,2017,male,indian,0.4
Labuan,2017,male,other_citizen,1.4
Labuan,2017,male,other_noncitizen,5.6
Labuan,2018,both,overall,99
Labuan,2018,both,bumi_malay,33.6
Labuan,2018,both,bumi_other,41.2
Labuan,2018,both,chinese,9.6
Labuan,2018,both,indian,0.8
Labuan,2018,both,other_citizen,2.8
Labuan,2018,both,other_noncitizen,11.1
Labuan,2018,female,overall,49.1
Labuan,2018,female,bumi_malay,16.5
Labuan,2018,female,bumi_other,20.3
Labuan,2018,female,chinese,5
Labuan,2018,female,indian,0.3
Labuan,2018,female,other_citizen,1.3
Labuan,2018,female,other_noncitizen,5.4
Labuan,2018,male,overall,49.9
Labuan,2018,male,bumi_malay,17.1
Labuan,2018,male,bumi_other,20.9
Labuan,2018,male,chinese,4.6
Labuan,2018,male,indian,0.4
Labuan,2018,male,other_citizen,1.4
Labuan,2018,male,other_noncitizen,5.7
Labuan,2019,both,overall,99.3
Labuan,2019,both,bumi_malay,34.3
Labuan,2019,both,bumi_other,41.3
Labuan,2019,both,chinese,9.6
Labuan,2019,both,indian,0.8
Labuan,2019,both,other_citizen,2.9
Labuan,2019,both,other_noncitizen,10
Labuan,2019,female,overall,49.3
Labuan,2019,female,bumi_malay,16.8
Labuan,2019,female,bumi_other,20.5
Labuan,2019,female,chinese,5
Labuan,2019,female,indian,0.3
Labuan,2019,female,other_citizen,1.4
Labuan,2019,female,other_noncitizen,4.9
Labuan,2019,male,overall,50
Labuan,2019,male,bumi_malay,17.5
Labuan,2019,male,bumi_other,20.8
Labuan,2019,male,chinese,4.5
Labuan,2019,male,indian,0.4
Labuan,2019,male,other_citizen,1.5
Labuan,2019,male,other_noncitizen,5.2
Labuan,2020,both,overall,95.1
Labuan,2020,both,bumi_malay,23.6
Labuan,2020,both,bumi_other,49
Labuan,2020,both,chinese,9.8
Labuan,2020,both,indian,0.9
Labuan,2020,both,other_citizen,0.9
Labuan,2020,both,other_noncitizen,10.8
Labuan,2020,female,overall,46.2
Labuan,2020,female,bumi_malay,11.1
Labuan,2020,female,bumi_other,23.7
Labuan,2020,female,chinese,5.5
Labuan,2020,female,indian,0.5
Labuan,2020,female,other_citizen,0.4
Labuan,2020,female,other_noncitizen,5.1
Labuan,2020,male,overall,48.9
Labuan,2020,male,bumi_malay,12.6
Labuan,2020,male,bumi_other,25.3
Labuan,2020,male,chinese,4.4
Labuan,2020,male,indian,0.4
Labuan,2020,male,other_citizen,0.5
Labuan,2020,male,other_noncitizen,5.8
Labuan,2021,both,overall,96
Labuan,2021,both,bumi_malay,34.6
Labuan,2021,both,bumi_other,39.4
Labuan,2021,both,chinese,9.8
Labuan,2021,both,indian,0.9
Labuan,2021,both,other_citizen,1
Labuan,2021,both,other_noncitizen,10.4
Labuan,2021,female,overall,46.6
Labuan,2021,female,bumi_malay,16.2
Labuan,2021,female,bumi_other,19.1
Labuan,2021,female,chinese,5.4
Labuan,2021,female,indian,0.4
Labuan,2021,female,other_citizen,0.5
Labuan,2021,female,other_noncitizen,4.9
Labuan,2021,male,overall,49.4
Labuan,2021,male,bumi_malay,18.3
Labuan,2021,male,bumi_other,20.3
Labuan,2021,male,chinese,4.3
Labuan,2021,male,indian,0.4
Labuan,2021,male,other_citizen,0.5
Labuan,2021,male,other_noncitizen,5.5
Labuan,2022,both,overall,96.9
Labuan,2022,both,bumi_malay,34.9
Labuan,2022,both,bumi_other,39.9
Labuan,2022,both,chinese,9.7
Labuan,2022,both,indian,0.9
Labuan,2022,both,other_citizen,1.1
Labuan,2022,both,other_noncitizen,10.3
Labuan,2022,female,overall,47
Labuan,2022,female,bumi_malay,16.4
Labuan,2022,female,bumi_other,19.4
Labuan,2022,female,chinese,5.4
Labuan,2022,female,indian,0.4
Labuan,2022,female,other_citizen,0.6
Labuan,2022,female,other_noncitizen,4.8
Labuan,2022,male,overall,49.8
Labuan,2022,male,bumi_malay,18.5
Labuan,2022,male,bumi_other,20.6
Labuan,2022,male,chinese,4.3
Labuan,2022,male,indian,0.4
Labuan,2022,male,other_citizen,0.6
Labuan,2022,male,other_noncitizen,5.5
Labuan,2023,both,overall,99
Labuan,2023,both,bumi_malay,24.8
Labuan,2023,both,bumi_other,51
Labuan,2023,both,chinese,9.7
Labuan,2023,both,indian,0.9
Labuan,2023,both,other_citizen,1.2
Labuan,2023,both,other_noncitizen,11.4
Labuan,2023,female,overall,48.2
Labuan,2023,female,bumi_malay,11.7
Labuan,2023,female,bumi_other,24.7
Labuan,2023,female,chinese,5.4
Labuan,2023,female,indian,0.4
Labuan,2023,female,other_citizen,0.6
Labuan,2023,female,other_noncitizen,5.3
Labuan,2023,male,overall,50.8
Labuan,2023,male,bumi_malay,13.1
Labuan,2023,male,bumi_other,26.3
Labuan,2023,male,chinese,4.3
Labuan,2023,male,indian,0.4
Labuan,2023,male,other_citizen,0.6
Labuan,2023,male,other_noncitizen,6
Labuan,2024,both,overall,100.8
Labuan,2024,both,bumi_malay,35.7
Labuan,2024,both,bumi_other,41
Labuan,2024,both,chinese,9.7
Labuan,2024,both,indian,0.9
Labuan,2024,both,other_citizen,1.4
Labuan,2024,both,other_noncitizen,12.2
Labuan,2024,female,overall,49
Labuan,2024,female,bumi_malay,16.8
Labuan,2024,female,bumi_other,19.9
Labuan,2024,female,chinese,5.4
Labuan,2024,female,indian,0.5
Labuan,2024,female,other_citizen,0.7
Labuan,2024,female,other_noncitizen,5.7
Labuan,2024,male,overall,51.8
Labuan,2024,male,bumi_malay,18.9
Labuan,2024,male,bumi_other,21.1
Labuan,2024,male,chinese,4.3
Labuan,2024,male,indian,0.4
Labuan,2024,male,other_citizen,0.7
Labuan,2024,male,other_noncitizen,6.5
Labuan,2025,both,overall,100.9
Labuan,2025,both,bumi_malay,36
Labuan,2025,both,bumi_other,41.5
Labuan,2025,both,chinese,9.6
Labuan,2025,both,indian,0.9
Labuan,2025,both,other_citizen,1.5
Labuan,2025,both,other_noncitizen,11.5
Labuan,2025,female,overall,49.1
Labuan,2025,female,bumi_malay,17
Labuan,2025,female,bumi_other,20.1
Labuan,2025,female,chinese,5.4
Labuan,2025,female,indian,0.5
Labuan,2025,female,other_citizen,0.7
Labuan,2025,female,other_noncitizen,5.4
Labuan,2025,male,overall,51.9
Labuan,2025,male,bumi_malay,19
Labuan,2025,male,bumi_other,21.3
Labuan,2025,male,chinese,4.2
Labuan,2025,male,indian,0.4
Labuan,2025,male,other_citizen,0.7
Labuan,2025,male,other_noncitizen,6.1
Putrajaya,2010,both,overall,73.4
Putrajaya,2010,both,bumi_malay,69.3
Putrajaya,2010,both,bumi_other,0.9
Putrajaya,2010,both,chinese,0.5
Putrajaya,2010,both,indian,0.9
Putrajaya,2010,both,other_citizen,0.1
Putrajaya,2010,both,other_noncitizen,1.8
Putrajaya,2010,female,overall,39
Putrajaya,2010,female,bumi_malay,36.7
Putrajaya,2010,female,bumi_other,0.5
Putrajaya,2010,female,chinese,0.2
Putrajaya,2010,female,indian,0.5
Putrajaya,2010,female,other_citizen,0
Putrajaya,2010,female,other_noncitizen,1
Putrajaya,2010,male,overall,34.4
Putrajaya,2010,male,bumi_malay,32.5
Putrajaya,2010,male,bumi_other,0.4
Putrajaya,2010,male,chinese,0.2
Putrajaya,2010,male,indian,0.4
Putrajaya,2010,male,other_citizen,0
Putrajaya,2010,male,other_noncitizen,0.8
Putrajaya,2011,both,overall,77.5
Putrajaya,2011,both,bumi_malay,73
Putrajaya,2011,both,bumi_other,1
Putrajaya,2011,both,chinese,0.5
Putrajaya,2011,both,indian,0.9
Putrajaya,2011,both,other_citizen,0.1
Putrajaya,2011,both,other_noncitizen,2
Putrajaya,2011,female,overall,41
Putrajaya,2011,female,bumi_malay,38.6
Putrajaya,2011,female,bumi_other,0.6
Putrajaya,2011,female,chinese,0.2
Putrajaya,2011,female,indian,0.5
Putrajaya,2011,female,other_citizen,0
Putrajaya,2011,female,other_noncitizen,1.1
Putrajaya,2011,male,overall,36.4
Putrajaya,2011,male,bumi_malay,34.4
Putrajaya,2011,male,bumi_other,0.4
Putrajaya,2011,male,chinese,0.3
Putrajaya,2011,male,indian,0.4
Putrajaya,2011,male,other_citizen,0
Putrajaya,2011,male,other_noncitizen,0.9
Putrajaya,2012,both,overall,78.3
Putrajaya,2012,both,bumi_malay,73.9
Putrajaya,2012,both,bumi_other,0.7
Putrajaya,2012,both,chinese,0.5
Putrajaya,2012,both,indian,0.9
Putrajaya,2012,both,other_citizen,0.1
Putrajaya,2012,both,other_noncitizen,2.2
Putrajaya,2012,female,overall,41.5
Putrajaya,2012,female,bumi_malay,39.1
Putrajaya,2012,female,bumi_other,0.4
Putrajaya,2012,female,chinese,0.2
Putrajaya,2012,female,indian,0.5
Putrajaya,2012,female,other_citizen,0
Putrajaya,2012,female,other_noncitizen,1.2
Putrajaya,2012,male,overall,36.8
Putrajaya,2012,male,bumi_malay,34.8
Putrajaya,2012,male,bumi_other,0.3
Putrajaya,2012,male,chinese,0.3
Putrajaya,2012,male,indian,0.5
Putrajaya,2012,male,other_citizen,0
Putrajaya,2012,male,other_noncitizen,0.9
Putrajaya,2013,both,overall,79.7
Putrajaya,2013,both,bumi_malay,74.6
Putrajaya,2013,both,bumi_other,0.6
Putrajaya,2013,both,chinese,0.5
Putrajaya,2013,both,indian,1
Putrajaya,2013,both,other_citizen,0.1
Putrajaya,2013,both,other_noncitizen,2.6
Putrajaya,2013,female,overall,42.5
Putrajaya,2013,female,bumi_malay,39.7
Putrajaya,2013,female,bumi_other,0.3
Putrajaya,2013,female,chinese,0.2
Putrajaya,2013,female,indian,0.5
Putrajaya,2013,female,other_citizen,0
Putrajaya,2013,female,other_noncitizen,1.5
Putrajaya,2013,male,overall,37.1
Putrajaya,2013,male,bumi_malay,34.9
Putrajaya,2013,male,bumi_other,0.3
Putrajaya,2013,male,chinese,0.3
Putrajaya,2013,male,indian,0.5
Putrajaya,2013,male,other_citizen,0
Putrajaya,2013,male,other_noncitizen,1.1
Putrajaya,2014,both,overall,80.9
Putrajaya,2014,both,bumi_malay,75.5
Putrajaya,2014,both,bumi_other,0.7
Putrajaya,2014,both,chinese,0.5
Putrajaya,2014,both,indian,1.1
Putrajaya,2014,both,other_citizen,0.1
Putrajaya,2014,both,other_noncitizen,2.8
Putrajaya,2014,female,overall,43.3
Putrajaya,2014,female,bumi_malay,40.4
Putrajaya,2014,female,bumi_other,0.3
Putrajaya,2014,female,chinese,0.2
Putrajaya,2014,female,indian,0.6
Putrajaya,2014,female,other_citizen,0.1
Putrajaya,2014,female,other_noncitizen,1.6
Putrajaya,2014,male,overall,37.6
Putrajaya,2014,male,bumi_malay,35.1
Putrajaya,2014,male,bumi_other,0.4
Putrajaya,2014,male,chinese,0.3
Putrajaya,2014,male,indian,0.5
Putrajaya,2014,male,other_citizen,0.1
Putrajaya,2014,male,other_noncitizen,1.2
Putrajaya,2015,both,overall,83
Putrajaya,2015,both,bumi_malay,77.4
Putrajaya,2015,both,bumi_other,0.8
Putrajaya,2015,both,chinese,0.5
Putrajaya,2015,both,indian,1.1
Putrajaya,2015,both,other_citizen,0.1
Putrajaya,2015,both,other_noncitizen,3.1
Putrajaya,2015,female,overall,44.5
Putrajaya,2015,female,bumi_malay,41.4
Putrajaya,2015,female,bumi_other,0.4
Putrajaya,2015,female,chinese,0.2
Putrajaya,2015,female,indian,0.6
Putrajaya,2015,female,other_citizen,0.1
Putrajaya,2015,female,other_noncitizen,1.6
Putrajaya,2015,male,overall,38.5
Putrajaya,2015,male,bumi_malay,36
Putrajaya,2015,male,bumi_other,0.4
Putrajaya,2015,male,chinese,0.3
Putrajaya,2015,male,indian,0.5
Putrajaya,2015,male,other_citizen,0.1
Putrajaya,2015,male,other_noncitizen,1.5
Putrajaya,2016,both,overall,84.4
Putrajaya,2016,both,bumi_malay,78.4
Putrajaya,2016,both,bumi_other,0.9
Putrajaya,2016,both,chinese,0.5
Putrajaya,2016,both,indian,1.1
Putrajaya,2016,both,other_citizen,0.1
Putrajaya,2016,both,other_noncitizen,3.2
Putrajaya,2016,female,overall,45
Putrajaya,2016,female,bumi_malay,41.8
Putrajaya,2016,female,bumi_other,0.5
Putrajaya,2016,female,chinese,0.2
Putrajaya,2016,female,indian,0.6
Putrajaya,2016,female,other_citizen,0.1
Putrajaya,2016,female,other_noncitizen,1.7
Putrajaya,2016,male,overall,39.5
Putrajaya,2016,male,bumi_malay,36.6
Putrajaya,2016,male,bumi_other,0.4
Putrajaya,2016,male,chinese,0.3
Putrajaya,2016,male,indian,0.6
Putrajaya,2016,male,other_citizen,0.1
Putrajaya,2016,male,other_noncitizen,1.5
Putrajaya,2017,both,overall,87.5
Putrajaya,2017,both,bumi_malay,81.3
Putrajaya,2017,both,bumi_other,0.8
Putrajaya,2017,both,chinese,0.5
Putrajaya,2017,both,indian,1.2
Putrajaya,2017,both,other_citizen,0.1
Putrajaya,2017,both,other_noncitizen,3.3
Putrajaya,2017,female,overall,46.5
Putrajaya,2017,female,bumi_malay,43.4
Putrajaya,2017,female,bumi_other,0.3
Putrajaya,2017,female,chinese,0.3
Putrajaya,2017,female,indian,0.6
Putrajaya,2017,female,other_citizen,0.1
Putrajaya,2017,female,other_noncitizen,1.7
Putrajaya,2017,male,overall,41
Putrajaya,2017,male,bumi_malay,37.9
Putrajaya,2017,male,bumi_other,0.5
Putrajaya,2017,male,chinese,0.3
Putrajaya,2017,male,indian,0.6
Putrajaya,2017,male,other_citizen,0.1
Putrajaya,2017,male,other_noncitizen,1.5
Putrajaya,2018,both,overall,97.2
Putrajaya,2018,both,bumi_malay,89.3
Putrajaya,2018,both,bumi_other,1.5
Putrajaya,2018,both,chinese,1.5
Putrajaya,2018,both,indian,1.5
Putrajaya,2018,both,other_citizen,0.1
Putrajaya,2018,both,other_noncitizen,3.3
Putrajaya,2018,female,overall,51.5
Putrajaya,2018,female,bumi_malay,47.2
Putrajaya,2018,female,bumi_other,0.6
Putrajaya,2018,female,chinese,1
Putrajaya,2018,female,indian,0.8
Putrajaya,2018,female,other_citizen,0.1
Putrajaya,2018,female,other_noncitizen,1.7
Putrajaya,2018,male,overall,45.6
Putrajaya,2018,male,bumi_malay,42.1
Putrajaya,2018,male,bumi_other,0.9
Putrajaya,2018,male,chinese,0.5
Putrajaya,2018,male,indian,0.7
Putrajaya,2018,male,other_citizen,0.1
Putrajaya,2018,male,other_noncitizen,1.5
Putrajaya,2019,both,overall,103.7
Putrajaya,2019,both,bumi_malay,94.9
Putrajaya,2019,both,bumi_other,1.8
Putrajaya,2019,both,chinese,2.1
Putrajaya,2019,both,indian,1.7
Putrajaya,2019,both,other_citizen,0.2
Putrajaya,2019,both,other_noncitizen,3.1
Putrajaya,2019,female,overall,55.1
Putrajaya,2019,female,bumi_malay,50.1
Putrajaya,2019,female,bumi_other,0.9
Putrajaya,2019,female,chinese,1.5
Putrajaya,2019,female,indian,0.9
Putrajaya,2019,female,other_citizen,0.1
Putrajaya,2019,female,other_noncitizen,1.6
Putrajaya,2019,male,overall,48.6
Putrajaya,2019,male,bumi_malay,44.8
Putrajaya,2019,male,bumi_other,0.9
Putrajaya,2019,male,chinese,0.6
Putrajaya,2019,male,indian,0.7
Putrajaya,2019,male,other_citizen,0.1
Putrajaya,2019,male,other_noncitizen,1.4
Putrajaya,2020,both,overall,109.2
Putrajaya,2020,both,bumi_malay,101.8
Putrajaya,2020,both,bumi_other,2.3
Putrajaya,2020,both,chinese,0.7
Putrajaya,2020,both,indian,1.3
Putrajaya,2020,both,other_citizen,0.3
Putrajaya,2020,both,other_noncitizen,2.8
Putrajaya,2020,female,overall,55.6
Putrajaya,2020,female,bumi_malay,52.4
Putrajaya,2020,female,bumi_other,1.3
Putrajaya,2020,female,chinese,0.4
Putrajaya,2020,female,indian,0.7
Putrajaya,2020,female,other_citizen,0.1
Putrajaya,2020,female,other_noncitizen,0.8
Putrajaya,2020,male,overall,53.6
Putrajaya,2020,male,bumi_malay,49.4
Putrajaya,2020,male,bumi_other,1
Putrajaya,2020,male,chinese,0.3
Putrajaya,2020,male,indian,0.6
Putrajaya,2020,male,other_citizen,0.1
Putrajaya,2020,male,other_noncitizen,2
Putrajaya,2021,both,overall,115.2
Putrajaya,2021,both,bumi_malay,107.1
Putrajaya,2021,both,bumi_other,2.2
Putrajaya,2021,both,chinese,0.6
Putrajaya,2021,both,indian,1.3
Putrajaya,2021,both,other_citizen,0.3
Putrajaya,2021,both,other_noncitizen,3.7
Putrajaya,2021,female,overall,58.5
Putrajaya,2021,female,bumi_malay,55.1
Putrajaya,2021,female,bumi_other,1.2
Putrajaya,2021,female,chinese,0.3
Putrajaya,2021,female,indian,0.7
Putrajaya,2021,female,other_citizen,0.1
Putrajaya,2021,female,other_noncitizen,1
Putrajaya,2021,male,overall,56.7
Putrajaya,2021,male,bumi_malay,52
Putrajaya,2021,male,bumi_other,1
Putrajaya,2021,male,chinese,0.3
Putrajaya,2021,male,indian,0.6
Putrajaya,2021,male,other_citizen,0.1
Putrajaya,2021,male,other_noncitizen,2.7
Putrajaya,2022,both,overall,117
Putrajaya,2022,both,bumi_malay,108.7
Putrajaya,2022,both,bumi_other,2.3
Putrajaya,2022,both,chinese,0.6
Putrajaya,2022,both,indian,1.4
Putrajaya,2022,both,other_citizen,0.3
Putrajaya,2022,both,other_noncitizen,3.7
Putrajaya,2022,female,overall,59.4
Putrajaya,2022,female,bumi_malay,56
Putrajaya,2022,female,bumi_other,1.2
Putrajaya,2022,female,chinese,0.3
Putrajaya,2022,female,indian,0.7
Putrajaya,2022,female,other_citizen,0.1
Putrajaya,2022,female,other_noncitizen,1
Putrajaya,2022,male,overall,57.6
Putrajaya,2022,male,bumi_malay,52.8
Putrajaya,2022,male,bumi_other,1
Putrajaya,2022,male,chinese,0.3
Putrajaya,2022,male,indian,0.7
Putrajaya,2022,male,other_citizen,0.1
Putrajaya,2022,male,other_noncitizen,2.7
Putrajaya,2023,both,overall,118.8
Putrajaya,2023,both,bumi_malay,110.2
Putrajaya,2023,both,bumi_other,2.3
Putrajaya,2023,both,chinese,0.6
Putrajaya,2023,both,indian,1.4
Putrajaya,2023,both,other_citizen,0.3
Putrajaya,2023,both,other_noncitizen,4
Putrajaya,2023,female,overall,60.2
Putrajaya,2023,female,bumi_malay,56.7
Putrajaya,2023,female,bumi_other,1.2
Putrajaya,2023,female,chinese,0.3
Putrajaya,2023,female,indian,0.7
Putrajaya,2023,female,other_citizen,0.1
Putrajaya,2023,female,other_noncitizen,1.1
Putrajaya,2023,male,overall,58.6
Putrajaya,2023,male,bumi_malay,53.6
Putrajaya,2023,male,bumi_other,1
Putrajaya,2023,male,chinese,0.3
Putrajaya,2023,male,indian,0.7
Putrajaya,2023,male,other_citizen,0.1
Putrajaya,2023,male,other_noncitizen,2.9
Putrajaya,2024,both,overall,120.3
Putrajaya,2024,both,bumi_malay,111.5
Putrajaya,2024,both,bumi_other,2.3
Putrajaya,2024,both,chinese,0.6
Putrajaya,2024,both,indian,1.4
Putrajaya,2024,both,other_citizen,0.3
Putrajaya,2024,both,other_noncitizen,4.1
Putrajaya,2024,female,overall,60.8
Putrajaya,2024,female,bumi_malay,57.3
Putrajaya,2024,female,bumi_other,1.3
Putrajaya,2024,female,chinese,0.3
Putrajaya,2024,female,indian,0.7
Putrajaya,2024,female,other_citizen,0.1
Putrajaya,2024,female,other_noncitizen,1.1
Putrajaya,2024,male,overall,59.4
Putrajaya,2024,male,bumi_malay,54.2
Putrajaya,2024,male,bumi_other,1.1
Putrajaya,2024,male,chinese,0.3
Putrajaya,2024,male,indian,0.7
Putrajaya,2024,male,other_citizen,0.1
Putrajaya,2024,male,other_noncitizen,3
Putrajaya,2025,both,overall,120.8
Putrajaya,2025,both,bumi_malay,112.7
Putrajaya,2025,both,bumi_other,2.3
Putrajaya,2025,both,chinese,0.6
Putrajaya,2025,both,indian,1.4
Putrajaya,2025,both,other_citizen,0.3
Putrajaya,2025,both,other_noncitizen,3.4
Putrajaya,2025,female,overall,61.2
Putrajaya,2025,female,bumi_malay,57.8
Putrajaya,2025,female,bumi_other,1.3
Putrajaya,2025,female,chinese,0.3
Putrajaya,2025,female,indian,0.7
Putrajaya,2025,female,other_citizen,0.1
Putrajaya,2025,female,other_noncitizen,0.9
Putrajaya,2025,male,overall,59.5
Putrajaya,2025,male,bumi_malay,54.8
Putrajaya,2025,male,bumi_other,1.1
Putrajaya,2025,male,chinese,0.3
Putrajaya,2025,male,indian,0.7
Putrajaya,2025,male,other_citizen,0.1
Putrajaya,2025,male,other_noncitizen,2.5
