year,sex,age,ethnicity,population
2000,both,overall,overall,23494.9
2000,both,overall,bumi_malay,11785.9
2000,both,overall,bumi_other,2563.3
2000,both,overall,chinese,5761.7
2000,both,overall,indian,1696.1
2000,both,overall,other_citizen,274.7
2000,both,overall,other_noncitizen,1413.1
2000,both,0-4,overall,2833.4
2000,both,0-4,bumi_malay,1579.5
2000,both,0-4,bumi_other,338.9
2000,both,0-4,chinese,546.7
2000,both,0-4,indian,185.7
2000,both,0-4,other_citizen,46.5
2000,both,0-4,other_noncitizen,136.1
2000,both,09-May,overall,2646
2000,both,09-May,bumi_malay,1495.6
2000,both,09-May,bumi_other,335.4
2000,both,09-May,chinese,513.6
2000,both,09-May,indian,171.9
2000,both,09-May,other_citizen,40.5
2000,both,09-May,other_noncitizen,89.1
2000,both,14-Oct,overall,2523.7
2000,both,14-Oct,bumi_malay,1413.4
2000,both,14-Oct,bumi_other,313.3
2000,both,14-Oct,chinese,519.7
2000,both,14-Oct,indian,173.3
2000,both,14-Oct,other_citizen,34.2
2000,both,14-Oct,other_noncitizen,69.6
2000,both,15-19,overall,2335.7
2000,both,15-19,bumi_malay,1259.4
2000,both,15-19,bumi_other,283.3
2000,both,15-19,chinese,503
2000,both,15-19,indian,165.7
2000,both,15-19,other_citizen,28.4
2000,both,15-19,other_noncitizen,95.8
2000,both,20-24,overall,2088.5
2000,both,20-24,bumi_malay,988.8
2000,both,20-24,bumi_other,232.1
2000,both,20-24,chinese,470.2
2000,both,20-24,indian,153
2000,both,20-24,other_citizen,21.3
2000,both,20-24,other_noncitizen,223
2000,both,25-29,overall,1919.5
2000,both,25-29,bumi_malay,854.4
2000,both,25-29,bumi_other,202.5
2000,both,25-29,chinese,456.3
2000,both,25-29,indian,144.5
2000,both,25-29,other_citizen,17.7
2000,both,25-29,other_noncitizen,244.1
2000,both,30-34,overall,1837.1
2000,both,30-34,bumi_malay,837.4
2000,both,30-34,bumi_other,192.2
2000,both,30-34,chinese,463.1
2000,both,30-34,indian,139.9
2000,both,30-34,other_citizen,18.1
2000,both,30-34,other_noncitizen,186.4
2000,both,35-39,overall,1668.2
2000,both,35-39,bumi_malay,760.2
2000,both,35-39,bumi_other,167.2
2000,both,35-39,chinese,448.4
2000,both,35-39,indian,130.8
2000,both,35-39,other_citizen,16.4
2000,both,35-39,other_noncitizen,145.2
2000,both,40-44,overall,1451
2000,both,40-44,bumi_malay,669.1
2000,both,40-44,bumi_other,131.2
2000,both,40-44,chinese,428.4
2000,both,40-44,indian,121.5
2000,both,40-44,other_citizen,14.6
2000,both,40-44,other_noncitizen,86.2
2000,both,45-49,overall,1205.1
2000,both,45-49,bumi_malay,556.6
2000,both,45-49,bumi_other,103.2
2000,both,45-49,chinese,380.8
2000,both,45-49,indian,101.9
2000,both,45-49,other_citizen,11.9
2000,both,45-49,other_noncitizen,50.7
2000,both,50-54,overall,877.7
2000,both,50-54,bumi_malay,399.8
2000,both,50-54,bumi_other,76.7
2000,both,50-54,chinese,296.1
2000,both,50-54,indian,67
2000,both,50-54,other_citizen,7.5
2000,both,50-54,other_noncitizen,30.6
2000,both,55-59,overall,658
2000,both,55-59,bumi_malay,297.8
2000,both,55-59,bumi_other,57.5
2000,both,55-59,chinese,234.5
2000,both,55-59,indian,46.9
2000,both,55-59,other_citizen,5.2
2000,both,55-59,other_noncitizen,16.1
2000,both,60-64,overall,519.3
2000,both,60-64,bumi_malay,236.1
2000,both,60-64,bumi_other,46.9
2000,both,60-64,chinese,182.9
2000,both,60-64,indian,36.6
2000,both,60-64,other_citizen,4.2
2000,both,60-64,other_noncitizen,12.7
2000,both,65-69,overall,378.3
2000,both,65-69,bumi_malay,173.4
2000,both,65-69,bumi_other,34.8
2000,both,65-69,chinese,133.4
2000,both,65-69,indian,25.4
2000,both,65-69,other_citizen,3
2000,both,65-69,other_noncitizen,8.3
2000,both,70-74,overall,264.2
2000,both,70-74,bumi_malay,128
2000,both,70-74,bumi_other,23.3
2000,both,70-74,chinese,87.6
2000,both,70-74,indian,15.9
2000,both,70-74,other_citizen,2.3
2000,both,70-74,other_noncitizen,7
2000,both,75-79,overall,142.7
2000,both,75-79,bumi_malay,67.6
2000,both,75-79,bumi_other,13.4
2000,both,75-79,chinese,46.9
2000,both,75-79,indian,8.7
2000,both,75-79,other_citizen,1.3
2000,both,75-79,other_noncitizen,4.7
2000,both,80-84,overall,87.9
2000,both,80-84,bumi_malay,42.6
2000,both,80-84,bumi_other,6.7
2000,both,80-84,chinese,29.2
2000,both,80-84,indian,4.5
2000,both,80-84,other_citizen,0.9
2000,both,80-84,other_noncitizen,3.9
2000,both,85+,overall,58.8
2000,both,85+,bumi_malay,26.4
2000,both,85+,bumi_other,4.7
2000,both,85+,chinese,21
2000,both,85+,indian,2.8
2000,both,85+,other_citizen,0.6
2000,both,85+,other_noncitizen,3.4
2000,female,overall,overall,11529.3
2000,female,overall,bumi_malay,5850.3
2000,female,overall,bumi_other,1267.6
2000,female,overall,chinese,2811.2
2000,female,overall,indian,845.6
2000,female,overall,other_citizen,136.8
2000,female,overall,other_noncitizen,617.9
2000,female,0-4,overall,1373.9
2000,female,0-4,bumi_malay,766.4
2000,female,0-4,bumi_other,165.8
2000,female,0-4,chinese,263.6
2000,female,0-4,indian,91.2
2000,female,0-4,other_citizen,22.5
2000,female,0-4,other_noncitizen,64.4
2000,female,09-May,overall,1280.9
2000,female,09-May,bumi_malay,725.7
2000,female,09-May,bumi_other,163.7
2000,female,09-May,chinese,245.3
2000,female,09-May,indian,84.1
2000,female,09-May,other_citizen,19.8
2000,female,09-May,other_noncitizen,42.3
2000,female,14-Oct,overall,1235.2
2000,female,14-Oct,bumi_malay,693.3
2000,female,14-Oct,bumi_other,154
2000,female,14-Oct,chinese,251.3
2000,female,14-Oct,indian,84.5
2000,female,14-Oct,other_citizen,17
2000,female,14-Oct,other_noncitizen,35.1
2000,female,15-19,overall,1151.1
2000,female,15-19,bumi_malay,623.2
2000,female,15-19,bumi_other,140.4
2000,female,15-19,chinese,244.5
2000,female,15-19,indian,81.4
2000,female,15-19,other_citizen,14.4
2000,female,15-19,other_noncitizen,47.3
2000,female,20-24,overall,1033.8
2000,female,20-24,bumi_malay,497.4
2000,female,20-24,bumi_other,117.3
2000,female,20-24,chinese,230.2
2000,female,20-24,indian,77
2000,female,20-24,other_citizen,11.4
2000,female,20-24,other_noncitizen,100.4
2000,female,25-29,overall,950.9
2000,female,25-29,bumi_malay,433.7
2000,female,25-29,bumi_other,103.2
2000,female,25-29,chinese,224.4
2000,female,25-29,indian,73.3
2000,female,25-29,other_citizen,9.8
2000,female,25-29,other_noncitizen,106.6
2000,female,30-34,overall,905.3
2000,female,30-34,bumi_malay,423.5
2000,female,30-34,bumi_other,97.3
2000,female,30-34,chinese,228.7
2000,female,30-34,indian,70.5
2000,female,30-34,other_citizen,9.8
2000,female,30-34,other_noncitizen,75.5
2000,female,35-39,overall,818
2000,female,35-39,bumi_malay,383
2000,female,35-39,bumi_other,83.8
2000,female,35-39,chinese,220.7
2000,female,35-39,indian,65.7
2000,female,35-39,other_citizen,8.6
2000,female,35-39,other_noncitizen,56.3
2000,female,40-44,overall,705
2000,female,40-44,bumi_malay,332.6
2000,female,40-44,bumi_other,63.5
2000,female,40-44,chinese,207.8
2000,female,40-44,indian,60.7
2000,female,40-44,other_citizen,6.7
2000,female,40-44,other_noncitizen,33.8
2000,female,45-49,overall,581.7
2000,female,45-49,bumi_malay,274.4
2000,female,45-49,bumi_other,49
2000,female,45-49,chinese,182.9
2000,female,45-49,indian,50.7
2000,female,45-49,other_citizen,5.1
2000,female,45-49,other_noncitizen,19.5
2000,female,50-54,overall,419.4
2000,female,50-54,bumi_malay,195.1
2000,female,50-54,bumi_other,36.6
2000,female,50-54,chinese,139.8
2000,female,50-54,indian,33
2000,female,50-54,other_citizen,3.5
2000,female,50-54,other_noncitizen,11.5
2000,female,55-59,overall,315.9
2000,female,55-59,bumi_malay,145.9
2000,female,55-59,bumi_other,27.7
2000,female,55-59,chinese,110.6
2000,female,55-59,indian,23.3
2000,female,55-59,other_citizen,2.5
2000,female,55-59,other_noncitizen,5.9
2000,female,60-64,overall,261.6
2000,female,60-64,bumi_malay,121.6
2000,female,60-64,bumi_other,23.7
2000,female,60-64,chinese,89.6
2000,female,60-64,indian,19.6
2000,female,60-64,other_citizen,1.9
2000,female,60-64,other_noncitizen,5.3
2000,female,65-69,overall,196.7
2000,female,65-69,bumi_malay,91.9
2000,female,65-69,bumi_other,17.9
2000,female,65-69,chinese,67.5
2000,female,65-69,indian,14.1
2000,female,65-69,other_citizen,1.3
2000,female,65-69,other_noncitizen,3.9
2000,female,70-74,overall,138.3
2000,female,70-74,bumi_malay,67.6
2000,female,70-74,bumi_other,11.3
2000,female,70-74,chinese,46.9
2000,female,70-74,indian,8
2000,female,70-74,other_citizen,1.1
2000,female,70-74,other_noncitizen,3.4
2000,female,75-79,overall,76.6
2000,female,75-79,bumi_malay,35.8
2000,female,75-79,bumi_other,6.5
2000,female,75-79,chinese,26.7
2000,female,75-79,indian,4.6
2000,female,75-79,other_citizen,0.6
2000,female,75-79,other_noncitizen,2.4
2000,female,80-84,overall,50.4
2000,female,80-84,bumi_malay,23.8
2000,female,80-84,bumi_other,3.4
2000,female,80-84,chinese,18
2000,female,80-84,indian,2.5
2000,female,80-84,other_citizen,0.4
2000,female,80-84,other_noncitizen,2.2
2000,female,85+,overall,34.5
2000,female,85+,bumi_malay,15.4
2000,female,85+,bumi_other,2.5
2000,female,85+,chinese,12.9
2000,female,85+,indian,1.5
2000,female,85+,other_citizen,0.3
2000,female,85+,other_noncitizen,2
2000,male,overall,overall,11965.6
2000,male,overall,bumi_malay,5935.6
2000,male,overall,bumi_other,1295.7
2000,male,overall,chinese,2950.6
2000,male,overall,indian,850.6
2000,male,overall,other_citizen,137.9
2000,male,overall,other_noncitizen,795.2
2000,male,0-4,overall,1459.5
2000,male,0-4,bumi_malay,813
2000,male,0-4,bumi_other,173.1
2000,male,0-4,chinese,283.1
2000,male,0-4,indian,94.5
2000,male,0-4,other_citizen,24
2000,male,0-4,other_noncitizen,71.7
2000,male,09-May,overall,1365.1
2000,male,09-May,bumi_malay,769.9
2000,male,09-May,bumi_other,171.6
2000,male,09-May,chinese,268.3
2000,male,09-May,indian,87.8
2000,male,09-May,other_citizen,20.7
2000,male,09-May,other_noncitizen,46.8
2000,male,14-Oct,overall,1288.4
2000,male,14-Oct,bumi_malay,720.1
2000,male,14-Oct,bumi_other,159.3
2000,male,14-Oct,chinese,268.5
2000,male,14-Oct,indian,88.8
2000,male,14-Oct,other_citizen,17.2
2000,male,14-Oct,other_noncitizen,34.5
2000,male,15-19,overall,1184.6
2000,male,15-19,bumi_malay,636.2
2000,male,15-19,bumi_other,143
2000,male,15-19,chinese,258.5
2000,male,15-19,indian,84.3
2000,male,15-19,other_citizen,14
2000,male,15-19,other_noncitizen,48.5
2000,male,20-24,overall,1054.7
2000,male,20-24,bumi_malay,491.4
2000,male,20-24,bumi_other,114.8
2000,male,20-24,chinese,240
2000,male,20-24,indian,76
2000,male,20-24,other_citizen,9.9
2000,male,20-24,other_noncitizen,122.6
2000,male,25-29,overall,968.6
2000,male,25-29,bumi_malay,420.7
2000,male,25-29,bumi_other,99.3
2000,male,25-29,chinese,231.9
2000,male,25-29,indian,71.2
2000,male,25-29,other_citizen,7.9
2000,male,25-29,other_noncitizen,137.5
2000,male,30-34,overall,931.8
2000,male,30-34,bumi_malay,413.9
2000,male,30-34,bumi_other,94.9
2000,male,30-34,chinese,234.4
2000,male,30-34,indian,69.4
2000,male,30-34,other_citizen,8.3
2000,male,30-34,other_noncitizen,110.9
2000,male,35-39,overall,850.2
2000,male,35-39,bumi_malay,377.2
2000,male,35-39,bumi_other,83.4
2000,male,35-39,chinese,227.7
2000,male,35-39,indian,65.1
2000,male,35-39,other_citizen,7.8
2000,male,35-39,other_noncitizen,88.9
2000,male,40-44,overall,746
2000,male,40-44,bumi_malay,336.5
2000,male,40-44,bumi_other,67.7
2000,male,40-44,chinese,220.6
2000,male,40-44,indian,60.8
2000,male,40-44,other_citizen,7.9
2000,male,40-44,other_noncitizen,52.4
2000,male,45-49,overall,623.4
2000,male,45-49,bumi_malay,282.2
2000,male,45-49,bumi_other,54.2
2000,male,45-49,chinese,197.9
2000,male,45-49,indian,51.2
2000,male,45-49,other_citizen,6.8
2000,male,45-49,other_noncitizen,31.2
2000,male,50-54,overall,458.3
2000,male,50-54,bumi_malay,204.7
2000,male,50-54,bumi_other,40.1
2000,male,50-54,chinese,156.3
2000,male,50-54,indian,34
2000,male,50-54,other_citizen,4
2000,male,50-54,other_noncitizen,19.1
2000,male,55-59,overall,342.1
2000,male,55-59,bumi_malay,151.9
2000,male,55-59,bumi_other,29.8
2000,male,55-59,chinese,123.9
2000,male,55-59,indian,23.6
2000,male,55-59,other_citizen,2.7
2000,male,55-59,other_noncitizen,10.2
2000,male,60-64,overall,257.7
2000,male,60-64,bumi_malay,114.5
2000,male,60-64,bumi_other,23.2
2000,male,60-64,chinese,93.3
2000,male,60-64,indian,17
2000,male,60-64,other_citizen,2.3
2000,male,60-64,other_noncitizen,7.4
2000,male,65-69,overall,181.6
2000,male,65-69,bumi_malay,81.5
2000,male,65-69,bumi_other,16.9
2000,male,65-69,chinese,65.9
2000,male,65-69,indian,11.3
2000,male,65-69,other_citizen,1.7
2000,male,65-69,other_noncitizen,4.4
2000,male,70-74,overall,125.9
2000,male,70-74,bumi_malay,60.4
2000,male,70-74,bumi_other,12
2000,male,70-74,chinese,40.7
2000,male,70-74,indian,7.9
2000,male,70-74,other_citizen,1.2
2000,male,70-74,other_noncitizen,3.6
2000,male,75-79,overall,66.1
2000,male,75-79,bumi_malay,31.8
2000,male,75-79,bumi_other,6.9
2000,male,75-79,chinese,20.2
2000,male,75-79,indian,4.1
2000,male,75-79,other_citizen,0.7
2000,male,75-79,other_noncitizen,2.3
2000,male,80-84,overall,37.5
2000,male,80-84,bumi_malay,18.8
2000,male,80-84,bumi_other,3.3
2000,male,80-84,chinese,11.2
2000,male,80-84,indian,2
2000,male,80-84,other_citizen,0.5
2000,male,80-84,other_noncitizen,1.7
2000,male,85+,overall,24.3
2000,male,85+,bumi_malay,11
2000,male,85+,bumi_other,2.2
2000,male,85+,chinese,8.1
2000,male,85+,indian,1.3
2000,male,85+,other_citizen,0.3
2000,male,85+,other_noncitizen,1.4
2001,both,overall,overall,24030.5
2001,both,overall,bumi_malay,12041.5
2001,both,overall,bumi_other,2632.8
2001,both,overall,chinese,5849.2
2001,both,overall,indian,1722.9
2001,both,overall,other_citizen,276
2001,both,overall,other_noncitizen,1508.1
2001,both,0-4,overall,2801.2
2001,both,0-4,bumi_malay,1564.3
2001,both,0-4,bumi_other,338.7
2001,both,0-4,chinese,548.4
2001,both,0-4,indian,184.7
2001,both,0-4,other_citizen,45.1
2001,both,0-4,other_noncitizen,120
2001,both,09-May,overall,2685.8
2001,both,09-May,bumi_malay,1509.4
2001,both,09-May,bumi_other,341.9
2001,both,09-May,chinese,518.3
2001,both,09-May,indian,173.4
2001,both,09-May,other_citizen,40.7
2001,both,09-May,other_noncitizen,102
2001,both,14-Oct,overall,2586.8
2001,both,14-Oct,bumi_malay,1432.2
2001,both,14-Oct,bumi_other,320.2
2001,both,14-Oct,chinese,521.2
2001,both,14-Oct,indian,174.6
2001,both,14-Oct,other_citizen,34.9
2001,both,14-Oct,other_noncitizen,103.8
2001,both,15-19,overall,2428
2001,both,15-19,bumi_malay,1301
2001,both,15-19,bumi_other,292.8
2001,both,15-19,chinese,511.1
2001,both,15-19,indian,169.2
2001,both,15-19,other_citizen,29.3
2001,both,15-19,other_noncitizen,124.6
2001,both,20-24,overall,2149.2
2001,both,20-24,bumi_malay,1035
2001,both,20-24,bumi_other,240.9
2001,both,20-24,chinese,477.5
2001,both,20-24,indian,155.4
2001,both,20-24,other_citizen,21.9
2001,both,20-24,other_noncitizen,218.5
2001,both,25-29,overall,1948.1
2001,both,25-29,bumi_malay,871
2001,both,25-29,bumi_other,206.7
2001,both,25-29,chinese,458.2
2001,both,25-29,indian,144.9
2001,both,25-29,other_citizen,17.6
2001,both,25-29,other_noncitizen,249.8
2001,both,30-34,overall,1854.1
2001,both,30-34,bumi_malay,841.9
2001,both,30-34,bumi_other,194.9
2001,both,30-34,chinese,463.2
2001,both,30-34,indian,140.1
2001,both,30-34,other_citizen,17.5
2001,both,30-34,other_noncitizen,196.6
2001,both,35-39,overall,1702.6
2001,both,35-39,bumi_malay,778.2
2001,both,35-39,bumi_other,173.6
2001,both,35-39,chinese,451.6
2001,both,35-39,indian,132.3
2001,both,35-39,other_citizen,16.3
2001,both,35-39,other_noncitizen,150.6
2001,both,40-44,overall,1490.6
2001,both,40-44,bumi_malay,688.1
2001,both,40-44,bumi_other,138.6
2001,both,40-44,chinese,431.7
2001,both,40-44,indian,123.3
2001,both,40-44,other_citizen,14.5
2001,both,40-44,other_noncitizen,94.5
2001,both,45-49,overall,1250.1
2001,both,45-49,bumi_malay,580
2001,both,45-49,bumi_other,108.1
2001,both,45-49,chinese,389.3
2001,both,45-49,indian,105.7
2001,both,45-49,other_citizen,12.2
2001,both,45-49,other_noncitizen,54.8
2001,both,50-54,overall,934.2
2001,both,50-54,bumi_malay,428.2
2001,both,50-54,bumi_other,80.8
2001,both,50-54,chinese,310.9
2001,both,50-54,indian,72.9
2001,both,50-54,other_citizen,8
2001,both,50-54,other_noncitizen,33.4
2001,both,55-59,overall,684.9
2001,both,55-59,bumi_malay,310.4
2001,both,55-59,bumi_other,60.3
2001,both,55-59,chinese,242.2
2001,both,55-59,indian,48.7
2001,both,55-59,other_citizen,5.4
2001,both,55-59,other_noncitizen,17.9
2001,both,60-64,overall,537.8
2001,both,60-64,bumi_malay,244.7
2001,both,60-64,bumi_other,48.1
2001,both,60-64,chinese,190.2
2001,both,60-64,indian,37.4
2001,both,60-64,other_citizen,4.2
2001,both,60-64,other_noncitizen,13.1
2001,both,65-69,overall,392.5
2001,both,65-69,bumi_malay,178.8
2001,both,65-69,bumi_other,36.3
2001,both,65-69,chinese,138.7
2001,both,65-69,indian,26.6
2001,both,65-69,other_citizen,3
2001,both,65-69,other_noncitizen,8.9
2001,both,70-74,overall,275.8
2001,both,70-74,bumi_malay,132.1
2001,both,70-74,bumi_other,24.6
2001,both,70-74,chinese,92.8
2001,both,70-74,indian,16.7
2001,both,70-74,other_citizen,2.3
2001,both,70-74,other_noncitizen,7.2
2001,both,75-79,overall,152.9
2001,both,75-79,bumi_malay,72.6
2001,both,75-79,bumi_other,14.2
2001,both,75-79,chinese,50.5
2001,both,75-79,indian,9.2
2001,both,75-79,other_citizen,1.5
2001,both,75-79,other_noncitizen,5
2001,both,80-84,overall,88.6
2001,both,80-84,bumi_malay,42.5
2001,both,80-84,bumi_other,7.1
2001,both,80-84,chinese,29.4
2001,both,80-84,indian,4.7
2001,both,80-84,other_citizen,0.9
2001,both,80-84,other_noncitizen,3.9
2001,both,85+,overall,67.7
2001,both,85+,bumi_malay,30.9
2001,both,85+,bumi_other,5.2
2001,both,85+,chinese,24
2001,both,85+,indian,3.2
2001,both,85+,other_citizen,0.6
2001,both,85+,other_noncitizen,3.6
2001,female,overall,overall,11773.1
2001,female,overall,bumi_malay,5976
2001,female,overall,bumi_other,1301.1
2001,female,overall,chinese,2851.4
2001,female,overall,indian,858.9
2001,female,overall,other_citizen,137.1
2001,female,overall,other_noncitizen,648.6
2001,female,0-4,overall,1359.7
2001,female,0-4,bumi_malay,759.8
2001,female,0-4,bumi_other,165.4
2001,female,0-4,chinese,265.1
2001,female,0-4,indian,90.7
2001,female,0-4,other_citizen,21.8
2001,female,0-4,other_noncitizen,56.9
2001,female,09-May,overall,1299.7
2001,female,09-May,bumi_malay,732.5
2001,female,09-May,bumi_other,167.1
2001,female,09-May,chinese,247.8
2001,female,09-May,indian,85.1
2001,female,09-May,other_citizen,19.8
2001,female,09-May,other_noncitizen,47.5
2001,female,14-Oct,overall,1262.2
2001,female,14-Oct,bumi_malay,702
2001,female,14-Oct,bumi_other,157.8
2001,female,14-Oct,chinese,252
2001,female,14-Oct,indian,85.1
2001,female,14-Oct,other_citizen,17.3
2001,female,14-Oct,other_noncitizen,48.1
2001,female,15-19,overall,1189.2
2001,female,15-19,bumi_malay,642.7
2001,female,15-19,bumi_other,144.9
2001,female,15-19,chinese,248.6
2001,female,15-19,indian,82.9
2001,female,15-19,other_citizen,14.7
2001,female,15-19,other_noncitizen,55.3
2001,female,20-24,overall,1056.8
2001,female,20-24,bumi_malay,517.9
2001,female,20-24,bumi_other,121.1
2001,female,20-24,chinese,233
2001,female,20-24,indian,77.7
2001,female,20-24,other_citizen,11.6
2001,female,20-24,other_noncitizen,95.6
2001,female,25-29,overall,961.9
2001,female,25-29,bumi_malay,440.9
2001,female,25-29,bumi_other,105.1
2001,female,25-29,chinese,224.5
2001,female,25-29,indian,73.3
2001,female,25-29,other_citizen,9.7
2001,female,25-29,other_noncitizen,108.5
2001,female,30-34,overall,914.5
2001,female,30-34,bumi_malay,426.3
2001,female,30-34,bumi_other,98.5
2001,female,30-34,chinese,228.6
2001,female,30-34,indian,70.8
2001,female,30-34,other_citizen,9.5
2001,female,30-34,other_noncitizen,80.9
2001,female,35-39,overall,834.3
2001,female,35-39,bumi_malay,392
2001,female,35-39,bumi_other,86.9
2001,female,35-39,chinese,221.7
2001,female,35-39,indian,66.4
2001,female,35-39,other_citizen,8.6
2001,female,35-39,other_noncitizen,58.7
2001,female,40-44,overall,724.8
2001,female,40-44,bumi_malay,343
2001,female,40-44,bumi_other,67.3
2001,female,40-44,chinese,209.2
2001,female,40-44,indian,61.6
2001,female,40-44,other_citizen,6.8
2001,female,40-44,other_noncitizen,36.9
2001,female,45-49,overall,604.3
2001,female,45-49,bumi_malay,286.7
2001,female,45-49,bumi_other,51.3
2001,female,45-49,chinese,187.1
2001,female,45-49,indian,52.7
2001,female,45-49,other_citizen,5.2
2001,female,45-49,other_noncitizen,21.3
2001,female,50-54,overall,448.2
2001,female,50-54,bumi_malay,209.8
2001,female,50-54,bumi_other,38.6
2001,female,50-54,chinese,147.3
2001,female,50-54,indian,36.1
2001,female,50-54,other_citizen,3.7
2001,female,50-54,other_noncitizen,12.7
2001,female,55-59,overall,328.3
2001,female,55-59,bumi_malay,152
2001,female,55-59,bumi_other,29
2001,female,55-59,chinese,113.9
2001,female,55-59,indian,24.2
2001,female,55-59,other_citizen,2.6
2001,female,55-59,other_noncitizen,6.7
2001,female,60-64,overall,268.5
2001,female,60-64,bumi_malay,125.1
2001,female,60-64,bumi_other,24.1
2001,female,60-64,chinese,92.2
2001,female,60-64,indian,19.8
2001,female,60-64,other_citizen,1.9
2001,female,60-64,other_noncitizen,5.4
2001,female,65-69,overall,203.4
2001,female,65-69,bumi_malay,94.7
2001,female,65-69,bumi_other,18.7
2001,female,65-69,chinese,69.7
2001,female,65-69,indian,14.8
2001,female,65-69,other_citizen,1.3
2001,female,65-69,other_noncitizen,4.1
2001,female,70-74,overall,145.1
2001,female,70-74,bumi_malay,70.4
2001,female,70-74,bumi_other,12.2
2001,female,70-74,chinese,49.3
2001,female,70-74,indian,8.6
2001,female,70-74,other_citizen,1.1
2001,female,70-74,other_noncitizen,3.5
2001,female,75-79,overall,82.1
2001,female,75-79,bumi_malay,38.6
2001,female,75-79,bumi_other,6.9
2001,female,75-79,chinese,28.6
2001,female,75-79,indian,4.8
2001,female,75-79,other_citizen,0.7
2001,female,75-79,other_noncitizen,2.5
2001,female,80-84,overall,50.6
2001,female,80-84,bumi_malay,23.7
2001,female,80-84,bumi_other,3.6
2001,female,80-84,chinese,18
2001,female,80-84,indian,2.7
2001,female,80-84,other_citizen,0.4
2001,female,80-84,other_noncitizen,2.1
2001,female,85+,overall,39.7
2001,female,85+,bumi_malay,17.9
2001,female,85+,bumi_other,2.8
2001,female,85+,chinese,14.8
2001,female,85+,indian,1.7
2001,female,85+,other_citizen,0.3
2001,female,85+,other_noncitizen,2.1
2001,male,overall,overall,12257.3
2001,male,overall,bumi_malay,6065.5
2001,male,overall,bumi_other,1331.7
2001,male,overall,chinese,2997.8
2001,male,overall,indian,864
2001,male,overall,other_citizen,138.9
2001,male,overall,other_noncitizen,859.5
2001,male,0-4,overall,1441.6
2001,male,0-4,bumi_malay,804.5
2001,male,0-4,bumi_other,173.3
2001,male,0-4,chinese,283.3
2001,male,0-4,indian,94
2001,male,0-4,other_citizen,23.3
2001,male,0-4,other_noncitizen,63.1
2001,male,09-May,overall,1386
2001,male,09-May,bumi_malay,776.9
2001,male,09-May,bumi_other,174.8
2001,male,09-May,chinese,270.6
2001,male,09-May,indian,88.4
2001,male,09-May,other_citizen,20.9
2001,male,09-May,other_noncitizen,54.6
2001,male,14-Oct,overall,1324.6
2001,male,14-Oct,bumi_malay,730.2
2001,male,14-Oct,bumi_other,162.4
2001,male,14-Oct,chinese,269.2
2001,male,14-Oct,indian,89.5
2001,male,14-Oct,other_citizen,17.6
2001,male,14-Oct,other_noncitizen,55.7
2001,male,15-19,overall,1238.8
2001,male,15-19,bumi_malay,658.4
2001,male,15-19,bumi_other,147.8
2001,male,15-19,chinese,262.5
2001,male,15-19,indian,86.3
2001,male,15-19,other_citizen,14.6
2001,male,15-19,other_noncitizen,69.3
2001,male,20-24,overall,1092.4
2001,male,20-24,bumi_malay,517.1
2001,male,20-24,bumi_other,119.8
2001,male,20-24,chinese,244.5
2001,male,20-24,indian,77.7
2001,male,20-24,other_citizen,10.3
2001,male,20-24,other_noncitizen,122.9
2001,male,25-29,overall,986.2
2001,male,25-29,bumi_malay,430.1
2001,male,25-29,bumi_other,101.6
2001,male,25-29,chinese,233.7
2001,male,25-29,indian,71.6
2001,male,25-29,other_citizen,7.9
2001,male,25-29,other_noncitizen,141.3
2001,male,30-34,overall,939.6
2001,male,30-34,bumi_malay,415.6
2001,male,30-34,bumi_other,96.4
2001,male,30-34,chinese,234.6
2001,male,30-34,indian,69.3
2001,male,30-34,other_citizen,8
2001,male,30-34,other_noncitizen,115.7
2001,male,35-39,overall,868.3
2001,male,35-39,bumi_malay,386.2
2001,male,35-39,bumi_other,86.7
2001,male,35-39,chinese,229.9
2001,male,35-39,indian,65.9
2001,male,35-39,other_citizen,7.7
2001,male,35-39,other_noncitizen,91.9
2001,male,40-44,overall,765.8
2001,male,40-44,bumi_malay,345.1
2001,male,40-44,bumi_other,71.3
2001,male,40-44,chinese,222.5
2001,male,40-44,indian,61.7
2001,male,40-44,other_citizen,7.7
2001,male,40-44,other_noncitizen,57.6
2001,male,45-49,overall,645.8
2001,male,45-49,bumi_malay,293.3
2001,male,45-49,bumi_other,56.8
2001,male,45-49,chinese,202.2
2001,male,45-49,indian,53
2001,male,45-49,other_citizen,7
2001,male,45-49,other_noncitizen,33.5
2001,male,50-54,overall,486
2001,male,50-54,bumi_malay,218.4
2001,male,50-54,bumi_other,42.2
2001,male,50-54,chinese,163.6
2001,male,50-54,indian,36.8
2001,male,50-54,other_citizen,4.3
2001,male,50-54,other_noncitizen,20.7
2001,male,55-59,overall,356.6
2001,male,55-59,bumi_malay,158.4
2001,male,55-59,bumi_other,31.3
2001,male,55-59,chinese,128.3
2001,male,55-59,indian,24.5
2001,male,55-59,other_citizen,2.8
2001,male,55-59,other_noncitizen,11.2
2001,male,60-64,overall,269.3
2001,male,60-64,bumi_malay,119.6
2001,male,60-64,bumi_other,24
2001,male,60-64,chinese,98
2001,male,60-64,indian,17.6
2001,male,60-64,other_citizen,2.3
2001,male,60-64,other_noncitizen,7.7
2001,male,65-69,overall,189.1
2001,male,65-69,bumi_malay,84.1
2001,male,65-69,bumi_other,17.6
2001,male,65-69,chinese,69
2001,male,65-69,indian,11.8
2001,male,65-69,other_citizen,1.7
2001,male,65-69,other_noncitizen,4.8
2001,male,70-74,overall,130.7
2001,male,70-74,bumi_malay,61.7
2001,male,70-74,bumi_other,12.4
2001,male,70-74,chinese,43.5
2001,male,70-74,indian,8.1
2001,male,70-74,other_citizen,1.2
2001,male,70-74,other_noncitizen,3.7
2001,male,75-79,overall,70.8
2001,male,75-79,bumi_malay,34
2001,male,75-79,bumi_other,7.3
2001,male,75-79,chinese,21.9
2001,male,75-79,indian,4.4
2001,male,75-79,other_citizen,0.8
2001,male,75-79,other_noncitizen,2.5
2001,male,80-84,overall,38
2001,male,80-84,bumi_malay,18.8
2001,male,80-84,bumi_other,3.5
2001,male,80-84,chinese,11.4
2001,male,80-84,indian,2
2001,male,80-84,other_citizen,0.5
2001,male,80-84,other_noncitizen,1.8
2001,male,85+,overall,28
2001,male,85+,bumi_malay,13
2001,male,85+,bumi_other,2.4
2001,male,85+,chinese,9.2
2001,male,85+,indian,1.5
2001,male,85+,other_citizen,0.3
2001,male,85+,other_noncitizen,1.5
2002,both,overall,overall,24542.5
2002,both,overall,bumi_malay,12291.5
2002,both,overall,bumi_other,2702.6
2002,both,overall,chinese,5923.1
2002,both,overall,indian,1748.4
2002,both,overall,other_citizen,276.6
2002,both,overall,other_noncitizen,1600.4
2002,both,0-4,overall,2742.4
2002,both,0-4,bumi_malay,1541.5
2002,both,0-4,bumi_other,337.4
2002,both,0-4,chinese,536.1
2002,both,0-4,indian,181.6
2002,both,0-4,other_citizen,43.4
2002,both,0-4,other_noncitizen,102.4
2002,both,09-May,overall,2714.7
2002,both,09-May,bumi_malay,1521.5
2002,both,09-May,bumi_other,347.2
2002,both,09-May,chinese,523.5
2002,both,09-May,indian,175.3
2002,both,09-May,other_citizen,40.7
2002,both,09-May,other_noncitizen,106.6
2002,both,14-Oct,overall,2640.4
2002,both,14-Oct,bumi_malay,1450.3
2002,both,14-Oct,bumi_other,327.9
2002,both,14-Oct,chinese,522.6
2002,both,14-Oct,indian,175.2
2002,both,14-Oct,other_citizen,35.5
2002,both,14-Oct,other_noncitizen,128.9
2002,both,15-19,overall,2516.3
2002,both,15-19,bumi_malay,1334.7
2002,both,15-19,bumi_other,300.6
2002,both,15-19,chinese,517.7
2002,both,15-19,indian,172.7
2002,both,15-19,other_citizen,30
2002,both,15-19,other_noncitizen,160.4
2002,both,20-24,overall,2231
2002,both,20-24,bumi_malay,1089.6
2002,both,20-24,bumi_other,251.9
2002,both,20-24,chinese,486.7
2002,both,20-24,indian,158.7
2002,both,20-24,other_citizen,22.8
2002,both,20-24,other_noncitizen,221.4
2002,both,25-29,overall,1981.6
2002,both,25-29,bumi_malay,891.2
2002,both,25-29,bumi_other,211.2
2002,both,25-29,chinese,461.2
2002,both,25-29,indian,145.5
2002,both,25-29,other_citizen,17.5
2002,both,25-29,other_noncitizen,255
2002,both,30-34,overall,1869.4
2002,both,30-34,bumi_malay,844.3
2002,both,30-34,bumi_other,197.1
2002,both,30-34,chinese,462.2
2002,both,30-34,indian,139.8
2002,both,30-34,other_citizen,16.9
2002,both,30-34,other_noncitizen,209.1
2002,both,35-39,overall,1735.4
2002,both,35-39,bumi_malay,796.1
2002,both,35-39,bumi_other,179.2
2002,both,35-39,chinese,455.4
2002,both,35-39,indian,133.7
2002,both,35-39,other_citizen,16.2
2002,both,35-39,other_noncitizen,154.9
2002,both,40-44,overall,1530.7
2002,both,40-44,bumi_malay,707.1
2002,both,40-44,bumi_other,146.6
2002,both,40-44,chinese,434.7
2002,both,40-44,indian,124.9
2002,both,40-44,other_citizen,14.5
2002,both,40-44,other_noncitizen,103.1
2002,both,45-49,overall,1291
2002,both,45-49,bumi_malay,601.2
2002,both,45-49,bumi_other,113.5
2002,both,45-49,chinese,396.1
2002,both,45-49,indian,108.8
2002,both,45-49,other_citizen,12.3
2002,both,45-49,other_noncitizen,59.1
2002,both,50-54,overall,992.7
2002,both,50-54,bumi_malay,458.5
2002,both,50-54,bumi_other,84.9
2002,both,50-54,chinese,325.6
2002,both,50-54,indian,79.1
2002,both,50-54,other_citizen,8.5
2002,both,50-54,other_noncitizen,36
2002,both,55-59,overall,718.1
2002,both,55-59,bumi_malay,326.4
2002,both,55-59,bumi_other,63.4
2002,both,55-59,chinese,251.2
2002,both,55-59,indian,51.3
2002,both,55-59,other_citizen,5.5
2002,both,55-59,other_noncitizen,20.4
2002,both,60-64,overall,553.8
2002,both,60-64,bumi_malay,251.9
2002,both,60-64,bumi_other,49.5
2002,both,60-64,chinese,196.8
2002,both,60-64,indian,37.9
2002,both,60-64,other_citizen,4.2
2002,both,60-64,other_noncitizen,13.4
2002,both,65-69,overall,411.1
2002,both,65-69,bumi_malay,187.2
2002,both,65-69,bumi_other,38
2002,both,65-69,chinese,145.2
2002,both,65-69,indian,28
2002,both,65-69,other_citizen,3.1
2002,both,65-69,other_noncitizen,9.6
2002,both,70-74,overall,284.8
2002,both,70-74,bumi_malay,134.3
2002,both,70-74,bumi_other,25.9
2002,both,70-74,chinese,97.3
2002,both,70-74,indian,17.7
2002,both,70-74,other_citizen,2.3
2002,both,70-74,other_noncitizen,7.2
2002,both,75-79,overall,166.6
2002,both,75-79,bumi_malay,79.8
2002,both,75-79,bumi_other,15.2
2002,both,75-79,chinese,55
2002,both,75-79,indian,9.7
2002,both,75-79,other_citizen,1.5
2002,both,75-79,other_noncitizen,5.2
2002,both,80-84,overall,87.7
2002,both,80-84,bumi_malay,41.3
2002,both,80-84,bumi_other,7.5
2002,both,80-84,chinese,29.3
2002,both,80-84,indian,4.9
2002,both,80-84,other_citizen,0.9
2002,both,80-84,other_noncitizen,3.9
2002,both,85+,overall,74.7
2002,both,85+,bumi_malay,34.7
2002,both,85+,bumi_other,5.6
2002,both,85+,chinese,26.3
2002,both,85+,indian,3.5
2002,both,85+,other_citizen,0.8
2002,both,85+,other_noncitizen,3.9
2002,female,overall,overall,12005.5
2002,female,overall,bumi_malay,6098.8
2002,female,overall,bumi_other,1335
2002,female,overall,chinese,2885
2002,female,overall,indian,871.2
2002,female,overall,other_citizen,137.2
2002,female,overall,other_noncitizen,678.3
2002,female,0-4,overall,1331.8
2002,female,0-4,bumi_malay,748.9
2002,female,0-4,bumi_other,164.6
2002,female,0-4,chinese,259.5
2002,female,0-4,indian,89.1
2002,female,0-4,other_citizen,21
2002,female,0-4,other_noncitizen,48.8
2002,female,09-May,overall,1314.3
2002,female,09-May,bumi_malay,738.6
2002,female,09-May,bumi_other,169.9
2002,female,09-May,chinese,250.8
2002,female,09-May,indian,86.1
2002,female,09-May,other_citizen,19.8
2002,female,09-May,other_noncitizen,49.2
2002,female,14-Oct,overall,1285.6
2002,female,14-Oct,bumi_malay,710.3
2002,female,14-Oct,bumi_other,161.9
2002,female,14-Oct,chinese,252.5
2002,female,14-Oct,indian,85.5
2002,female,14-Oct,other_citizen,17.5
2002,female,14-Oct,other_noncitizen,58
2002,female,15-19,overall,1227.1
2002,female,15-19,bumi_malay,658.9
2002,female,15-19,bumi_other,149.1
2002,female,15-19,chinese,252.3
2002,female,15-19,indian,84.4
2002,female,15-19,other_citizen,15
2002,female,15-19,other_noncitizen,67.4
2002,female,20-24,overall,1089.4
2002,female,20-24,bumi_malay,542.7
2002,female,20-24,bumi_other,126
2002,female,20-24,chinese,237.1
2002,female,20-24,indian,78.8
2002,female,20-24,other_citizen,11.9
2002,female,20-24,other_noncitizen,93
2002,female,25-29,overall,973.5
2002,female,25-29,bumi_malay,449.4
2002,female,25-29,bumi_other,107
2002,female,25-29,chinese,225.1
2002,female,25-29,indian,73.3
2002,female,25-29,other_citizen,9.6
2002,female,25-29,other_noncitizen,109.1
2002,female,30-34,overall,922.1
2002,female,30-34,bumi_malay,427.9
2002,female,30-34,bumi_other,99.4
2002,female,30-34,chinese,227.7
2002,female,30-34,indian,70.8
2002,female,30-34,other_citizen,9.2
2002,female,30-34,other_noncitizen,87.1
2002,female,35-39,overall,850.6
2002,female,35-39,bumi_malay,401.2
2002,female,35-39,bumi_other,89.5
2002,female,35-39,chinese,223.4
2002,female,35-39,indian,67.2
2002,female,35-39,other_citizen,8.6
2002,female,35-39,other_noncitizen,60.8
2002,female,40-44,overall,744.4
2002,female,40-44,bumi_malay,353.1
2002,female,40-44,bumi_other,71.5
2002,female,40-44,chinese,210.4
2002,female,40-44,indian,62.4
2002,female,40-44,other_citizen,7
2002,female,40-44,other_noncitizen,40
2002,female,45-49,overall,624.8
2002,female,45-49,bumi_malay,298
2002,female,45-49,bumi_other,53.8
2002,female,45-49,chinese,190.3
2002,female,45-49,indian,54.3
2002,female,45-49,other_citizen,5.3
2002,female,45-49,other_noncitizen,23.1
2002,female,50-54,overall,477.9
2002,female,50-54,bumi_malay,225.4
2002,female,50-54,bumi_other,40.5
2002,female,50-54,chinese,154.8
2002,female,50-54,indian,39.4
2002,female,50-54,other_citizen,3.8
2002,female,50-54,other_noncitizen,13.9
2002,female,55-59,overall,344.6
2002,female,55-59,bumi_malay,160.2
2002,female,55-59,bumi_other,30.5
2002,female,55-59,chinese,118.1
2002,female,55-59,indian,25.5
2002,female,55-59,other_citizen,2.6
2002,female,55-59,other_noncitizen,7.8
2002,female,60-64,overall,273.9
2002,female,60-64,bumi_malay,127.7
2002,female,60-64,bumi_other,24.6
2002,female,60-64,chinese,94.4
2002,female,60-64,indian,19.8
2002,female,60-64,other_citizen,1.9
2002,female,60-64,other_noncitizen,5.4
2002,female,65-69,overall,212.1
2002,female,65-69,bumi_malay,99
2002,female,65-69,bumi_other,19.5
2002,female,65-69,chinese,72.4
2002,female,65-69,indian,15.5
2002,female,65-69,other_citizen,1.4
2002,female,65-69,other_noncitizen,4.3
2002,female,70-74,overall,150.4
2002,female,70-74,bumi_malay,72.1
2002,female,70-74,bumi_other,13.1
2002,female,70-74,chinese,51.2
2002,female,70-74,indian,9.4
2002,female,70-74,other_citizen,1.1
2002,female,70-74,other_noncitizen,3.5
2002,female,75-79,overall,89.5
2002,female,75-79,bumi_malay,42.8
2002,female,75-79,bumi_other,7.4
2002,female,75-79,chinese,30.9
2002,female,75-79,indian,5
2002,female,75-79,other_citizen,0.7
2002,female,75-79,other_noncitizen,2.6
2002,female,80-84,overall,49.8
2002,female,80-84,bumi_malay,22.9
2002,female,80-84,bumi_other,3.8
2002,female,80-84,chinese,17.9
2002,female,80-84,indian,2.8
2002,female,80-84,other_citizen,0.4
2002,female,80-84,other_noncitizen,2.1
2002,female,85+,overall,43.6
2002,female,85+,bumi_malay,19.9
2002,female,85+,bumi_other,3
2002,female,85+,chinese,16.2
2002,female,85+,indian,1.9
2002,female,85+,other_citizen,0.4
2002,female,85+,other_noncitizen,2.2
2002,male,overall,overall,12537.1
2002,male,overall,bumi_malay,6192.6
2002,male,overall,bumi_other,1367.7
2002,male,overall,chinese,3038.1
2002,male,overall,indian,877.2
2002,male,overall,other_citizen,139.4
2002,male,overall,other_noncitizen,922.1
2002,male,0-4,overall,1410.6
2002,male,0-4,bumi_malay,792.6
2002,male,0-4,bumi_other,172.8
2002,male,0-4,chinese,276.6
2002,male,0-4,indian,92.5
2002,male,0-4,other_citizen,22.4
2002,male,0-4,other_noncitizen,53.6
2002,male,09-May,overall,1400.3
2002,male,09-May,bumi_malay,782.9
2002,male,09-May,bumi_other,177.3
2002,male,09-May,chinese,272.7
2002,male,09-May,indian,89.1
2002,male,09-May,other_citizen,20.9
2002,male,09-May,other_noncitizen,57.4
2002,male,14-Oct,overall,1354.8
2002,male,14-Oct,bumi_malay,740
2002,male,14-Oct,bumi_other,166
2002,male,14-Oct,chinese,270.1
2002,male,14-Oct,indian,89.7
2002,male,14-Oct,other_citizen,18
2002,male,14-Oct,other_noncitizen,71
2002,male,15-19,overall,1289.2
2002,male,15-19,bumi_malay,675.9
2002,male,15-19,bumi_other,151.5
2002,male,15-19,chinese,265.4
2002,male,15-19,indian,88.3
2002,male,15-19,other_citizen,15
2002,male,15-19,other_noncitizen,93.1
2002,male,20-24,overall,1141.6
2002,male,20-24,bumi_malay,546.9
2002,male,20-24,bumi_other,125.9
2002,male,20-24,chinese,249.6
2002,male,20-24,indian,79.9
2002,male,20-24,other_citizen,10.9
2002,male,20-24,other_noncitizen,128.4
2002,male,25-29,overall,1008.1
2002,male,25-29,bumi_malay,441.8
2002,male,25-29,bumi_other,104.2
2002,male,25-29,chinese,236.1
2002,male,25-29,indian,72.2
2002,male,25-29,other_citizen,7.9
2002,male,25-29,other_noncitizen,145.9
2002,male,30-34,overall,947.3
2002,male,30-34,bumi_malay,416.4
2002,male,30-34,bumi_other,97.7
2002,male,30-34,chinese,234.5
2002,male,30-34,indian,69
2002,male,30-34,other_citizen,7.7
2002,male,30-34,other_noncitizen,122
2002,male,35-39,overall,884.8
2002,male,35-39,bumi_malay,394.9
2002,male,35-39,bumi_other,89.7
2002,male,35-39,chinese,232
2002,male,35-39,indian,66.5
2002,male,35-39,other_citizen,7.6
2002,male,35-39,other_noncitizen,94.1
2002,male,40-44,overall,786.3
2002,male,40-44,bumi_malay,354
2002,male,40-44,bumi_other,75.1
2002,male,40-44,chinese,224.3
2002,male,40-44,indian,62.5
2002,male,40-44,other_citizen,7.5
2002,male,40-44,other_noncitizen,63.1
2002,male,45-49,overall,666.2
2002,male,45-49,bumi_malay,303.2
2002,male,45-49,bumi_other,59.7
2002,male,45-49,chinese,205.8
2002,male,45-49,indian,54.5
2002,male,45-49,other_citizen,7
2002,male,45-49,other_noncitizen,36
2002,male,50-54,overall,514.8
2002,male,50-54,bumi_malay,233.1
2002,male,50-54,bumi_other,44.4
2002,male,50-54,chinese,170.8
2002,male,50-54,indian,39.7
2002,male,50-54,other_citizen,4.7
2002,male,50-54,other_noncitizen,22.1
2002,male,55-59,overall,373.5
2002,male,55-59,bumi_malay,166.2
2002,male,55-59,bumi_other,32.9
2002,male,55-59,chinese,133.1
2002,male,55-59,indian,25.8
2002,male,55-59,other_citizen,2.9
2002,male,55-59,other_noncitizen,12.6
2002,male,60-64,overall,279.9
2002,male,60-64,bumi_malay,124.2
2002,male,60-64,bumi_other,24.9
2002,male,60-64,chinese,102.4
2002,male,60-64,indian,18.1
2002,male,60-64,other_citizen,2.3
2002,male,60-64,other_noncitizen,8
2002,male,65-69,overall,199
2002,male,65-69,bumi_malay,88.2
2002,male,65-69,bumi_other,18.5
2002,male,65-69,chinese,72.8
2002,male,65-69,indian,12.5
2002,male,65-69,other_citizen,1.7
2002,male,65-69,other_noncitizen,5.3
2002,male,70-74,overall,134.4
2002,male,70-74,bumi_malay,62.2
2002,male,70-74,bumi_other,12.8
2002,male,70-74,chinese,46.1
2002,male,70-74,indian,8.3
2002,male,70-74,other_citizen,1.2
2002,male,70-74,other_noncitizen,3.7
2002,male,75-79,overall,77.1
2002,male,75-79,bumi_malay,37
2002,male,75-79,bumi_other,7.8
2002,male,75-79,chinese,24.1
2002,male,75-79,indian,4.7
2002,male,75-79,other_citizen,0.8
2002,male,75-79,other_noncitizen,2.6
2002,male,80-84,overall,37.9
2002,male,80-84,bumi_malay,18.4
2002,male,80-84,bumi_other,3.7
2002,male,80-84,chinese,11.4
2002,male,80-84,indian,2.1
2002,male,80-84,other_citizen,0.5
2002,male,80-84,other_noncitizen,1.8
2002,male,85+,overall,31.1
2002,male,85+,bumi_malay,14.8
2002,male,85+,bumi_other,2.6
2002,male,85+,chinese,10.1
2002,male,85+,indian,1.6
2002,male,85+,other_citizen,0.4
2002,male,85+,other_noncitizen,1.7
2003,both,overall,overall,25038.1
2003,both,overall,bumi_malay,12532
2003,both,overall,bumi_other,2772.3
2003,both,overall,chinese,5994.3
2003,both,overall,indian,1772.3
2003,both,overall,other_citizen,277
2003,both,overall,other_noncitizen,1690.1
2003,both,0-4,overall,2668.8
2003,both,0-4,bumi_malay,1509.8
2003,both,0-4,bumi_other,335
2003,both,0-4,chinese,521.5
2003,both,0-4,indian,176.8
2003,both,0-4,other_citizen,41.9
2003,both,0-4,other_noncitizen,83.8
2003,both,09-May,overall,2733
2003,both,09-May,bumi_malay,1530.5
2003,both,09-May,bumi_other,351
2003,both,09-May,chinese,528.1
2003,both,09-May,indian,177.5
2003,both,09-May,other_citizen,40.5
2003,both,09-May,other_noncitizen,105.4
2003,both,14-Oct,overall,2684.8
2003,both,14-Oct,bumi_malay,1468.4
2003,both,14-Oct,bumi_other,336.8
2003,both,14-Oct,chinese,524.9
2003,both,14-Oct,indian,175.5
2003,both,14-Oct,other_citizen,36
2003,both,14-Oct,other_noncitizen,143.2
2003,both,15-19,overall,2594.1
2003,both,15-19,bumi_malay,1360.8
2003,both,15-19,bumi_other,307.2
2003,both,15-19,chinese,522.4
2003,both,15-19,indian,175.6
2003,both,15-19,other_citizen,30.7
2003,both,15-19,other_noncitizen,197.4
2003,both,20-24,overall,2334.2
2003,both,20-24,bumi_malay,1149.6
2003,both,20-24,bumi_other,264.6
2003,both,20-24,chinese,497.2
2003,both,20-24,indian,162.8
2003,both,20-24,other_citizen,23.8
2003,both,20-24,other_noncitizen,236.2
2003,both,25-29,overall,2019.9
2003,both,25-29,bumi_malay,914.7
2003,both,25-29,bumi_other,215.8
2003,both,25-29,chinese,465
2003,both,25-29,indian,146.7
2003,both,25-29,other_citizen,17.6
2003,both,25-29,other_noncitizen,260
2003,both,30-34,overall,1887
2003,both,30-34,bumi_malay,847.9
2003,both,30-34,bumi_other,199.5
2003,both,30-34,chinese,461.3
2003,both,30-34,indian,139.5
2003,both,30-34,other_citizen,16.1
2003,both,30-34,other_noncitizen,222.5
2003,both,35-39,overall,1765.7
2003,both,35-39,bumi_malay,812.1
2003,both,35-39,bumi_other,184.2
2003,both,35-39,chinese,458.9
2003,both,35-39,indian,134.7
2003,both,35-39,other_citizen,16
2003,both,35-39,other_noncitizen,159.8
2003,both,40-44,overall,1570.4
2003,both,40-44,bumi_malay,726.2
2003,both,40-44,bumi_other,154.5
2003,both,40-44,chinese,437.7
2003,both,40-44,indian,126.3
2003,both,40-44,other_citizen,14.3
2003,both,40-44,other_noncitizen,111.4
2003,both,45-49,overall,1331.3
2003,both,45-49,bumi_malay,621.7
2003,both,45-49,bumi_other,119.5
2003,both,45-49,chinese,402.2
2003,both,45-49,indian,111.4
2003,both,45-49,other_citizen,12.4
2003,both,45-49,other_noncitizen,64.1
2003,both,50-54,overall,1048.1
2003,both,50-54,bumi_malay,488
2003,both,50-54,bumi_other,89.2
2003,both,50-54,chinese,338.8
2003,both,50-54,indian,84.7
2003,both,50-54,other_citizen,9.1
2003,both,50-54,other_noncitizen,38.4
2003,both,55-59,overall,759.6
2003,both,55-59,bumi_malay,346.6
2003,both,55-59,bumi_other,66.6
2003,both,55-59,chinese,262.4
2003,both,55-59,indian,55.2
2003,both,55-59,other_citizen,5.7
2003,both,55-59,other_noncitizen,23
2003,both,60-64,overall,568
2003,both,60-64,bumi_malay,257.8
2003,both,60-64,bumi_other,51.4
2003,both,60-64,chinese,202.3
2003,both,60-64,indian,38.2
2003,both,60-64,other_citizen,4.3
2003,both,60-64,other_noncitizen,13.9
2003,both,65-69,overall,432.9
2003,both,65-69,bumi_malay,197.6
2003,both,65-69,bumi_other,39.5
2003,both,65-69,chinese,152.8
2003,both,65-69,indian,29.4
2003,both,65-69,other_citizen,3.2
2003,both,65-69,other_noncitizen,10.4
2003,both,70-74,overall,291.6
2003,both,70-74,bumi_malay,135
2003,both,70-74,bumi_other,27.3
2003,both,70-74,chinese,101.1
2003,both,70-74,indian,18.6
2003,both,70-74,other_citizen,2.3
2003,both,70-74,other_noncitizen,7.2
2003,both,75-79,overall,181.5
2003,both,75-79,bumi_malay,87.5
2003,both,75-79,bumi_other,16.4
2003,both,75-79,chinese,60.1
2003,both,75-79,indian,10.4
2003,both,75-79,other_citizen,1.6
2003,both,75-79,other_noncitizen,5.6
2003,both,80-84,overall,88.1
2003,both,80-84,bumi_malay,40.7
2003,both,80-84,bumi_other,8
2003,both,80-84,chinese,29.5
2003,both,80-84,indian,5.1
2003,both,80-84,other_citizen,0.9
2003,both,80-84,other_noncitizen,3.9
2003,both,85+,overall,79.4
2003,both,85+,bumi_malay,37
2003,both,85+,bumi_other,5.9
2003,both,85+,chinese,27.8
2003,both,85+,indian,3.8
2003,both,85+,other_citizen,0.8
2003,both,85+,other_noncitizen,4.1
2003,female,overall,overall,12229.8
2003,female,overall,bumi_malay,6217.5
2003,female,overall,bumi_other,1368.7
2003,female,overall,chinese,2917.1
2003,female,overall,indian,882.9
2003,female,overall,other_citizen,137.1
2003,female,overall,other_noncitizen,706.6
2003,female,0-4,overall,1295.9
2003,female,0-4,bumi_malay,733.5
2003,female,0-4,bumi_other,163.1
2003,female,0-4,chinese,252.4
2003,female,0-4,indian,86.6
2003,female,0-4,other_citizen,20.2
2003,female,0-4,other_noncitizen,40.1
2003,female,09-May,overall,1324.8
2003,female,09-May,bumi_malay,743.2
2003,female,09-May,bumi_other,172
2003,female,09-May,chinese,253.9
2003,female,09-May,indian,87.3
2003,female,09-May,other_citizen,19.6
2003,female,09-May,other_noncitizen,48.8
2003,female,14-Oct,overall,1305.2
2003,female,14-Oct,bumi_malay,718.5
2003,female,14-Oct,bumi_other,166.4
2003,female,14-Oct,chinese,253.2
2003,female,14-Oct,indian,85.8
2003,female,14-Oct,other_citizen,17.7
2003,female,14-Oct,other_noncitizen,63.6
2003,female,15-19,overall,1262.3
2003,female,15-19,bumi_malay,672
2003,female,15-19,bumi_other,152.8
2003,female,15-19,chinese,255.1
2003,female,15-19,indian,85.7
2003,female,15-19,other_citizen,15.3
2003,female,15-19,other_noncitizen,81.4
2003,female,20-24,overall,1132.2
2003,female,20-24,bumi_malay,570.6
2003,female,20-24,bumi_other,131.9
2003,female,20-24,chinese,242.2
2003,female,20-24,indian,80.5
2003,female,20-24,other_citizen,12.2
2003,female,20-24,other_noncitizen,94.7
2003,female,25-29,overall,985.9
2003,female,25-29,bumi_malay,459.1
2003,female,25-29,bumi_other,108.9
2003,female,25-29,chinese,226.1
2003,female,25-29,indian,73.5
2003,female,25-29,other_citizen,9.5
2003,female,25-29,other_noncitizen,108.7
2003,female,30-34,overall,929.3
2003,female,30-34,bumi_malay,429.6
2003,female,30-34,bumi_other,100.5
2003,female,30-34,chinese,226.5
2003,female,30-34,indian,70.6
2003,female,30-34,other_citizen,8.8
2003,female,30-34,other_noncitizen,93.2
2003,female,35-39,overall,866.8
2003,female,35-39,bumi_malay,409.9
2003,female,35-39,bumi_other,91.8
2003,female,35-39,chinese,225.4
2003,female,35-39,indian,67.8
2003,female,35-39,other_citizen,8.5
2003,female,35-39,other_noncitizen,63.4
2003,female,40-44,overall,762.9
2003,female,40-44,bumi_malay,362.8
2003,female,40-44,bumi_other,75.6
2003,female,40-44,chinese,211.3
2003,female,40-44,indian,63
2003,female,40-44,other_citizen,7.1
2003,female,40-44,other_noncitizen,43.1
2003,female,45-49,overall,644.9
2003,female,45-49,bumi_malay,309.1
2003,female,45-49,bumi_other,56.6
2003,female,45-49,chinese,193
2003,female,45-49,indian,55.7
2003,female,45-49,other_citizen,5.4
2003,female,45-49,other_noncitizen,25.1
2003,female,50-54,overall,505.8
2003,female,50-54,bumi_malay,240.7
2003,female,50-54,bumi_other,42.4
2003,female,50-54,chinese,161.5
2003,female,50-54,indian,42.3
2003,female,50-54,other_citizen,4
2003,female,50-54,other_noncitizen,15
2003,female,55-59,overall,365.6
2003,female,55-59,bumi_malay,170.6
2003,female,55-59,bumi_other,32.1
2003,female,55-59,chinese,123.6
2003,female,55-59,indian,27.6
2003,female,55-59,other_citizen,2.7
2003,female,55-59,other_noncitizen,8.9
2003,female,60-64,overall,278.6
2003,female,60-64,bumi_malay,129.8
2003,female,60-64,bumi_other,25.2
2003,female,60-64,chinese,96.2
2003,female,60-64,indian,19.7
2003,female,60-64,other_citizen,2
2003,female,60-64,other_noncitizen,5.6
2003,female,65-69,overall,222.1
2003,female,65-69,bumi_malay,104.1
2003,female,65-69,bumi_other,20.2
2003,female,65-69,chinese,75.5
2003,female,65-69,indian,16.2
2003,female,65-69,other_citizen,1.4
2003,female,65-69,other_noncitizen,4.6
2003,female,70-74,overall,154.2
2003,female,70-74,bumi_malay,72.8
2003,female,70-74,bumi_other,14
2003,female,70-74,chinese,52.6
2003,female,70-74,indian,10.2
2003,female,70-74,other_citizen,1.1
2003,female,70-74,other_noncitizen,3.5
2003,female,75-79,overall,97.7
2003,female,75-79,bumi_malay,47.4
2003,female,75-79,bumi_other,8
2003,female,75-79,chinese,33.4
2003,female,75-79,indian,5.3
2003,female,75-79,other_citizen,0.8
2003,female,75-79,other_noncitizen,2.8
2003,female,80-84,overall,49.7
2003,female,80-84,bumi_malay,22.5
2003,female,80-84,bumi_other,4
2003,female,80-84,chinese,17.9
2003,female,80-84,indian,2.9
2003,female,80-84,other_citizen,0.4
2003,female,80-84,other_noncitizen,2
2003,female,85+,overall,46.2
2003,female,85+,bumi_malay,21.1
2003,female,85+,bumi_other,3.2
2003,female,85+,chinese,17.1
2003,female,85+,indian,2.1
2003,female,85+,other_citizen,0.4
2003,female,85+,other_noncitizen,2.3
2003,male,overall,overall,12808.2
2003,male,overall,bumi_malay,6314.5
2003,male,overall,bumi_other,1403.6
2003,male,overall,chinese,3077.2
2003,male,overall,indian,889.4
2003,male,overall,other_citizen,139.9
2003,male,overall,other_noncitizen,983.5
2003,male,0-4,overall,1372.9
2003,male,0-4,bumi_malay,776.3
2003,male,0-4,bumi_other,171.9
2003,male,0-4,chinese,269.1
2003,male,0-4,indian,90.2
2003,male,0-4,other_citizen,21.7
2003,male,0-4,other_noncitizen,43.7
2003,male,09-May,overall,1408.2
2003,male,09-May,bumi_malay,787.2
2003,male,09-May,bumi_other,179
2003,male,09-May,chinese,274.3
2003,male,09-May,indian,90.1
2003,male,09-May,other_citizen,20.9
2003,male,09-May,other_noncitizen,56.7
2003,male,14-Oct,overall,1379.6
2003,male,14-Oct,bumi_malay,749.8
2003,male,14-Oct,bumi_other,170.4
2003,male,14-Oct,chinese,271.6
2003,male,14-Oct,indian,89.7
2003,male,14-Oct,other_citizen,18.3
2003,male,14-Oct,other_noncitizen,79.7
2003,male,15-19,overall,1331.8
2003,male,15-19,bumi_malay,688.8
2003,male,15-19,bumi_other,154.4
2003,male,15-19,chinese,267.3
2003,male,15-19,indian,89.9
2003,male,15-19,other_citizen,15.4
2003,male,15-19,other_noncitizen,116
2003,male,20-24,overall,1202
2003,male,20-24,bumi_malay,579
2003,male,20-24,bumi_other,132.7
2003,male,20-24,chinese,255
2003,male,20-24,indian,82.3
2003,male,20-24,other_citizen,11.6
2003,male,20-24,other_noncitizen,141.5
2003,male,25-29,overall,1034
2003,male,25-29,bumi_malay,455.6
2003,male,25-29,bumi_other,106.9
2003,male,25-29,chinese,238.9
2003,male,25-29,indian,73.2
2003,male,25-29,other_citizen,8.1
2003,male,25-29,other_noncitizen,151.3
2003,male,30-34,overall,957.7
2003,male,30-34,bumi_malay,418.3
2003,male,30-34,bumi_other,99
2003,male,30-34,chinese,234.8
2003,male,30-34,indian,68.9
2003,male,30-34,other_citizen,7.3
2003,male,30-34,other_noncitizen,129.3
2003,male,35-39,overall,898.9
2003,male,35-39,bumi_malay,402.2
2003,male,35-39,bumi_other,92.4
2003,male,35-39,chinese,233.5
2003,male,35-39,indian,66.9
2003,male,35-39,other_citizen,7.5
2003,male,35-39,other_noncitizen,96.4
2003,male,40-44,overall,807.5
2003,male,40-44,bumi_malay,363.4
2003,male,40-44,bumi_other,78.9
2003,male,40-44,chinese,226.4
2003,male,40-44,indian,63.3
2003,male,40-44,other_citizen,7.2
2003,male,40-44,other_noncitizen,68.3
2003,male,45-49,overall,686.4
2003,male,45-49,bumi_malay,312.6
2003,male,45-49,bumi_other,62.9
2003,male,45-49,chinese,209.2
2003,male,45-49,indian,55.7
2003,male,45-49,other_citizen,7
2003,male,45-49,other_noncitizen,39
2003,male,50-54,overall,542.3
2003,male,50-54,bumi_malay,247.3
2003,male,50-54,bumi_other,46.8
2003,male,50-54,chinese,177.3
2003,male,50-54,indian,42.4
2003,male,50-54,other_citizen,5.1
2003,male,50-54,other_noncitizen,23.4
2003,male,55-59,overall,394
2003,male,55-59,bumi_malay,176
2003,male,55-59,bumi_other,34.5
2003,male,55-59,chinese,138.8
2003,male,55-59,indian,27.6
2003,male,55-59,other_citizen,3
2003,male,55-59,other_noncitizen,14.1
2003,male,60-64,overall,289.4
2003,male,60-64,bumi_malay,128
2003,male,60-64,bumi_other,26.2
2003,male,60-64,chinese,106.1
2003,male,60-64,indian,18.5
2003,male,60-64,other_citizen,2.3
2003,male,60-64,other_noncitizen,8.3
2003,male,65-69,overall,210.8
2003,male,65-69,bumi_malay,93.5
2003,male,65-69,bumi_other,19.3
2003,male,65-69,chinese,77.3
2003,male,65-69,indian,13.2
2003,male,65-69,other_citizen,1.8
2003,male,65-69,other_noncitizen,5.8
2003,male,70-74,overall,137.4
2003,male,70-74,bumi_malay,62.2
2003,male,70-74,bumi_other,13.3
2003,male,70-74,chinese,48.5
2003,male,70-74,indian,8.4
2003,male,70-74,other_citizen,1.2
2003,male,70-74,other_noncitizen,3.7
2003,male,75-79,overall,83.8
2003,male,75-79,bumi_malay,40.1
2003,male,75-79,bumi_other,8.4
2003,male,75-79,chinese,26.7
2003,male,75-79,indian,5.1
2003,male,75-79,other_citizen,0.8
2003,male,75-79,other_noncitizen,2.8
2003,male,80-84,overall,38.4
2003,male,80-84,bumi_malay,18.2
2003,male,80-84,bumi_other,4
2003,male,80-84,chinese,11.6
2003,male,80-84,indian,2.2
2003,male,80-84,other_citizen,0.5
2003,male,80-84,other_noncitizen,1.9
2003,male,85+,overall,33.2
2003,male,85+,bumi_malay,15.9
2003,male,85+,bumi_other,2.7
2003,male,85+,chinese,10.7
2003,male,85+,indian,1.7
2003,male,85+,other_citizen,0.4
2003,male,85+,other_noncitizen,1.8
2004,both,overall,overall,25541.5
2004,both,overall,bumi_malay,12777.9
2004,both,overall,bumi_other,2845.9
2004,both,overall,chinese,6061.5
2004,both,overall,indian,1796.7
2004,both,overall,other_citizen,277.4
2004,both,overall,other_noncitizen,1782.2
2004,both,0-4,overall,2609.5
2004,both,0-4,bumi_malay,1485.8
2004,both,0-4,bumi_other,336.5
2004,both,0-4,chinese,503.7
2004,both,0-4,indian,172.2
2004,both,0-4,other_citizen,40.8
2004,both,0-4,other_noncitizen,70.6
2004,both,09-May,overall,2741.3
2004,both,09-May,bumi_malay,1536.4
2004,both,09-May,bumi_other,353.3
2004,both,09-May,chinese,532
2004,both,09-May,indian,179.6
2004,both,09-May,other_citizen,40.2
2004,both,09-May,other_noncitizen,99.8
2004,both,14-Oct,overall,2719.3
2004,both,14-Oct,bumi_malay,1485.7
2004,both,14-Oct,bumi_other,345.8
2004,both,14-Oct,chinese,528.3
2004,both,14-Oct,indian,175.9
2004,both,14-Oct,other_citizen,36.2
2004,both,14-Oct,other_noncitizen,147.5
2004,both,15-19,overall,2660.9
2004,both,15-19,bumi_malay,1382.8
2004,both,15-19,bumi_other,313.8
2004,both,15-19,chinese,525.4
2004,both,15-19,indian,177.8
2004,both,15-19,other_citizen,31.3
2004,both,15-19,other_noncitizen,229.9
2004,both,20-24,overall,2448.8
2004,both,20-24,bumi_malay,1207.2
2004,both,20-24,bumi_other,277.7
2004,both,20-24,chinese,508
2004,both,20-24,indian,167.3
2004,both,20-24,other_citizen,24.9
2004,both,20-24,other_noncitizen,263.9
2004,both,25-29,overall,2068.4
2004,both,25-29,bumi_malay,944
2004,both,25-29,bumi_other,220.8
2004,both,25-29,chinese,470.2
2004,both,25-29,indian,148.5
2004,both,25-29,other_citizen,17.7
2004,both,25-29,other_noncitizen,267
2004,both,30-34,overall,1909.5
2004,both,30-34,bumi_malay,855.6
2004,both,30-34,bumi_other,202.4
2004,both,30-34,chinese,461.3
2004,both,30-34,indian,139.4
2004,both,30-34,other_citizen,15.5
2004,both,30-34,other_noncitizen,235.3
2004,both,35-39,overall,1792.2
2004,both,35-39,bumi_malay,824.2
2004,both,35-39,bumi_other,188.5
2004,both,35-39,chinese,461.7
2004,both,35-39,indian,135.2
2004,both,35-39,other_citizen,15.7
2004,both,35-39,other_noncitizen,167
2004,both,40-44,overall,1608.4
2004,both,40-44,bumi_malay,745
2004,both,40-44,bumi_other,161.9
2004,both,40-44,chinese,441.1
2004,both,40-44,indian,127.9
2004,both,40-44,other_citizen,14.1
2004,both,40-44,other_noncitizen,118.5
2004,both,45-49,overall,1373.1
2004,both,45-49,bumi_malay,642.8
2004,both,45-49,bumi_other,126.2
2004,both,45-49,chinese,407.9
2004,both,45-49,indian,114.2
2004,both,45-49,other_citizen,12.4
2004,both,45-49,other_noncitizen,69.6
2004,both,50-54,overall,1097.4
2004,both,50-54,bumi_malay,514.5
2004,both,50-54,bumi_other,93.9
2004,both,50-54,chinese,349.3
2004,both,50-54,indian,89.4
2004,both,50-54,other_citizen,9.5
2004,both,50-54,other_noncitizen,40.9
2004,both,55-59,overall,807.3
2004,both,55-59,bumi_malay,370.6
2004,both,55-59,bumi_other,69.8
2004,both,55-59,chinese,275.6
2004,both,55-59,indian,59.8
2004,both,55-59,other_citizen,5.9
2004,both,55-59,other_noncitizen,25.5
2004,both,60-64,overall,583.6
2004,both,60-64,bumi_malay,264.4
2004,both,60-64,bumi_other,53.7
2004,both,60-64,chinese,207.7
2004,both,60-64,indian,38.9
2004,both,60-64,other_citizen,4.3
2004,both,60-64,other_noncitizen,14.7
2004,both,65-69,overall,454.4
2004,both,65-69,bumi_malay,208.3
2004,both,65-69,bumi_other,40.6
2004,both,65-69,chinese,160.6
2004,both,65-69,indian,30.4
2004,both,65-69,other_citizen,3.3
2004,both,65-69,other_noncitizen,11
2004,both,70-74,overall,299.1
2004,both,70-74,bumi_malay,136.4
2004,both,70-74,bumi_other,28.7
2004,both,70-74,chinese,104.8
2004,both,70-74,indian,19.7
2004,both,70-74,other_citizen,2.2
2004,both,70-74,other_noncitizen,7.3
2004,both,75-79,overall,194.9
2004,both,75-79,bumi_malay,93.8
2004,both,75-79,bumi_other,17.5
2004,both,75-79,chinese,65
2004,both,75-79,indian,11
2004,both,75-79,other_citizen,1.7
2004,both,75-79,other_noncitizen,5.9
2004,both,80-84,overall,91.3
2004,both,80-84,bumi_malay,42
2004,both,80-84,bumi_other,8.6
2004,both,80-84,chinese,30.5
2004,both,80-84,indian,5.4
2004,both,80-84,other_citizen,0.9
2004,both,80-84,other_noncitizen,3.8
2004,both,85+,overall,82
2004,both,85+,bumi_malay,38.4
2004,both,85+,bumi_other,6.1
2004,both,85+,chinese,28.5
2004,both,85+,indian,4.1
2004,both,85+,other_citizen,0.8
2004,both,85+,other_noncitizen,4.2
2004,female,overall,overall,12462.7
2004,female,overall,bumi_malay,6341.1
2004,female,overall,bumi_other,1405.1
2004,female,overall,chinese,2948
2004,female,overall,indian,895.4
2004,female,overall,other_citizen,137.1
2004,female,overall,other_noncitizen,736.1
2004,female,0-4,overall,1270.4
2004,female,0-4,bumi_malay,723.6
2004,female,0-4,bumi_other,164.2
2004,female,0-4,chinese,244.3
2004,female,0-4,indian,84.7
2004,female,0-4,other_citizen,19.7
2004,female,0-4,other_noncitizen,34
2004,female,09-May,overall,1331
2004,female,09-May,bumi_malay,746.5
2004,female,09-May,bumi_other,173.4
2004,female,09-May,chinese,256.8
2004,female,09-May,indian,88.5
2004,female,09-May,other_citizen,19.4
2004,female,09-May,other_noncitizen,46.5
2004,female,14-Oct,overall,1321
2004,female,14-Oct,bumi_malay,726.7
2004,female,14-Oct,bumi_other,170.6
2004,female,14-Oct,chinese,254.5
2004,female,14-Oct,indian,86.2
2004,female,14-Oct,other_citizen,17.7
2004,female,14-Oct,other_noncitizen,65.2
2004,female,15-19,overall,1293.6
2004,female,15-19,bumi_malay,683
2004,female,15-19,bumi_other,156.9
2004,female,15-19,chinese,257
2004,female,15-19,indian,86.7
2004,female,15-19,other_citizen,15.6
2004,female,15-19,other_noncitizen,94.5
2004,female,20-24,overall,1181.1
2004,female,20-24,bumi_malay,598.3
2004,female,20-24,bumi_other,138.1
2004,female,20-24,chinese,247.9
2004,female,20-24,indian,82.5
2004,female,20-24,other_citizen,12.6
2004,female,20-24,other_noncitizen,101.8
2004,female,25-29,overall,1002.1
2004,female,25-29,bumi_malay,471.4
2004,female,25-29,bumi_other,111
2004,female,25-29,chinese,227.9
2004,female,25-29,indian,73.9
2004,female,25-29,other_citizen,9.5
2004,female,25-29,other_noncitizen,108.3
2004,female,30-34,overall,937.1
2004,female,30-34,bumi_malay,432.6
2004,female,30-34,bumi_other,101.9
2004,female,30-34,chinese,225.4
2004,female,30-34,indian,70.3
2004,female,30-34,other_citizen,8.5
2004,female,30-34,other_noncitizen,98.4
2004,female,35-39,overall,881.8
2004,female,35-39,bumi_malay,416.8
2004,female,35-39,bumi_other,93.9
2004,female,35-39,chinese,227.3
2004,female,35-39,indian,68.4
2004,female,35-39,other_citizen,8.4
2004,female,35-39,other_noncitizen,67
2004,female,40-44,overall,780.3
2004,female,40-44,bumi_malay,372.2
2004,female,40-44,bumi_other,79.2
2004,female,40-44,chinese,212.3
2004,female,40-44,indian,63.7
2004,female,40-44,other_citizen,7.1
2004,female,40-44,other_noncitizen,45.8
2004,female,45-49,overall,665.6
2004,female,45-49,bumi_malay,320.4
2004,female,45-49,bumi_other,59.9
2004,female,45-49,chinese,195.4
2004,female,45-49,indian,57.2
2004,female,45-49,other_citizen,5.5
2004,female,45-49,other_noncitizen,27.2
2004,female,50-54,overall,530.5
2004,female,50-54,bumi_malay,254.6
2004,female,50-54,bumi_other,44.3
2004,female,50-54,chinese,166.7
2004,female,50-54,indian,44.7
2004,female,50-54,other_citizen,4.1
2004,female,50-54,other_noncitizen,16.1
2004,female,55-59,overall,390.1
2004,female,55-59,bumi_malay,183.1
2004,female,55-59,bumi_other,33.8
2004,female,55-59,chinese,130.2
2004,female,55-59,indian,30.1
2004,female,55-59,other_citizen,2.8
2004,female,55-59,other_noncitizen,10
2004,female,60-64,overall,284.6
2004,female,60-64,bumi_malay,132.5
2004,female,60-64,bumi_other,26.2
2004,female,60-64,chinese,98.1
2004,female,60-64,indian,19.9
2004,female,60-64,other_citizen,2
2004,female,60-64,other_noncitizen,5.9
2004,female,65-69,overall,231.5
2004,female,65-69,bumi_malay,109.3
2004,female,65-69,bumi_other,20.6
2004,female,65-69,chinese,78.6
2004,female,65-69,indian,16.6
2004,female,65-69,other_citizen,1.5
2004,female,65-69,other_noncitizen,4.8
2004,female,70-74,overall,157.9
2004,female,70-74,bumi_malay,73.7
2004,female,70-74,bumi_other,14.8
2004,female,70-74,chinese,53.9
2004,female,70-74,indian,11
2004,female,70-74,other_citizen,1
2004,female,70-74,other_noncitizen,3.5
2004,female,75-79,overall,105.3
2004,female,75-79,bumi_malay,51.3
2004,female,75-79,bumi_other,8.7
2004,female,75-79,chinese,35.9
2004,female,75-79,indian,5.7
2004,female,75-79,other_citizen,0.8
2004,female,75-79,other_noncitizen,2.9
2004,female,80-84,overall,51.1
2004,female,80-84,bumi_malay,23.2
2004,female,80-84,bumi_other,4.3
2004,female,80-84,chinese,18.2
2004,female,80-84,indian,3.1
2004,female,80-84,other_citizen,0.4
2004,female,80-84,other_noncitizen,1.9
2004,female,85+,overall,47.7
2004,female,85+,bumi_malay,21.9
2004,female,85+,bumi_other,3.3
2004,female,85+,chinese,17.6
2004,female,85+,indian,2.3
2004,female,85+,other_citizen,0.4
2004,female,85+,other_noncitizen,2.3
2004,male,overall,overall,13078.7
2004,male,overall,bumi_malay,6436.8
2004,male,overall,bumi_other,1440.8
2004,male,overall,chinese,3113.5
2004,male,overall,indian,901.3
2004,male,overall,other_citizen,140.3
2004,male,overall,other_noncitizen,1046.1
2004,male,0-4,overall,1339.1
2004,male,0-4,bumi_malay,762.2
2004,male,0-4,bumi_other,172.3
2004,male,0-4,chinese,259.4
2004,male,0-4,indian,87.6
2004,male,0-4,other_citizen,21.1
2004,male,0-4,other_noncitizen,36.6
2004,male,09-May,overall,1410.2
2004,male,09-May,bumi_malay,790
2004,male,09-May,bumi_other,179.9
2004,male,09-May,chinese,275.2
2004,male,09-May,indian,91.2
2004,male,09-May,other_citizen,20.8
2004,male,09-May,other_noncitizen,53.3
2004,male,14-Oct,overall,1398.4
2004,male,14-Oct,bumi_malay,759
2004,male,14-Oct,bumi_other,175.2
2004,male,14-Oct,chinese,273.7
2004,male,14-Oct,indian,89.7
2004,male,14-Oct,other_citizen,18.4
2004,male,14-Oct,other_noncitizen,82.3
2004,male,15-19,overall,1367.3
2004,male,15-19,bumi_malay,699.8
2004,male,15-19,bumi_other,156.9
2004,male,15-19,chinese,268.4
2004,male,15-19,indian,91.1
2004,male,15-19,other_citizen,15.8
2004,male,15-19,other_noncitizen,135.4
2004,male,20-24,overall,1267.7
2004,male,20-24,bumi_malay,608.9
2004,male,20-24,bumi_other,139.6
2004,male,20-24,chinese,260.1
2004,male,20-24,indian,84.8
2004,male,20-24,other_citizen,12.3
2004,male,20-24,other_noncitizen,162.1
2004,male,25-29,overall,1066.3
2004,male,25-29,bumi_malay,472.6
2004,male,25-29,bumi_other,109.8
2004,male,25-29,chinese,242.3
2004,male,25-29,indian,74.6
2004,male,25-29,other_citizen,8.2
2004,male,25-29,other_noncitizen,158.7
2004,male,30-34,overall,972.4
2004,male,30-34,bumi_malay,423
2004,male,30-34,bumi_other,100.5
2004,male,30-34,chinese,235.9
2004,male,30-34,indian,69.1
2004,male,30-34,other_citizen,7
2004,male,30-34,other_noncitizen,136.9
2004,male,35-39,overall,910.4
2004,male,35-39,bumi_malay,407.4
2004,male,35-39,bumi_other,94.6
2004,male,35-39,chinese,234.4
2004,male,35-39,indian,66.8
2004,male,35-39,other_citizen,7.3
2004,male,35-39,other_noncitizen,100
2004,male,40-44,overall,828.1
2004,male,40-44,bumi_malay,372.8
2004,male,40-44,bumi_other,82.7
2004,male,40-44,chinese,228.8
2004,male,40-44,indian,64.2
2004,male,40-44,other_citizen,7
2004,male,40-44,other_noncitizen,72.7
2004,male,45-49,overall,707.5
2004,male,45-49,bumi_malay,322.4
2004,male,45-49,bumi_other,66.3
2004,male,45-49,chinese,212.5
2004,male,45-49,indian,57
2004,male,45-49,other_citizen,6.9
2004,male,45-49,other_noncitizen,42.4
2004,male,50-54,overall,566.9
2004,male,50-54,bumi_malay,259.9
2004,male,50-54,bumi_other,49.6
2004,male,50-54,chinese,182.6
2004,male,50-54,indian,44.7
2004,male,50-54,other_citizen,5.4
2004,male,50-54,other_noncitizen,24.8
2004,male,55-59,overall,417.2
2004,male,55-59,bumi_malay,187.5
2004,male,55-59,bumi_other,36
2004,male,55-59,chinese,145.4
2004,male,55-59,indian,29.7
2004,male,55-59,other_citizen,3.1
2004,male,55-59,other_noncitizen,15.5
2004,male,60-64,overall,299
2004,male,60-64,bumi_malay,131.9
2004,male,60-64,bumi_other,27.5
2004,male,60-64,chinese,109.6
2004,male,60-64,indian,19
2004,male,60-64,other_citizen,2.3
2004,male,60-64,other_noncitizen,8.8
2004,male,65-69,overall,222.9
2004,male,65-69,bumi_malay,99
2004,male,65-69,bumi_other,20
2004,male,65-69,chinese,82
2004,male,65-69,indian,13.8
2004,male,65-69,other_citizen,1.8
2004,male,65-69,other_noncitizen,6.2
2004,male,70-74,overall,141.2
2004,male,70-74,bumi_malay,62.7
2004,male,70-74,bumi_other,13.9
2004,male,70-74,chinese,50.9
2004,male,70-74,indian,8.7
2004,male,70-74,other_citizen,1.2
2004,male,70-74,other_noncitizen,3.8
2004,male,75-79,overall,89.6
2004,male,75-79,bumi_malay,42.5
2004,male,75-79,bumi_other,8.8
2004,male,75-79,chinese,29.1
2004,male,75-79,indian,5.3
2004,male,75-79,other_citizen,0.9
2004,male,75-79,other_noncitizen,3
2004,male,80-84,overall,40.2
2004,male,80-84,bumi_malay,18.8
2004,male,80-84,bumi_other,4.3
2004,male,80-84,chinese,12.3
2004,male,80-84,indian,2.3
2004,male,80-84,other_citizen,0.5
2004,male,80-84,other_noncitizen,1.9
2004,male,85+,overall,34.3
2004,male,85+,bumi_malay,16.5
2004,male,85+,bumi_other,2.8
2004,male,85+,chinese,10.9
2004,male,85+,indian,1.8
2004,male,85+,other_citizen,0.4
2004,male,85+,other_noncitizen,1.9
2005,both,overall,overall,26045.5
2005,both,overall,bumi_malay,13024.3
2005,both,overall,bumi_other,2923
2005,both,overall,chinese,6127.3
2005,both,overall,indian,1819.5
2005,both,overall,other_citizen,277.4
2005,both,overall,other_noncitizen,1874
2005,both,0-4,overall,2555.8
2005,both,0-4,bumi_malay,1463.8
2005,both,0-4,bumi_other,340.8
2005,both,0-4,chinese,485.4
2005,both,0-4,indian,166.2
2005,both,0-4,other_citizen,39.6
2005,both,0-4,other_noncitizen,59.9
2005,both,09-May,overall,2741.6
2005,both,09-May,bumi_malay,1539.3
2005,both,09-May,bumi_other,355.1
2005,both,09-May,chinese,534.6
2005,both,09-May,indian,181.3
2005,both,09-May,other_citizen,39.8
2005,both,09-May,other_noncitizen,91.5
2005,both,14-Oct,overall,2742.1
2005,both,14-Oct,bumi_malay,1499.8
2005,both,14-Oct,bumi_other,354.7
2005,both,14-Oct,chinese,531.9
2005,both,14-Oct,indian,176.5
2005,both,14-Oct,other_citizen,36.1
2005,both,14-Oct,other_noncitizen,143
2005,both,15-19,overall,2719.1
2005,both,15-19,bumi_malay,1404.7
2005,both,15-19,bumi_other,320.8
2005,both,15-19,chinese,527.9
2005,both,15-19,indian,179.3
2005,both,15-19,other_citizen,31.9
2005,both,15-19,other_noncitizen,254.5
2005,both,20-24,overall,2561.8
2005,both,20-24,bumi_malay,1256.9
2005,both,20-24,bumi_other,289.3
2005,both,20-24,chinese,517.3
2005,both,20-24,indian,171.8
2005,both,20-24,other_citizen,26.1
2005,both,20-24,other_noncitizen,300.3
2005,both,25-29,overall,2135.3
2005,both,25-29,bumi_malay,981.2
2005,both,25-29,bumi_other,227.6
2005,both,25-29,chinese,476.9
2005,both,25-29,indian,151.3
2005,both,25-29,other_citizen,18.1
2005,both,25-29,other_noncitizen,280.1
2005,both,30-34,overall,1937.9
2005,both,30-34,bumi_malay,868.3
2005,both,30-34,bumi_other,205.5
2005,both,30-34,chinese,462.6
2005,both,30-34,indian,139.6
2005,both,30-34,other_citizen,15.2
2005,both,30-34,other_noncitizen,247
2005,both,35-39,overall,1816
2005,both,35-39,bumi_malay,832.9
2005,both,35-39,bumi_other,192.4
2005,both,35-39,chinese,463.5
2005,both,35-39,indian,135.1
2005,both,35-39,other_citizen,15.2
2005,both,35-39,other_noncitizen,176.8
2005,both,40-44,overall,1644.4
2005,both,40-44,bumi_malay,763.2
2005,both,40-44,bumi_other,168.4
2005,both,40-44,chinese,445.1
2005,both,40-44,indian,129.2
2005,both,40-44,other_citizen,13.9
2005,both,40-44,other_noncitizen,124.6
2005,both,45-49,overall,1416.2
2005,both,45-49,bumi_malay,664.5
2005,both,45-49,bumi_other,133.2
2005,both,45-49,chinese,413.6
2005,both,45-49,indian,116.8
2005,both,45-49,other_citizen,12.4
2005,both,45-49,other_noncitizen,75.6
2005,both,50-54,overall,1142.1
2005,both,50-54,bumi_malay,538.6
2005,both,50-54,bumi_other,99
2005,both,50-54,chinese,357.8
2005,both,50-54,indian,93.2
2005,both,50-54,other_citizen,9.7
2005,both,50-54,other_noncitizen,43.8
2005,both,55-59,overall,857.8
2005,both,55-59,bumi_malay,396.2
2005,both,55-59,bumi_other,73.4
2005,both,55-59,chinese,289.3
2005,both,55-59,indian,65
2005,both,55-59,other_citizen,6.2
2005,both,55-59,other_noncitizen,27.6
2005,both,60-64,overall,605.4
2005,both,60-64,bumi_malay,274.6
2005,both,60-64,bumi_other,56.2
2005,both,60-64,chinese,214.1
2005,both,60-64,indian,40.2
2005,both,60-64,other_citizen,4.4
2005,both,60-64,other_noncitizen,15.8
2005,both,65-69,overall,472.3
2005,both,65-69,bumi_malay,216.7
2005,both,65-69,bumi_other,41.9
2005,both,65-69,chinese,167.7
2005,both,65-69,indian,31.2
2005,both,65-69,other_citizen,3.3
2005,both,65-69,other_noncitizen,11.5
2005,both,70-74,overall,311.1
2005,both,70-74,bumi_malay,141
2005,both,70-74,bumi_other,30.1
2005,both,70-74,chinese,109.5
2005,both,70-74,indian,20.6
2005,both,70-74,other_citizen,2.2
2005,both,70-74,other_noncitizen,7.5
2005,both,75-79,overall,205.4
2005,both,75-79,bumi_malay,97.9
2005,both,75-79,bumi_other,18.7
2005,both,75-79,chinese,69.2
2005,both,75-79,indian,11.9
2005,both,75-79,other_citizen,1.7
2005,both,75-79,other_noncitizen,6
2005,both,80-84,overall,97.8
2005,both,80-84,bumi_malay,45.3
2005,both,80-84,bumi_other,9.3
2005,both,80-84,chinese,32.6
2005,both,80-84,indian,5.7
2005,both,80-84,other_citizen,0.9
2005,both,80-84,other_noncitizen,4
2005,both,85+,overall,83.5
2005,both,85+,bumi_malay,39.3
2005,both,85+,bumi_other,6.3
2005,both,85+,chinese,28.5
2005,both,85+,indian,4.3
2005,both,85+,other_citizen,0.8
2005,both,85+,other_noncitizen,4.3
2005,female,overall,overall,12692.3
2005,female,overall,bumi_malay,6463
2005,female,overall,bumi_other,1442.6
2005,female,overall,chinese,2977.9
2005,female,overall,indian,906.6
2005,female,overall,other_citizen,136.9
2005,female,overall,other_noncitizen,765.4
2005,female,0-4,overall,1243.1
2005,female,0-4,bumi_malay,712.7
2005,female,0-4,bumi_other,165.9
2005,female,0-4,chinese,235.1
2005,female,0-4,indian,81.6
2005,female,0-4,other_citizen,19.1
2005,female,0-4,other_noncitizen,28.7
2005,female,09-May,overall,1333.8
2005,female,09-May,bumi_malay,748.2
2005,female,09-May,bumi_other,174.6
2005,female,09-May,chinese,259.1
2005,female,09-May,indian,89.3
2005,female,09-May,other_citizen,19.2
2005,female,09-May,other_noncitizen,43.3
2005,female,14-Oct,overall,1332
2005,female,14-Oct,bumi_malay,733.4
2005,female,14-Oct,bumi_other,174.8
2005,female,14-Oct,chinese,256.1
2005,female,14-Oct,indian,86.7
2005,female,14-Oct,other_citizen,17.6
2005,female,14-Oct,other_noncitizen,63.4
2005,female,15-19,overall,1321.5
2005,female,15-19,bumi_malay,693.9
2005,female,15-19,bumi_other,161
2005,female,15-19,chinese,258.5
2005,female,15-19,indian,87.4
2005,female,15-19,other_citizen,15.8
2005,female,15-19,other_noncitizen,105
2005,female,20-24,overall,1230.7
2005,female,20-24,bumi_malay,622.6
2005,female,20-24,bumi_other,143.9
2005,female,20-24,chinese,253.1
2005,female,20-24,indian,84.6
2005,female,20-24,other_citizen,13.1
2005,female,20-24,other_noncitizen,113.4
2005,female,25-29,overall,1026.5
2005,female,25-29,bumi_malay,487.8
2005,female,25-29,bumi_other,113.9
2005,female,25-29,chinese,230.6
2005,female,25-29,indian,74.9
2005,female,25-29,other_citizen,9.6
2005,female,25-29,other_noncitizen,109.7
2005,female,30-34,overall,946.1
2005,female,30-34,bumi_malay,437.4
2005,female,30-34,bumi_other,103.4
2005,female,30-34,chinese,224.9
2005,female,30-34,indian,70.1
2005,female,30-34,other_citizen,8.3
2005,female,30-34,other_noncitizen,102.1
2005,female,35-39,overall,894.8
2005,female,35-39,bumi_malay,422
2005,female,35-39,bumi_other,95.8
2005,female,35-39,chinese,228.6
2005,female,35-39,indian,68.6
2005,female,35-39,other_citizen,8.1
2005,female,35-39,other_noncitizen,71.7
2005,female,40-44,overall,797.3
2005,female,40-44,bumi_malay,381.4
2005,female,40-44,bumi_other,82.2
2005,female,40-44,chinese,213.9
2005,female,40-44,indian,64.3
2005,female,40-44,other_citizen,7.1
2005,female,40-44,other_noncitizen,48.4
2005,female,45-49,overall,686.5
2005,female,45-49,bumi_malay,331.8
2005,female,45-49,bumi_other,63.5
2005,female,45-49,chinese,197.7
2005,female,45-49,indian,58.5
2005,female,45-49,other_citizen,5.6
2005,female,45-49,other_noncitizen,29.4
2005,female,50-54,overall,552.7
2005,female,50-54,bumi_malay,267.3
2005,female,50-54,bumi_other,46.4
2005,female,50-54,chinese,170.8
2005,female,50-54,indian,46.7
2005,female,50-54,other_citizen,4.2
2005,female,50-54,other_noncitizen,17.3
2005,female,55-59,overall,415.9
2005,female,55-59,bumi_malay,196.3
2005,female,55-59,bumi_other,35.6
2005,female,55-59,chinese,137.1
2005,female,55-59,indian,32.9
2005,female,55-59,other_citizen,2.9
2005,female,55-59,other_noncitizen,11
2005,female,60-64,overall,294.7
2005,female,60-64,bumi_malay,137.4
2005,female,60-64,bumi_other,27.4
2005,female,60-64,chinese,100.9
2005,female,60-64,indian,20.5
2005,female,60-64,other_citizen,2.1
2005,female,60-64,other_noncitizen,6.4
2005,female,65-69,overall,238.9
2005,female,65-69,bumi_malay,113.2
2005,female,65-69,bumi_other,21.1
2005,female,65-69,chinese,81.3
2005,female,65-69,indian,16.9
2005,female,65-69,other_citizen,1.5
2005,female,65-69,other_noncitizen,4.9
2005,female,70-74,overall,163.4
2005,female,70-74,bumi_malay,76
2005,female,70-74,bumi_other,15.5
2005,female,70-74,chinese,55.6
2005,female,70-74,indian,11.6
2005,female,70-74,other_citizen,1
2005,female,70-74,other_noncitizen,3.5
2005,female,75-79,overall,111.3
2005,female,75-79,bumi_malay,53.9
2005,female,75-79,bumi_other,9.5
2005,female,75-79,chinese,37.9
2005,female,75-79,indian,6.3
2005,female,75-79,other_citizen,0.8
2005,female,75-79,other_noncitizen,2.9
2005,female,80-84,overall,54.6
2005,female,80-84,bumi_malay,25.2
2005,female,80-84,bumi_other,4.6
2005,female,80-84,chinese,19.2
2005,female,80-84,indian,3.2
2005,female,80-84,other_citizen,0.4
2005,female,80-84,other_noncitizen,2
2005,female,85+,overall,48.3
2005,female,85+,bumi_malay,22.3
2005,female,85+,bumi_other,3.4
2005,female,85+,chinese,17.5
2005,female,85+,indian,2.4
2005,female,85+,other_citizen,0.4
2005,female,85+,other_noncitizen,2.3
2005,male,overall,overall,13353.3
2005,male,overall,bumi_malay,6561.3
2005,male,overall,bumi_other,1480.4
2005,male,overall,chinese,3149.5
2005,male,overall,indian,912.9
2005,male,overall,other_citizen,140.6
2005,male,overall,other_noncitizen,1108.6
2005,male,0-4,overall,1312.7
2005,male,0-4,bumi_malay,751.1
2005,male,0-4,bumi_other,174.9
2005,male,0-4,chinese,250.3
2005,male,0-4,indian,84.6
2005,male,0-4,other_citizen,20.5
2005,male,0-4,other_noncitizen,31.2
2005,male,09-May,overall,1407.8
2005,male,09-May,bumi_malay,791.1
2005,male,09-May,bumi_other,180.5
2005,male,09-May,chinese,275.4
2005,male,09-May,indian,92
2005,male,09-May,other_citizen,20.6
2005,male,09-May,other_noncitizen,48.2
2005,male,14-Oct,overall,1410
2005,male,14-Oct,bumi_malay,766.4
2005,male,14-Oct,bumi_other,179.9
2005,male,14-Oct,chinese,275.7
2005,male,14-Oct,indian,89.8
2005,male,14-Oct,other_citizen,18.5
2005,male,14-Oct,other_noncitizen,79.7
2005,male,15-19,overall,1397.6
2005,male,15-19,bumi_malay,710.8
2005,male,15-19,bumi_other,159.8
2005,male,15-19,chinese,269.4
2005,male,15-19,indian,91.9
2005,male,15-19,other_citizen,16.1
2005,male,15-19,other_noncitizen,149.5
2005,male,20-24,overall,1331.1
2005,male,20-24,bumi_malay,634.3
2005,male,20-24,bumi_other,145.4
2005,male,20-24,chinese,264.2
2005,male,20-24,indian,87.2
2005,male,20-24,other_citizen,13
2005,male,20-24,other_noncitizen,186.9
2005,male,25-29,overall,1108.8
2005,male,25-29,bumi_malay,493.4
2005,male,25-29,bumi_other,113.7
2005,male,25-29,chinese,246.3
2005,male,25-29,indian,76.4
2005,male,25-29,other_citizen,8.5
2005,male,25-29,other_noncitizen,170.4
2005,male,30-34,overall,991.8
2005,male,30-34,bumi_malay,430.9
2005,male,30-34,bumi_other,102.1
2005,male,30-34,chinese,237.7
2005,male,30-34,indian,69.5
2005,male,30-34,other_citizen,6.9
2005,male,30-34,other_noncitizen,144.9
2005,male,35-39,overall,921.2
2005,male,35-39,bumi_malay,410.9
2005,male,35-39,bumi_other,96.6
2005,male,35-39,chinese,234.9
2005,male,35-39,indian,66.5
2005,male,35-39,other_citizen,7.1
2005,male,35-39,other_noncitizen,105.1
2005,male,40-44,overall,847.1
2005,male,40-44,bumi_malay,381.8
2005,male,40-44,bumi_other,86.2
2005,male,40-44,chinese,231.2
2005,male,40-44,indian,64.9
2005,male,40-44,other_citizen,6.8
2005,male,40-44,other_noncitizen,76.2
2005,male,45-49,overall,729.7
2005,male,45-49,bumi_malay,332.7
2005,male,45-49,bumi_other,69.7
2005,male,45-49,chinese,215.9
2005,male,45-49,indian,58.3
2005,male,45-49,other_citizen,6.8
2005,male,45-49,other_noncitizen,46.2
2005,male,50-54,overall,589.4
2005,male,50-54,bumi_malay,271.3
2005,male,50-54,bumi_other,52.6
2005,male,50-54,chinese,187
2005,male,50-54,indian,46.5
2005,male,50-54,other_citizen,5.5
2005,male,50-54,other_noncitizen,26.5
2005,male,55-59,overall,441.9
2005,male,55-59,bumi_malay,199.9
2005,male,55-59,bumi_other,37.8
2005,male,55-59,chinese,152.2
2005,male,55-59,indian,32.1
2005,male,55-59,other_citizen,3.3
2005,male,55-59,other_noncitizen,16.6
2005,male,60-64,overall,310.7
2005,male,60-64,bumi_malay,137.2
2005,male,60-64,bumi_other,28.8
2005,male,60-64,chinese,113.2
2005,male,60-64,indian,19.7
2005,male,60-64,other_citizen,2.3
2005,male,60-64,other_noncitizen,9.4
2005,male,65-69,overall,233.4
2005,male,65-69,bumi_malay,103.5
2005,male,65-69,bumi_other,20.8
2005,male,65-69,chinese,86.4
2005,male,65-69,indian,14.3
2005,male,65-69,other_citizen,1.8
2005,male,65-69,other_noncitizen,6.6
2005,male,70-74,overall,147.7
2005,male,70-74,bumi_malay,65
2005,male,70-74,bumi_other,14.6
2005,male,70-74,chinese,53.9
2005,male,70-74,indian,9
2005,male,70-74,other_citizen,1.2
2005,male,70-74,other_noncitizen,4
2005,male,75-79,overall,94.1
2005,male,75-79,bumi_malay,44
2005,male,75-79,bumi_other,9.2
2005,male,75-79,chinese,31.3
2005,male,75-79,indian,5.6
2005,male,75-79,other_citizen,0.9
2005,male,75-79,other_noncitizen,3.1
2005,male,80-84,overall,43.2
2005,male,80-84,bumi_malay,20.1
2005,male,80-84,bumi_other,4.7
2005,male,80-84,chinese,13.4
2005,male,80-84,indian,2.5
2005,male,80-84,other_citizen,0.5
2005,male,80-84,other_noncitizen,2
2005,male,85+,overall,35.2
2005,male,85+,bumi_malay,17
2005,male,85+,bumi_other,2.9
2005,male,85+,chinese,11
2005,male,85+,indian,1.9
2005,male,85+,other_citizen,0.4
2005,male,85+,other_noncitizen,2
2006,both,overall,overall,26549.9
2006,both,overall,bumi_malay,13270.6
2006,both,overall,bumi_other,3003
2006,both,overall,chinese,6191.4
2006,both,overall,indian,1841.6
2006,both,overall,other_citizen,278.2
2006,both,overall,other_noncitizen,1965
2006,both,0-4,overall,2524.7
2006,both,0-4,bumi_malay,1450.3
2006,both,0-4,bumi_other,345.5
2006,both,0-4,chinese,468.2
2006,both,0-4,indian,161.8
2006,both,0-4,other_citizen,39.9
2006,both,0-4,other_noncitizen,59
2006,both,09-May,overall,2724.3
2006,both,09-May,bumi_malay,1533.9
2006,both,09-May,bumi_other,358.2
2006,both,09-May,chinese,533.3
2006,both,09-May,indian,180.2
2006,both,09-May,other_citizen,38.9
2006,both,09-May,other_noncitizen,79.7
2006,both,14-Oct,overall,2749
2006,both,14-Oct,bumi_malay,1510.5
2006,both,14-Oct,bumi_other,361.9
2006,both,14-Oct,chinese,534.7
2006,both,14-Oct,indian,177.2
2006,both,14-Oct,other_citizen,35.7
2006,both,14-Oct,other_noncitizen,128.9
2006,both,15-19,overall,2764.4
2006,both,15-19,bumi_malay,1426.5
2006,both,15-19,bumi_other,328.8
2006,both,15-19,chinese,530.7
2006,both,15-19,indian,180.3
2006,both,15-19,other_citizen,32.3
2006,both,15-19,other_noncitizen,265.7
2006,both,20-24,overall,2666.5
2006,both,20-24,bumi_malay,1297.8
2006,both,20-24,bumi_other,299.9
2006,both,20-24,chinese,524.8
2006,both,20-24,indian,176
2006,both,20-24,other_citizen,27.1
2006,both,20-24,other_noncitizen,340.9
2006,both,25-29,overall,2226.2
2006,both,25-29,bumi_malay,1026.8
2006,both,25-29,bumi_other,237.2
2006,both,25-29,chinese,485.6
2006,both,25-29,indian,155
2006,both,25-29,other_citizen,18.7
2006,both,25-29,other_noncitizen,302.7
2006,both,30-34,overall,1970
2006,both,30-34,bumi_malay,883.1
2006,both,30-34,bumi_other,208.8
2006,both,30-34,chinese,464.7
2006,both,30-34,indian,140.3
2006,both,30-34,other_citizen,14.9
2006,both,30-34,other_noncitizen,258.3
2006,both,35-39,overall,1838.5
2006,both,35-39,bumi_malay,840.5
2006,both,35-39,bumi_other,195.2
2006,both,35-39,chinese,464.3
2006,both,35-39,indian,134.8
2006,both,35-39,other_citizen,14.7
2006,both,35-39,other_noncitizen,188.9
2006,both,40-44,overall,1678.1
2006,both,40-44,bumi_malay,780.1
2006,both,40-44,bumi_other,174
2006,both,40-44,chinese,449.3
2006,both,40-44,indian,130.4
2006,both,40-44,other_citizen,13.8
2006,both,40-44,other_noncitizen,130.6
2006,both,45-49,overall,1459.2
2006,both,45-49,bumi_malay,685.7
2006,both,45-49,bumi_other,141.1
2006,both,45-49,chinese,419
2006,both,45-49,indian,119.3
2006,both,45-49,other_citizen,12.3
2006,both,45-49,other_noncitizen,81.7
2006,both,50-54,overall,1185.2
2006,both,50-54,bumi_malay,560.9
2006,both,50-54,bumi_other,105.1
2006,both,50-54,chinese,365.3
2006,both,50-54,indian,96.7
2006,both,50-54,other_citizen,9.9
2006,both,50-54,other_noncitizen,47.2
2006,both,55-59,overall,907.9
2006,both,55-59,bumi_malay,423.4
2006,both,55-59,bumi_other,76.4
2006,both,55-59,chinese,302
2006,both,55-59,indian,70
2006,both,55-59,other_citizen,6.5
2006,both,55-59,other_noncitizen,29.6
2006,both,60-64,overall,635.2
2006,both,60-64,bumi_malay,288.9
2006,both,60-64,bumi_other,58.8
2006,both,60-64,chinese,223.1
2006,both,60-64,indian,42.8
2006,both,60-64,other_citizen,4.4
2006,both,60-64,other_noncitizen,17.4
2006,both,65-69,overall,488.7
2006,both,65-69,bumi_malay,224.2
2006,both,65-69,bumi_other,43.6
2006,both,65-69,chinese,174
2006,both,65-69,indian,31.7
2006,both,65-69,other_citizen,3.3
2006,both,65-69,other_noncitizen,12
2006,both,70-74,overall,326
2006,both,70-74,bumi_malay,147.3
2006,both,70-74,bumi_other,31.4
2006,both,70-74,chinese,115.2
2006,both,70-74,indian,21.8
2006,both,70-74,other_citizen,2.2
2006,both,70-74,other_noncitizen,7.9
2006,both,75-79,overall,213.1
2006,both,75-79,bumi_malay,100.3
2006,both,75-79,bumi_other,19.9
2006,both,75-79,chinese,72.5
2006,both,75-79,indian,12.6
2006,both,75-79,other_citizen,1.7
2006,both,75-79,other_noncitizen,6
2006,both,80-84,overall,106.8
2006,both,80-84,bumi_malay,49.9
2006,both,80-84,bumi_other,10.2
2006,both,80-84,chinese,35.5
2006,both,80-84,indian,6.1
2006,both,80-84,other_citizen,0.9
2006,both,80-84,other_noncitizen,4.1
2006,both,85+,overall,85.9
2006,both,85+,bumi_malay,40.4
2006,both,85+,bumi_other,6.9
2006,both,85+,chinese,28.9
2006,both,85+,indian,4.5
2006,both,85+,other_citizen,0.8
2006,both,85+,other_noncitizen,4.4
2006,female,overall,overall,12922.4
2006,female,overall,bumi_malay,6585.1
2006,female,overall,bumi_other,1481.7
2006,female,overall,chinese,3007.1
2006,female,overall,indian,917.3
2006,female,overall,other_citizen,136.9
2006,female,overall,other_noncitizen,794.3
2006,female,0-4,overall,1228.1
2006,female,0-4,bumi_malay,705.9
2006,female,0-4,bumi_other,168.7
2006,female,0-4,chinese,226.9
2006,female,0-4,indian,79.2
2006,female,0-4,other_citizen,19.2
2006,female,0-4,other_noncitizen,28.3
2006,female,09-May,overall,1325.8
2006,female,09-May,bumi_malay,746.2
2006,female,09-May,bumi_other,175.4
2006,female,09-May,chinese,259.1
2006,female,09-May,indian,88.7
2006,female,09-May,other_citizen,18.7
2006,female,09-May,other_noncitizen,37.7
2006,female,14-Oct,overall,1336.2
2006,female,14-Oct,bumi_malay,738.2
2006,female,14-Oct,bumi_other,178.4
2006,female,14-Oct,chinese,257.7
2006,female,14-Oct,indian,87.3
2006,female,14-Oct,other_citizen,17.4
2006,female,14-Oct,other_noncitizen,57.3
2006,female,15-19,overall,1344.1
2006,female,15-19,bumi_malay,704.7
2006,female,15-19,bumi_other,165.3
2006,female,15-19,chinese,259.8
2006,female,15-19,indian,87.9
2006,female,15-19,other_citizen,16
2006,female,15-19,other_noncitizen,110.5
2006,female,20-24,overall,1278.2
2006,female,20-24,bumi_malay,643.1
2006,female,20-24,bumi_other,149.6
2006,female,20-24,chinese,257.6
2006,female,20-24,indian,86.5
2006,female,20-24,other_citizen,13.5
2006,female,20-24,other_noncitizen,127.9
2006,female,25-29,overall,1062.4
2006,female,25-29,bumi_malay,508.7
2006,female,25-29,bumi_other,118.2
2006,female,25-29,chinese,234.8
2006,female,25-29,indian,76.4
2006,female,25-29,other_citizen,9.8
2006,female,25-29,other_noncitizen,114.5
2006,female,30-34,overall,955.2
2006,female,30-34,bumi_malay,442.8
2006,female,30-34,bumi_other,105
2006,female,30-34,chinese,224.7
2006,female,30-34,indian,70
2006,female,30-34,other_citizen,8.1
2006,female,30-34,other_noncitizen,104.6
2006,female,35-39,overall,906
2006,female,35-39,bumi_malay,426.5
2006,female,35-39,bumi_other,96.9
2006,female,35-39,chinese,229
2006,female,35-39,indian,68.6
2006,female,35-39,other_citizen,7.9
2006,female,35-39,other_noncitizen,77.1
2006,female,40-44,overall,814.4
2006,female,40-44,bumi_malay,390.2
2006,female,40-44,bumi_other,84.9
2006,female,40-44,chinese,216.1
2006,female,40-44,indian,65
2006,female,40-44,other_citizen,7.1
2006,female,40-44,other_noncitizen,51.2
2006,female,45-49,overall,706.5
2006,female,45-49,bumi_malay,342.4
2006,female,45-49,bumi_other,67.5
2006,female,45-49,chinese,199.6
2006,female,45-49,indian,59.7
2006,female,45-49,other_citizen,5.7
2006,female,45-49,other_noncitizen,31.6
2006,female,50-54,overall,574
2006,female,50-54,bumi_malay,279.2
2006,female,50-54,bumi_other,49.1
2006,female,50-54,chinese,174.2
2006,female,50-54,indian,48.5
2006,female,50-54,other_citizen,4.2
2006,female,50-54,other_noncitizen,18.7
2006,female,55-59,overall,441.2
2006,female,55-59,bumi_malay,210.2
2006,female,55-59,bumi_other,37.1
2006,female,55-59,chinese,143.5
2006,female,55-59,indian,35.5
2006,female,55-59,other_citizen,3
2006,female,55-59,other_noncitizen,11.9
2006,female,60-64,overall,309.5
2006,female,60-64,bumi_malay,144.8
2006,female,60-64,bumi_other,28.5
2006,female,60-64,chinese,105.1
2006,female,60-64,indian,21.9
2006,female,60-64,other_citizen,2.1
2006,female,60-64,other_noncitizen,7.1
2006,female,65-69,overall,245.6
2006,female,65-69,bumi_malay,116.6
2006,female,65-69,bumi_other,21.9
2006,female,65-69,chinese,83.6
2006,female,65-69,indian,17
2006,female,65-69,other_citizen,1.5
2006,female,65-69,other_noncitizen,5.1
2006,female,70-74,overall,170.2
2006,female,70-74,bumi_malay,79.2
2006,female,70-74,bumi_other,16.1
2006,female,70-74,chinese,57.8
2006,female,70-74,indian,12.2
2006,female,70-74,other_citizen,1
2006,female,70-74,other_noncitizen,3.7
2006,female,75-79,overall,115.6
2006,female,75-79,bumi_malay,55.5
2006,female,75-79,bumi_other,10.2
2006,female,75-79,chinese,39.3
2006,female,75-79,indian,6.8
2006,female,75-79,other_citizen,0.8
2006,female,75-79,other_noncitizen,2.9
2006,female,80-84,overall,59.6
2006,female,80-84,bumi_malay,28
2006,female,80-84,bumi_other,5.1
2006,female,80-84,chinese,20.6
2006,female,80-84,indian,3.4
2006,female,80-84,other_citizen,0.4
2006,female,80-84,other_noncitizen,2
2006,female,85+,overall,49.8
2006,female,85+,bumi_malay,23.1
2006,female,85+,bumi_other,3.7
2006,female,85+,chinese,17.8
2006,female,85+,indian,2.6
2006,female,85+,other_citizen,0.4
2006,female,85+,other_noncitizen,2.3
2006,male,overall,overall,13627.4
2006,male,overall,bumi_malay,6685.5
2006,male,overall,bumi_other,1521.3
2006,male,overall,chinese,3184.3
2006,male,overall,indian,924.4
2006,male,overall,other_citizen,141.2
2006,male,overall,other_noncitizen,1170.7
2006,male,0-4,overall,1296.6
2006,male,0-4,bumi_malay,744.4
2006,male,0-4,bumi_other,176.9
2006,male,0-4,chinese,241.4
2006,male,0-4,indian,82.5
2006,male,0-4,other_citizen,20.6
2006,male,0-4,other_noncitizen,30.7
2006,male,09-May,overall,1398.4
2006,male,09-May,bumi_malay,787.7
2006,male,09-May,bumi_other,182.8
2006,male,09-May,chinese,274.2
2006,male,09-May,indian,91.5
2006,male,09-May,other_citizen,20.2
2006,male,09-May,other_noncitizen,42
2006,male,14-Oct,overall,1412.8
2006,male,14-Oct,bumi_malay,772.3
2006,male,14-Oct,bumi_other,183.6
2006,male,14-Oct,chinese,277.1
2006,male,14-Oct,indian,90
2006,male,14-Oct,other_citizen,18.4
2006,male,14-Oct,other_noncitizen,71.6
2006,male,15-19,overall,1420.3
2006,male,15-19,bumi_malay,721.8
2006,male,15-19,bumi_other,163.5
2006,male,15-19,chinese,270.9
2006,male,15-19,indian,92.4
2006,male,15-19,other_citizen,16.3
2006,male,15-19,other_noncitizen,155.2
2006,male,20-24,overall,1388.3
2006,male,20-24,bumi_malay,654.7
2006,male,20-24,bumi_other,150.3
2006,male,20-24,chinese,267.2
2006,male,20-24,indian,89.5
2006,male,20-24,other_citizen,13.6
2006,male,20-24,other_noncitizen,213
2006,male,25-29,overall,1163.8
2006,male,25-29,bumi_malay,518.1
2006,male,25-29,bumi_other,119
2006,male,25-29,chinese,250.8
2006,male,25-29,indian,78.6
2006,male,25-29,other_citizen,8.9
2006,male,25-29,other_noncitizen,188.2
2006,male,30-34,overall,1014.8
2006,male,30-34,bumi_malay,440.3
2006,male,30-34,bumi_other,103.8
2006,male,30-34,chinese,240
2006,male,30-34,indian,70.3
2006,male,30-34,other_citizen,6.8
2006,male,30-34,other_noncitizen,153.7
2006,male,35-39,overall,932.5
2006,male,35-39,bumi_malay,414
2006,male,35-39,bumi_other,98.3
2006,male,35-39,chinese,235.3
2006,male,35-39,indian,66.2
2006,male,35-39,other_citizen,6.8
2006,male,35-39,other_noncitizen,111.8
2006,male,40-44,overall,863.7
2006,male,40-44,bumi_malay,389.9
2006,male,40-44,bumi_other,89.1
2006,male,40-44,chinese,233.2
2006,male,40-44,indian,65.4
2006,male,40-44,other_citizen,6.7
2006,male,40-44,other_noncitizen,79.4
2006,male,45-49,overall,752.7
2006,male,45-49,bumi_malay,343.3
2006,male,45-49,bumi_other,73.6
2006,male,45-49,chinese,219.4
2006,male,45-49,indian,59.6
2006,male,45-49,other_citizen,6.6
2006,male,45-49,other_noncitizen,50.1
2006,male,50-54,overall,611.2
2006,male,50-54,bumi_malay,281.7
2006,male,50-54,bumi_other,56
2006,male,50-54,chinese,191.1
2006,male,50-54,indian,48.2
2006,male,50-54,other_citizen,5.7
2006,male,50-54,other_noncitizen,28.5
2006,male,55-59,overall,466.7
2006,male,55-59,bumi_malay,213.2
2006,male,55-59,bumi_other,39.3
2006,male,55-59,chinese,158.5
2006,male,55-59,indian,34.5
2006,male,55-59,other_citizen,3.5
2006,male,55-59,other_noncitizen,17.7
2006,male,60-64,overall,325.7
2006,male,60-64,bumi_malay,144.1
2006,male,60-64,bumi_other,30.3
2006,male,60-64,chinese,118
2006,male,60-64,indian,20.9
2006,male,60-64,other_citizen,2.3
2006,male,60-64,other_noncitizen,10.3
2006,male,65-69,overall,243.1
2006,male,65-69,bumi_malay,107.6
2006,male,65-69,bumi_other,21.7
2006,male,65-69,chinese,90.4
2006,male,65-69,indian,14.7
2006,male,65-69,other_citizen,1.8
2006,male,65-69,other_noncitizen,6.9
2006,male,70-74,overall,155.8
2006,male,70-74,bumi_malay,68.1
2006,male,70-74,bumi_other,15.3
2006,male,70-74,chinese,57.4
2006,male,70-74,indian,9.6
2006,male,70-74,other_citizen,1.2
2006,male,70-74,other_noncitizen,4.2
2006,male,75-79,overall,97.5
2006,male,75-79,bumi_malay,44.8
2006,male,75-79,bumi_other,9.7
2006,male,75-79,chinese,33.2
2006,male,75-79,indian,5.8
2006,male,75-79,other_citizen,0.9
2006,male,75-79,other_noncitizen,3.1
2006,male,80-84,overall,47.2
2006,male,80-84,bumi_malay,21.9
2006,male,80-84,bumi_other,5.1
2006,male,80-84,chinese,14.9
2006,male,80-84,indian,2.7
2006,male,80-84,other_citizen,0.5
2006,male,80-84,other_noncitizen,2.1
2006,male,85+,overall,36.1
2006,male,85+,bumi_malay,17.3
2006,male,85+,bumi_other,3.2
2006,male,85+,chinese,11.1
2006,male,85+,indian,1.9
2006,male,85+,other_citizen,0.4
2006,male,85+,other_noncitizen,2.1
2007,both,overall,overall,27058.4
2007,both,overall,bumi_malay,13522
2007,both,overall,bumi_other,3085.1
2007,both,overall,chinese,6253.6
2007,both,overall,indian,1863.3
2007,both,overall,other_citizen,279.1
2007,both,overall,other_noncitizen,2055.3
2007,both,0-4,overall,2513.5
2007,both,0-4,bumi_malay,1444.1
2007,both,0-4,bumi_other,352.4
2007,both,0-4,chinese,458.9
2007,both,0-4,indian,158.3
2007,both,0-4,other_citizen,40.9
2007,both,0-4,other_noncitizen,58.9
2007,both,09-May,overall,2697.3
2007,both,09-May,bumi_malay,1527.6
2007,both,09-May,bumi_other,361.3
2007,both,09-May,chinese,523.8
2007,both,09-May,indian,177.9
2007,both,09-May,other_citizen,37.9
2007,both,09-May,other_noncitizen,68.7
2007,both,14-Oct,overall,2741.2
2007,both,14-Oct,bumi_malay,1516.4
2007,both,14-Oct,bumi_other,366.4
2007,both,14-Oct,chinese,535.7
2007,both,14-Oct,indian,178
2007,both,14-Oct,other_citizen,35.2
2007,both,14-Oct,other_noncitizen,109.6
2007,both,15-19,overall,2801.9
2007,both,15-19,bumi_malay,1449.2
2007,both,15-19,bumi_other,339
2007,both,15-19,chinese,534.9
2007,both,15-19,indian,180.8
2007,both,15-19,other_citizen,32.6
2007,both,15-19,other_noncitizen,265.5
2007,both,20-24,overall,2752.8
2007,both,20-24,bumi_malay,1329.7
2007,both,20-24,bumi_other,307.4
2007,both,20-24,chinese,529.6
2007,both,20-24,indian,179.4
2007,both,20-24,other_citizen,28
2007,both,20-24,other_noncitizen,378.9
2007,both,25-29,overall,2349.4
2007,both,25-29,bumi_malay,1082.9
2007,both,25-29,bumi_other,250.8
2007,both,25-29,chinese,496.8
2007,both,25-29,indian,160.2
2007,both,25-29,other_citizen,19.7
2007,both,25-29,other_noncitizen,339.1
2007,both,30-34,overall,2002.6
2007,both,30-34,bumi_malay,898.7
2007,both,30-34,bumi_other,211
2007,both,30-34,chinese,467.5
2007,both,30-34,indian,141.3
2007,both,30-34,other_citizen,14.8
2007,both,30-34,other_noncitizen,269.5
2007,both,35-39,overall,1862.5
2007,both,35-39,bumi_malay,847.6
2007,both,35-39,bumi_other,198.6
2007,both,35-39,chinese,464.9
2007,both,35-39,indian,134.4
2007,both,35-39,other_citizen,14.2
2007,both,35-39,other_noncitizen,203
2007,both,40-44,overall,1709.9
2007,both,40-44,bumi_malay,796.1
2007,both,40-44,bumi_other,178.7
2007,both,40-44,chinese,453.6
2007,both,40-44,indian,131
2007,both,40-44,other_citizen,13.5
2007,both,40-44,other_noncitizen,137.1
2007,both,45-49,overall,1501.3
2007,both,45-49,bumi_malay,706.5
2007,both,45-49,bumi_other,148.9
2007,both,45-49,chinese,424.3
2007,both,45-49,indian,121.6
2007,both,45-49,other_citizen,12.3
2007,both,45-49,other_noncitizen,87.8
2007,both,50-54,overall,1229.2
2007,both,50-54,bumi_malay,583.3
2007,both,50-54,bumi_other,112
2007,both,50-54,chinese,372.7
2007,both,50-54,indian,100.2
2007,both,50-54,other_citizen,10
2007,both,50-54,other_noncitizen,51
2007,both,55-59,overall,953.8
2007,both,55-59,bumi_malay,448.9
2007,both,55-59,bumi_other,80
2007,both,55-59,chinese,312.5
2007,both,55-59,indian,74.5
2007,both,55-59,other_citizen,6.8
2007,both,55-59,other_noncitizen,31.2
2007,both,60-64,overall,675
2007,both,60-64,bumi_malay,308.7
2007,both,60-64,bumi_other,61.1
2007,both,60-64,chinese,235.1
2007,both,60-64,indian,46.5
2007,both,60-64,other_citizen,4.5
2007,both,60-64,other_noncitizen,19.1
2007,both,65-69,overall,499.5
2007,both,65-69,bumi_malay,228.5
2007,both,65-69,bumi_other,45.6
2007,both,65-69,chinese,178.1
2007,both,65-69,indian,31.6
2007,both,65-69,other_citizen,3.3
2007,both,65-69,other_noncitizen,12.5
2007,both,70-74,overall,346.8
2007,both,70-74,bumi_malay,157.2
2007,both,70-74,bumi_other,32.9
2007,both,70-74,chinese,122.9
2007,both,70-74,indian,23
2007,both,70-74,other_citizen,2.3
2007,both,70-74,other_noncitizen,8.4
2007,both,75-79,overall,216.6
2007,both,75-79,bumi_malay,99.9
2007,both,75-79,bumi_other,21.1
2007,both,75-79,chinese,74.5
2007,both,75-79,indian,13.3
2007,both,75-79,other_citizen,1.6
2007,both,75-79,other_noncitizen,6.1
2007,both,80-84,overall,118
2007,both,80-84,bumi_malay,55.8
2007,both,80-84,bumi_other,11
2007,both,80-84,chinese,39.2
2007,both,80-84,indian,6.6
2007,both,80-84,other_citizen,1
2007,both,80-84,other_noncitizen,4.3
2007,both,85+,overall,87
2007,both,85+,bumi_malay,40.8
2007,both,85+,bumi_other,7.3
2007,both,85+,chinese,28.8
2007,both,85+,indian,3.9
2007,both,85+,other_citizen,0.8
2007,both,85+,other_noncitizen,4.6
2007,female,overall,overall,13154.7
2007,female,overall,bumi_malay,6710.2
2007,female,overall,bumi_other,1521.9
2007,female,overall,chinese,3034.9
2007,female,overall,indian,927.9
2007,female,overall,other_citizen,137.1
2007,female,overall,other_noncitizen,822.8
2007,female,0-4,overall,1223.1
2007,female,0-4,bumi_malay,703.7
2007,female,0-4,bumi_other,171.9
2007,female,0-4,chinese,222.1
2007,female,0-4,indian,77.6
2007,female,0-4,other_citizen,19.6
2007,female,0-4,other_noncitizen,28.2
2007,female,09-May,overall,1312.6
2007,female,09-May,bumi_malay,743
2007,female,09-May,bumi_other,176.9
2007,female,09-May,chinese,254.5
2007,female,09-May,indian,87.4
2007,female,09-May,other_citizen,18.2
2007,female,09-May,other_noncitizen,32.6
2007,female,14-Oct,overall,1333.6
2007,female,14-Oct,bumi_malay,740.7
2007,female,14-Oct,bumi_other,180.5
2007,female,14-Oct,chinese,258.7
2007,female,14-Oct,indian,87.8
2007,female,14-Oct,other_citizen,17
2007,female,14-Oct,other_noncitizen,48.9
2007,female,15-19,overall,1363.2
2007,female,15-19,bumi_malay,715.7
2007,female,15-19,bumi_other,170.3
2007,female,15-19,chinese,261.4
2007,female,15-19,indian,88.3
2007,female,15-19,other_citizen,16.1
2007,female,15-19,other_noncitizen,111.5
2007,female,20-24,overall,1319.9
2007,female,20-24,bumi_malay,659.5
2007,female,20-24,bumi_other,154.4
2007,female,20-24,chinese,260.9
2007,female,20-24,indian,88
2007,female,20-24,other_citizen,13.9
2007,female,20-24,other_noncitizen,143.2
2007,female,25-29,overall,1113.9
2007,female,25-29,bumi_malay,535.2
2007,female,25-29,bumi_other,124.8
2007,female,25-29,chinese,240.7
2007,female,25-29,indian,78.8
2007,female,25-29,other_citizen,10.2
2007,female,25-29,other_noncitizen,124.2
2007,female,30-34,overall,962.7
2007,female,30-34,bumi_malay,448.2
2007,female,30-34,bumi_other,105.7
2007,female,30-34,chinese,224.9
2007,female,30-34,indian,70
2007,female,30-34,other_citizen,8
2007,female,30-34,other_noncitizen,106
2007,female,35-39,overall,915.7
2007,female,35-39,bumi_malay,429.9
2007,female,35-39,bumi_other,98.5
2007,female,35-39,chinese,228.5
2007,female,35-39,indian,68.3
2007,female,35-39,other_citizen,7.6
2007,female,35-39,other_noncitizen,83
2007,female,40-44,overall,832.6
2007,female,40-44,bumi_malay,399.4
2007,female,40-44,bumi_other,87.1
2007,female,40-44,chinese,219.2
2007,female,40-44,indian,65.7
2007,female,40-44,other_citizen,7
2007,female,40-44,other_noncitizen,54.3
2007,female,45-49,overall,724.9
2007,female,45-49,bumi_malay,352.1
2007,female,45-49,bumi_other,71.5
2007,female,45-49,chinese,201.2
2007,female,45-49,indian,60.6
2007,female,45-49,other_citizen,5.8
2007,female,45-49,other_noncitizen,33.8
2007,female,50-54,overall,595.8
2007,female,50-54,bumi_malay,291.4
2007,female,50-54,bumi_other,52.3
2007,female,50-54,chinese,177.4
2007,female,50-54,indian,50.3
2007,female,50-54,other_citizen,4.3
2007,female,50-54,other_noncitizen,20.1
2007,female,55-59,overall,464.1
2007,female,55-59,bumi_malay,223.2
2007,female,55-59,bumi_other,38.6
2007,female,55-59,chinese,148.8
2007,female,55-59,indian,37.8
2007,female,55-59,other_citizen,3.1
2007,female,55-59,other_noncitizen,12.7
2007,female,60-64,overall,329.8
2007,female,60-64,bumi_malay,155.1
2007,female,60-64,bumi_other,29.7
2007,female,60-64,chinese,111
2007,female,60-64,indian,23.9
2007,female,60-64,other_citizen,2.2
2007,female,60-64,other_noncitizen,7.9
2007,female,65-69,overall,249.5
2007,female,65-69,bumi_malay,118.2
2007,female,65-69,bumi_other,22.8
2007,female,65-69,chinese,84.9
2007,female,65-69,indian,16.8
2007,female,65-69,other_citizen,1.5
2007,female,65-69,other_noncitizen,5.3
2007,female,70-74,overall,179.8
2007,female,70-74,bumi_malay,84.3
2007,female,70-74,bumi_other,16.8
2007,female,70-74,chinese,60.9
2007,female,70-74,indian,12.8
2007,female,70-74,other_citizen,1.1
2007,female,70-74,other_noncitizen,3.8
2007,female,75-79,overall,117.4
2007,female,75-79,bumi_malay,55.5
2007,female,75-79,bumi_other,11
2007,female,75-79,chinese,39.9
2007,female,75-79,indian,7.3
2007,female,75-79,other_citizen,0.8
2007,female,75-79,other_noncitizen,2.9
2007,female,80-84,overall,65.8
2007,female,80-84,bumi_malay,31.6
2007,female,80-84,bumi_other,5.5
2007,female,80-84,chinese,22.5
2007,female,80-84,indian,3.6
2007,female,80-84,other_citizen,0.5
2007,female,80-84,other_noncitizen,2.1
2007,female,85+,overall,50.2
2007,female,85+,bumi_malay,23.4
2007,female,85+,bumi_other,3.9
2007,female,85+,chinese,17.6
2007,female,85+,indian,2.7
2007,female,85+,other_citizen,0.4
2007,female,85+,other_noncitizen,2.3
2007,male,overall,overall,13903.7
2007,male,overall,bumi_malay,6811.8
2007,male,overall,bumi_other,1563.2
2007,male,overall,chinese,3218.6
2007,male,overall,indian,935.4
2007,male,overall,other_citizen,142.1
2007,male,overall,other_noncitizen,1232.5
2007,male,0-4,overall,1290.4
2007,male,0-4,bumi_malay,740.4
2007,male,0-4,bumi_other,180.5
2007,male,0-4,chinese,236.8
2007,male,0-4,indian,80.7
2007,male,0-4,other_citizen,21.2
2007,male,0-4,other_noncitizen,30.7
2007,male,09-May,overall,1384.6
2007,male,09-May,bumi_malay,784.6
2007,male,09-May,bumi_other,184.4
2007,male,09-May,chinese,269.3
2007,male,09-May,indian,90.5
2007,male,09-May,other_citizen,19.7
2007,male,09-May,other_noncitizen,36.1
2007,male,14-Oct,overall,1407.6
2007,male,14-Oct,bumi_malay,775.7
2007,male,14-Oct,bumi_other,185.8
2007,male,14-Oct,chinese,277
2007,male,14-Oct,indian,90.2
2007,male,14-Oct,other_citizen,18.2
2007,male,14-Oct,other_noncitizen,60.7
2007,male,15-19,overall,1438.7
2007,male,15-19,bumi_malay,733.5
2007,male,15-19,bumi_other,168.7
2007,male,15-19,chinese,273.5
2007,male,15-19,indian,92.5
2007,male,15-19,other_citizen,16.5
2007,male,15-19,other_noncitizen,154
2007,male,20-24,overall,1432.9
2007,male,20-24,bumi_malay,670.2
2007,male,20-24,bumi_other,153
2007,male,20-24,chinese,268.7
2007,male,20-24,indian,91.4
2007,male,20-24,other_citizen,14.1
2007,male,20-24,other_noncitizen,235.7
2007,male,25-29,overall,1235.5
2007,male,25-29,bumi_malay,547.7
2007,male,25-29,bumi_other,126
2007,male,25-29,chinese,256.1
2007,male,25-29,indian,81.4
2007,male,25-29,other_citizen,9.5
2007,male,25-29,other_noncitizen,214.9
2007,male,30-34,overall,1039.9
2007,male,30-34,bumi_malay,450.5
2007,male,30-34,bumi_other,105.3
2007,male,30-34,chinese,242.6
2007,male,30-34,indian,71.3
2007,male,30-34,other_citizen,6.8
2007,male,30-34,other_noncitizen,163.5
2007,male,35-39,overall,946.8
2007,male,35-39,bumi_malay,417.7
2007,male,35-39,bumi_other,100.1
2007,male,35-39,chinese,236.4
2007,male,35-39,indian,66.1
2007,male,35-39,other_citizen,6.6
2007,male,35-39,other_noncitizen,120
2007,male,40-44,overall,877.3
2007,male,40-44,bumi_malay,396.7
2007,male,40-44,bumi_other,91.6
2007,male,40-44,chinese,234.4
2007,male,40-44,indian,65.3
2007,male,40-44,other_citizen,6.5
2007,male,40-44,other_noncitizen,82.8
2007,male,45-49,overall,776.4
2007,male,45-49,bumi_malay,354.4
2007,male,45-49,bumi_other,77.4
2007,male,45-49,chinese,223.1
2007,male,45-49,indian,61
2007,male,45-49,other_citizen,6.5
2007,male,45-49,other_noncitizen,54
2007,male,50-54,overall,633.4
2007,male,50-54,bumi_malay,291.9
2007,male,50-54,bumi_other,59.7
2007,male,50-54,chinese,195.3
2007,male,50-54,indian,49.9
2007,male,50-54,other_citizen,5.7
2007,male,50-54,other_noncitizen,30.9
2007,male,55-59,overall,489.7
2007,male,55-59,bumi_malay,225.7
2007,male,55-59,bumi_other,41.4
2007,male,55-59,chinese,163.7
2007,male,55-59,indian,36.7
2007,male,55-59,other_citizen,3.7
2007,male,55-59,other_noncitizen,18.5
2007,male,60-64,overall,345.2
2007,male,60-64,bumi_malay,153.6
2007,male,60-64,bumi_other,31.4
2007,male,60-64,chinese,124.1
2007,male,60-64,indian,22.6
2007,male,60-64,other_citizen,2.3
2007,male,60-64,other_noncitizen,11.2
2007,male,65-69,overall,250
2007,male,65-69,bumi_malay,110.3
2007,male,65-69,bumi_other,22.8
2007,male,65-69,chinese,93.2
2007,male,65-69,indian,14.8
2007,male,65-69,other_citizen,1.8
2007,male,65-69,other_noncitizen,7.2
2007,male,70-74,overall,167
2007,male,70-74,bumi_malay,72.9
2007,male,70-74,bumi_other,16.1
2007,male,70-74,chinese,62
2007,male,70-74,indian,10.2
2007,male,70-74,other_citizen,1.2
2007,male,70-74,other_noncitizen,4.6
2007,male,75-79,overall,99.2
2007,male,75-79,bumi_malay,44.4
2007,male,75-79,bumi_other,10.1
2007,male,75-79,chinese,34.6
2007,male,75-79,indian,6
2007,male,75-79,other_citizen,0.8
2007,male,75-79,other_noncitizen,3.2
2007,male,80-84,overall,52.2
2007,male,80-84,bumi_malay,24.2
2007,male,80-84,bumi_other,5.5
2007,male,80-84,chinese,16.7
2007,male,80-84,indian,3
2007,male,80-84,other_citizen,0.5
2007,male,80-84,other_noncitizen,2.2
2007,male,85+,overall,36.8
2007,male,85+,bumi_malay,17.4
2007,male,85+,bumi_other,3.4
2007,male,85+,chinese,11.2
2007,male,85+,indian,1.2
2007,male,85+,other_citizen,0.4
2007,male,85+,other_noncitizen,2.3
2008,both,overall,overall,27567.6
2008,both,overall,bumi_malay,13771.7
2008,both,overall,bumi_other,3171.5
2008,both,overall,chinese,6314.7
2008,both,overall,indian,1884.2
2008,both,overall,other_citizen,280.8
2008,both,overall,other_noncitizen,2144.7
2008,both,0-4,overall,2512.5
2008,both,0-4,bumi_malay,1443.5
2008,both,0-4,bumi_other,361.6
2008,both,0-4,chinese,450.9
2008,both,0-4,indian,155.2
2008,both,0-4,other_citizen,42.3
2008,both,0-4,other_noncitizen,58.9
2008,both,09-May,overall,2670.9
2008,both,09-May,bumi_malay,1519.3
2008,both,09-May,bumi_other,365.7
2008,both,09-May,chinese,514
2008,both,09-May,indian,174.7
2008,both,09-May,other_citizen,37.4
2008,both,09-May,other_noncitizen,59.7
2008,both,14-Oct,overall,2721.1
2008,both,14-Oct,bumi_malay,1516.1
2008,both,14-Oct,bumi_other,368.8
2008,both,14-Oct,chinese,534
2008,both,14-Oct,indian,178.7
2008,both,14-Oct,other_citizen,34.5
2008,both,14-Oct,other_noncitizen,89
2008,both,15-19,overall,2828.3
2008,both,15-19,bumi_malay,1471.7
2008,both,15-19,bumi_other,351
2008,both,15-19,chinese,540.5
2008,both,15-19,indian,180.8
2008,both,15-19,other_citizen,32.6
2008,both,15-19,other_noncitizen,251.7
2008,both,20-24,overall,2818.6
2008,both,20-24,bumi_malay,1352.9
2008,both,20-24,bumi_other,313.6
2008,both,20-24,chinese,531.7
2008,both,20-24,indian,181.9
2008,both,20-24,other_citizen,28.7
2008,both,20-24,other_noncitizen,410
2008,both,25-29,overall,2498.6
2008,both,25-29,bumi_malay,1146.2
2008,both,25-29,bumi_other,266.1
2008,both,25-29,chinese,509.6
2008,both,25-29,indian,166.2
2008,both,25-29,other_citizen,21
2008,both,25-29,other_noncitizen,389.4
2008,both,30-34,overall,2040.6
2008,both,30-34,bumi_malay,915.5
2008,both,30-34,bumi_other,213.4
2008,both,30-34,chinese,471
2008,both,30-34,indian,143
2008,both,30-34,other_citizen,14.7
2008,both,30-34,other_noncitizen,282.8
2008,both,35-39,overall,1889.9
2008,both,35-39,bumi_malay,857
2008,both,35-39,bumi_other,201.7
2008,both,35-39,chinese,465.3
2008,both,35-39,indian,134.1
2008,both,35-39,other_citizen,13.5
2008,both,35-39,other_noncitizen,218.2
2008,both,40-44,overall,1739
2008,both,40-44,bumi_malay,809.1
2008,both,40-44,bumi_other,183.1
2008,both,40-44,chinese,457.5
2008,both,40-44,indian,131
2008,both,40-44,other_citizen,13.3
2008,both,40-44,other_noncitizen,145
2008,both,45-49,overall,1541.5
2008,both,45-49,bumi_malay,726.8
2008,both,45-49,bumi_other,156.3
2008,both,45-49,chinese,429.5
2008,both,45-49,indian,123.7
2008,both,45-49,other_citizen,12.1
2008,both,45-49,other_noncitizen,93.2
2008,both,50-54,overall,1276
2008,both,50-54,bumi_malay,606.7
2008,both,50-54,bumi_other,119.4
2008,both,50-54,chinese,380.5
2008,both,50-54,indian,103.8
2008,both,50-54,other_citizen,10.2
2008,both,50-54,other_noncitizen,55.4
2008,both,55-59,overall,993.5
2008,both,55-59,bumi_malay,472.2
2008,both,55-59,bumi_other,83.4
2008,both,55-59,chinese,320.2
2008,both,55-59,indian,77.9
2008,both,55-59,other_citizen,7
2008,both,55-59,other_noncitizen,32.7
2008,both,60-64,overall,723.8
2008,both,60-64,bumi_malay,333.1
2008,both,60-64,bumi_other,63.6
2008,both,60-64,chinese,249.9
2008,both,60-64,indian,51.6
2008,both,60-64,other_citizen,4.6
2008,both,60-64,other_noncitizen,21.1
2008,both,65-69,overall,506.8
2008,both,65-69,bumi_malay,230.5
2008,both,65-69,bumi_other,48
2008,both,65-69,chinese,180.5
2008,both,65-69,indian,31.2
2008,both,65-69,other_citizen,3.4
2008,both,65-69,other_noncitizen,13.1
2008,both,70-74,overall,371.4
2008,both,70-74,bumi_malay,170
2008,both,70-74,bumi_other,33.8
2008,both,70-74,chinese,132.2
2008,both,70-74,indian,24.2
2008,both,70-74,other_citizen,2.3
2008,both,70-74,other_noncitizen,9
2008,both,75-79,overall,218
2008,both,75-79,bumi_malay,98.5
2008,both,75-79,bumi_other,22.1
2008,both,75-79,chinese,75.7
2008,both,75-79,indian,13.9
2008,both,75-79,other_citizen,1.6
2008,both,75-79,other_noncitizen,6.1
2008,both,80-84,overall,129.4
2008,both,80-84,bumi_malay,61.6
2008,both,80-84,bumi_other,12
2008,both,80-84,chinese,43.2
2008,both,80-84,indian,7.1
2008,both,80-84,other_citizen,1
2008,both,80-84,other_noncitizen,4.5
2008,both,85+,overall,87.9
2008,both,85+,bumi_malay,41
2008,both,85+,bumi_other,7.7
2008,both,85+,chinese,28.5
2008,both,85+,indian,5
2008,both,85+,other_citizen,0.8
2008,both,85+,other_noncitizen,4.8
2008,female,overall,overall,13388.5
2008,female,overall,bumi_malay,6834.9
2008,female,overall,bumi_other,1564.3
2008,female,overall,chinese,3062.6
2008,female,overall,indian,938.3
2008,female,overall,other_citizen,137.5
2008,female,overall,other_noncitizen,850.9
2008,female,0-4,overall,1223.6
2008,female,0-4,bumi_malay,704
2008,female,0-4,bumi_other,176.7
2008,female,0-4,chinese,218.2
2008,female,0-4,indian,76.1
2008,female,0-4,other_citizen,20.3
2008,female,0-4,other_noncitizen,28.2
2008,female,09-May,overall,1299.3
2008,female,09-May,bumi_malay,739.3
2008,female,09-May,bumi_other,178.5
2008,female,09-May,chinese,249.6
2008,female,09-May,indian,85.6
2008,female,09-May,other_citizen,17.9
2008,female,09-May,other_noncitizen,28.3
2008,female,14-Oct,overall,1325.7
2008,female,14-Oct,bumi_malay,739.9
2008,female,14-Oct,bumi_other,181.9
2008,female,14-Oct,chinese,258.8
2008,female,14-Oct,indian,88.3
2008,female,14-Oct,other_citizen,16.6
2008,female,14-Oct,other_noncitizen,40.3
2008,female,15-19,overall,1376.5
2008,female,15-19,bumi_malay,726.2
2008,female,15-19,bumi_other,176
2008,female,15-19,chinese,263.4
2008,female,15-19,indian,88.6
2008,female,15-19,other_citizen,16
2008,female,15-19,other_noncitizen,106.3
2008,female,20-24,overall,1354.4
2008,female,20-24,bumi_malay,672.4
2008,female,20-24,bumi_other,158.4
2008,female,20-24,chinese,262.8
2008,female,20-24,indian,89
2008,female,20-24,other_citizen,14.2
2008,female,20-24,other_noncitizen,157.6
2008,female,25-29,overall,1178.6
2008,female,25-29,bumi_malay,566.1
2008,female,25-29,bumi_other,132.6
2008,female,25-29,chinese,248
2008,female,25-29,indian,81.8
2008,female,25-29,other_citizen,10.7
2008,female,25-29,other_noncitizen,139.5
2008,female,30-34,overall,971.6
2008,female,30-34,bumi_malay,454
2008,female,30-34,bumi_other,106.4
2008,female,30-34,chinese,225.7
2008,female,30-34,indian,70.3
2008,female,30-34,other_citizen,7.9
2008,female,30-34,other_noncitizen,107.2
2008,female,35-39,overall,924.5
2008,female,35-39,bumi_malay,433.5
2008,female,35-39,bumi_other,100
2008,female,35-39,chinese,227.2
2008,female,35-39,indian,67.8
2008,female,35-39,other_citizen,7.3
2008,female,35-39,other_noncitizen,88.7
2008,female,40-44,overall,851.1
2008,female,40-44,bumi_malay,407.8
2008,female,40-44,bumi_other,89.3
2008,female,40-44,chinese,222.8
2008,female,40-44,indian,66.3
2008,female,40-44,other_citizen,6.9
2008,female,40-44,other_noncitizen,58.1
2008,female,45-49,overall,741.6
2008,female,45-49,bumi_malay,361.1
2008,female,45-49,bumi_other,75
2008,female,45-49,chinese,202.5
2008,female,45-49,indian,61.4
2008,female,45-49,other_citizen,5.8
2008,female,45-49,other_noncitizen,35.8
2008,female,50-54,overall,619
2008,female,50-54,bumi_malay,304.2
2008,female,50-54,bumi_other,55.7
2008,female,50-54,chinese,180.7
2008,female,50-54,indian,52.3
2008,female,50-54,other_citizen,4.4
2008,female,50-54,other_noncitizen,21.7
2008,female,55-59,overall,483.7
2008,female,55-59,bumi_malay,235.3
2008,female,55-59,bumi_other,39.8
2008,female,55-59,chinese,152.5
2008,female,55-59,indian,39.5
2008,female,55-59,other_citizen,3.1
2008,female,55-59,other_noncitizen,13.4
2008,female,60-64,overall,355.1
2008,female,60-64,bumi_malay,167.8
2008,female,60-64,bumi_other,31.1
2008,female,60-64,chinese,118.5
2008,female,60-64,indian,26.7
2008,female,60-64,other_citizen,2.2
2008,female,60-64,other_noncitizen,8.8
2008,female,65-69,overall,252.1
2008,female,65-69,bumi_malay,119
2008,female,65-69,bumi_other,23.8
2008,female,65-69,chinese,85.5
2008,female,65-69,indian,16.5
2008,female,65-69,other_citizen,1.6
2008,female,65-69,other_noncitizen,5.6
2008,female,70-74,overall,191.4
2008,female,70-74,bumi_malay,90.9
2008,female,70-74,bumi_other,17.3
2008,female,70-74,chinese,64.8
2008,female,70-74,indian,13.4
2008,female,70-74,other_citizen,1.1
2008,female,70-74,other_noncitizen,4
2008,female,75-79,overall,117.6
2008,female,75-79,bumi_malay,54.7
2008,female,75-79,bumi_other,11.5
2008,female,75-79,chinese,39.9
2008,female,75-79,indian,7.8
2008,female,75-79,other_citizen,0.8
2008,female,75-79,other_noncitizen,2.9
2008,female,80-84,overall,72.4
2008,female,80-84,bumi_malay,35.1
2008,female,80-84,bumi_other,6.1
2008,female,80-84,chinese,24.6
2008,female,80-84,indian,3.9
2008,female,80-84,other_citizen,0.5
2008,female,80-84,other_noncitizen,2.2
2008,female,85+,overall,50.5
2008,female,85+,bumi_malay,23.5
2008,female,85+,bumi_other,4
2008,female,85+,chinese,17.3
2008,female,85+,indian,2.9
2008,female,85+,other_citizen,0.4
2008,female,85+,other_noncitizen,2.3
2008,male,overall,overall,14179.1
2008,male,overall,bumi_malay,6936.9
2008,male,overall,bumi_other,1607.2
2008,male,overall,chinese,3252.1
2008,male,overall,indian,945.9
2008,male,overall,other_citizen,143.2
2008,male,overall,other_noncitizen,1293.8
2008,male,0-4,overall,1288.9
2008,male,0-4,bumi_malay,739.5
2008,male,0-4,bumi_other,185
2008,male,0-4,chinese,232.7
2008,male,0-4,indian,79.1
2008,male,0-4,other_citizen,22
2008,male,0-4,other_noncitizen,30.7
2008,male,09-May,overall,1371.6
2008,male,09-May,bumi_malay,780
2008,male,09-May,bumi_other,187.2
2008,male,09-May,chinese,264.4
2008,male,09-May,indian,89.1
2008,male,09-May,other_citizen,19.5
2008,male,09-May,other_noncitizen,31.4
2008,male,14-Oct,overall,1395.3
2008,male,14-Oct,bumi_malay,776.1
2008,male,14-Oct,bumi_other,186.9
2008,male,14-Oct,chinese,275.2
2008,male,14-Oct,indian,90.4
2008,male,14-Oct,other_citizen,17.9
2008,male,14-Oct,other_noncitizen,48.8
2008,male,15-19,overall,1451.8
2008,male,15-19,bumi_malay,745.5
2008,male,15-19,bumi_other,175
2008,male,15-19,chinese,277.1
2008,male,15-19,indian,92.2
2008,male,15-19,other_citizen,16.6
2008,male,15-19,other_noncitizen,145.4
2008,male,20-24,overall,1464.2
2008,male,20-24,bumi_malay,680.5
2008,male,20-24,bumi_other,155.2
2008,male,20-24,chinese,268.9
2008,male,20-24,indian,92.9
2008,male,20-24,other_citizen,14.5
2008,male,20-24,other_noncitizen,252.4
2008,male,25-29,overall,1320
2008,male,25-29,bumi_malay,580.1
2008,male,25-29,bumi_other,133.5
2008,male,25-29,chinese,261.6
2008,male,25-29,indian,84.4
2008,male,25-29,other_citizen,10.3
2008,male,25-29,other_noncitizen,249.9
2008,male,30-34,overall,1069
2008,male,30-34,bumi_malay,461.5
2008,male,30-34,bumi_other,107
2008,male,30-34,chinese,245.3
2008,male,30-34,indian,72.7
2008,male,30-34,other_citizen,6.8
2008,male,30-34,other_noncitizen,175.6
2008,male,35-39,overall,965.4
2008,male,35-39,bumi_malay,423.5
2008,male,35-39,bumi_other,101.7
2008,male,35-39,chinese,238.1
2008,male,35-39,indian,66.3
2008,male,35-39,other_citizen,6.2
2008,male,35-39,other_noncitizen,129.5
2008,male,40-44,overall,887.9
2008,male,40-44,bumi_malay,401.3
2008,male,40-44,bumi_other,93.8
2008,male,40-44,chinese,234.7
2008,male,40-44,indian,64.7
2008,male,40-44,other_citizen,6.4
2008,male,40-44,other_noncitizen,86.9
2008,male,45-49,overall,799.9
2008,male,45-49,bumi_malay,365.7
2008,male,45-49,bumi_other,81.3
2008,male,45-49,chinese,227
2008,male,45-49,indian,62.3
2008,male,45-49,other_citizen,6.3
2008,male,45-49,other_noncitizen,57.4
2008,male,50-54,overall,657
2008,male,50-54,bumi_malay,302.5
2008,male,50-54,bumi_other,63.7
2008,male,50-54,chinese,199.8
2008,male,50-54,indian,51.5
2008,male,50-54,other_citizen,5.8
2008,male,50-54,other_noncitizen,33.7
2008,male,55-59,overall,509.8
2008,male,55-59,bumi_malay,236.9
2008,male,55-59,bumi_other,43.6
2008,male,55-59,chinese,167.7
2008,male,55-59,indian,38.4
2008,male,55-59,other_citizen,3.9
2008,male,55-59,other_noncitizen,19.3
2008,male,60-64,overall,368.7
2008,male,60-64,bumi_malay,165.3
2008,male,60-64,bumi_other,32.5
2008,male,60-64,chinese,131.4
2008,male,60-64,indian,24.9
2008,male,60-64,other_citizen,2.4
2008,male,60-64,other_noncitizen,12.3
2008,male,65-69,overall,254.7
2008,male,65-69,bumi_malay,111.5
2008,male,65-69,bumi_other,24.2
2008,male,65-69,chinese,95
2008,male,65-69,indian,14.7
2008,male,65-69,other_citizen,1.8
2008,male,65-69,other_noncitizen,7.5
2008,male,70-74,overall,180
2008,male,70-74,bumi_malay,79.1
2008,male,70-74,bumi_other,16.5
2008,male,70-74,chinese,67.4
2008,male,70-74,indian,10.8
2008,male,70-74,other_citizen,1.2
2008,male,70-74,other_noncitizen,5
2008,male,75-79,overall,100.4
2008,male,75-79,bumi_malay,43.8
2008,male,75-79,bumi_other,10.6
2008,male,75-79,chinese,35.8
2008,male,75-79,indian,6.1
2008,male,75-79,other_citizen,0.8
2008,male,75-79,other_noncitizen,3.2
2008,male,80-84,overall,57
2008,male,80-84,bumi_malay,26.5
2008,male,80-84,bumi_other,5.9
2008,male,80-84,chinese,18.6
2008,male,80-84,indian,3.2
2008,male,80-84,other_citizen,0.5
2008,male,80-84,other_noncitizen,2.3
2008,male,85+,overall,37.4
2008,male,85+,bumi_malay,17.5
2008,male,85+,bumi_other,3.7
2008,male,85+,chinese,11.2
2008,male,85+,indian,2.1
2008,male,85+,other_citizen,0.4
2008,male,85+,other_noncitizen,2.5
2009,both,overall,overall,28081.5
2009,both,overall,bumi_malay,14031.5
2009,both,overall,bumi_other,3261.6
2009,both,overall,chinese,6372.6
2009,both,overall,indian,1904.6
2009,both,overall,other_citizen,278
2009,both,overall,other_noncitizen,2233.2
2009,both,0-4,overall,2515
2009,both,0-4,bumi_malay,1449.1
2009,both,0-4,bumi_other,370.6
2009,both,0-4,chinese,442.7
2009,both,0-4,indian,152
2009,both,0-4,other_citizen,43.5
2009,both,0-4,other_noncitizen,57
2009,both,09-May,overall,2659.8
2009,both,09-May,bumi_malay,1517.2
2009,both,09-May,bumi_other,374.3
2009,both,09-May,chinese,504.2
2009,both,09-May,indian,172.2
2009,both,09-May,other_citizen,37.1
2009,both,09-May,other_noncitizen,54.7
2009,both,14-Oct,overall,2691.1
2009,both,14-Oct,bumi_malay,1512
2009,both,14-Oct,bumi_other,369.7
2009,both,14-Oct,chinese,529.7
2009,both,14-Oct,indian,178.6
2009,both,14-Oct,other_citizen,33.5
2009,both,14-Oct,other_noncitizen,67.5
2009,both,15-19,overall,2841.8
2009,both,15-19,bumi_malay,1492.1
2009,both,15-19,bumi_other,362.7
2009,both,15-19,chinese,546
2009,both,15-19,indian,180.9
2009,both,15-19,other_citizen,31.9
2009,both,15-19,other_noncitizen,228.1
2009,both,20-24,overall,2869.8
2009,both,20-24,bumi_malay,1373.4
2009,both,20-24,bumi_other,320.2
2009,both,20-24,chinese,533.1
2009,both,20-24,indian,183.5
2009,both,20-24,other_citizen,28.8
2009,both,20-24,other_noncitizen,430.7
2009,both,25-29,overall,2652.2
2009,both,25-29,bumi_malay,1206.8
2009,both,25-29,bumi_other,281.5
2009,both,25-29,chinese,522
2009,both,25-29,indian,172.4
2009,both,25-29,other_citizen,22.1
2009,both,25-29,other_noncitizen,447.5
2009,both,30-34,overall,2096.3
2009,both,30-34,bumi_malay,940.2
2009,both,30-34,bumi_other,216.4
2009,both,30-34,chinese,476.2
2009,both,30-34,indian,145.5
2009,both,30-34,other_citizen,14.5
2009,both,30-34,other_noncitizen,303.5
2009,both,35-39,overall,1920.9
2009,both,35-39,bumi_malay,868.9
2009,both,35-39,bumi_other,205.3
2009,both,35-39,chinese,466.4
2009,both,35-39,indian,134
2009,both,35-39,other_citizen,12.7
2009,both,35-39,other_noncitizen,233.7
2009,both,40-44,overall,1765.7
2009,both,40-44,bumi_malay,819.5
2009,both,40-44,bumi_other,187.3
2009,both,40-44,chinese,460.6
2009,both,40-44,indian,130.5
2009,both,40-44,other_citizen,12.6
2009,both,40-44,other_noncitizen,155.2
2009,both,45-49,overall,1579.3
2009,both,45-49,bumi_malay,746.6
2009,both,45-49,bumi_other,162.8
2009,both,45-49,chinese,434.7
2009,both,45-49,indian,125.5
2009,both,45-49,other_citizen,11.5
2009,both,45-49,other_noncitizen,98.3
2009,both,50-54,overall,1323.9
2009,both,50-54,bumi_malay,631.1
2009,both,50-54,bumi_other,126.8
2009,both,50-54,chinese,388.6
2009,both,50-54,indian,107.4
2009,both,50-54,other_citizen,9.9
2009,both,50-54,other_noncitizen,60.1
2009,both,55-59,overall,1029.4
2009,both,55-59,bumi_malay,493
2009,both,55-59,bumi_other,88
2009,both,55-59,chinese,326
2009,both,55-59,indian,80.7
2009,both,55-59,other_citizen,7
2009,both,55-59,other_noncitizen,34.5
2009,both,60-64,overall,775.4
2009,both,60-64,bumi_malay,359.7
2009,both,60-64,bumi_other,66.1
2009,both,60-64,chinese,265.1
2009,both,60-64,indian,57.1
2009,both,60-64,other_citizen,4.5
2009,both,60-64,other_noncitizen,22.8
2009,both,65-69,overall,517.2
2009,both,65-69,bumi_malay,234.2
2009,both,65-69,bumi_other,50.8
2009,both,65-69,chinese,183.7
2009,both,65-69,indian,31.5
2009,both,65-69,other_citizen,3.2
2009,both,65-69,other_noncitizen,14
2009,both,70-74,overall,393.5
2009,both,70-74,bumi_malay,181.5
2009,both,70-74,bumi_other,34.5
2009,both,70-74,chinese,140.9
2009,both,70-74,indian,25
2009,both,70-74,other_citizen,2.1
2009,both,70-74,other_noncitizen,9.4
2009,both,75-79,overall,222.3
2009,both,75-79,bumi_malay,98.8
2009,both,75-79,bumi_other,23.4
2009,both,75-79,chinese,77.6
2009,both,75-79,indian,14.8
2009,both,75-79,other_citizen,1.4
2009,both,75-79,other_noncitizen,6.3
2009,both,80-84,overall,138.3
2009,both,80-84,bumi_malay,65.6
2009,both,80-84,bumi_other,12.9
2009,both,80-84,chinese,46.5
2009,both,80-84,indian,7.6
2009,both,80-84,other_citizen,1
2009,both,80-84,other_noncitizen,4.7
2009,both,85+,overall,89.7
2009,both,85+,bumi_malay,41.7
2009,both,85+,bumi_other,8.2
2009,both,85+,chinese,28.8
2009,both,85+,indian,5.3
2009,both,85+,other_citizen,0.8
2009,both,85+,other_noncitizen,5
2009,female,overall,overall,13624.6
2009,female,overall,bumi_malay,6963.5
2009,female,overall,bumi_other,1608.8
2009,female,overall,chinese,3089.2
2009,female,overall,indian,948.4
2009,female,overall,other_citizen,135.9
2009,female,overall,other_noncitizen,878.7
2009,female,0-4,overall,1223.3
2009,female,0-4,bumi_malay,705.6
2009,female,0-4,bumi_other,181
2009,female,0-4,chinese,214.1
2009,female,0-4,indian,74.4
2009,female,0-4,other_citizen,20.8
2009,female,0-4,other_noncitizen,27.4
2009,female,09-May,overall,1295.3
2009,female,09-May,bumi_malay,739.1
2009,female,09-May,bumi_other,183.1
2009,female,09-May,chinese,244.8
2009,female,09-May,indian,84.5
2009,female,09-May,other_citizen,17.8
2009,female,09-May,other_noncitizen,25.9
2009,female,14-Oct,overall,1312.8
2009,female,14-Oct,bumi_malay,737.2
2009,female,14-Oct,bumi_other,182.5
2009,female,14-Oct,chinese,257.6
2009,female,14-Oct,indian,88.3
2009,female,14-Oct,other_citizen,16.1
2009,female,14-Oct,other_noncitizen,31.1
2009,female,15-19,overall,1384.1
2009,female,15-19,bumi_malay,736.1
2009,female,15-19,bumi_other,181
2009,female,15-19,chinese,265.4
2009,female,15-19,indian,88.9
2009,female,15-19,other_citizen,15.6
2009,female,15-19,other_noncitizen,97
2009,female,20-24,overall,1383.2
2009,female,20-24,bumi_malay,683.4
2009,female,20-24,bumi_other,163.1
2009,female,20-24,chinese,264.1
2009,female,20-24,indian,89.6
2009,female,20-24,other_citizen,14.3
2009,female,20-24,other_noncitizen,168.6
2009,female,25-29,overall,1247.3
2009,female,25-29,bumi_malay,596.9
2009,female,25-29,bumi_other,140.1
2009,female,25-29,chinese,255.5
2009,female,25-29,indian,85
2009,female,25-29,other_citizen,11.1
2009,female,25-29,other_noncitizen,158.8
2009,female,30-34,overall,988.3
2009,female,30-34,bumi_malay,463.6
2009,female,30-34,bumi_other,107.6
2009,female,30-34,chinese,227.6
2009,female,30-34,indian,71.1
2009,female,30-34,other_citizen,7.7
2009,female,30-34,other_noncitizen,110.7
2009,female,35-39,overall,933
2009,female,35-39,bumi_malay,437.5
2009,female,35-39,bumi_other,101.9
2009,female,35-39,chinese,225.9
2009,female,35-39,indian,67.2
2009,female,35-39,other_citizen,6.9
2009,female,35-39,other_noncitizen,93.6
2009,female,40-44,overall,868.4
2009,female,40-44,bumi_malay,414.9
2009,female,40-44,bumi_other,91.6
2009,female,40-44,chinese,226
2009,female,40-44,indian,66.6
2009,female,40-44,other_citizen,6.6
2009,female,40-44,other_noncitizen,62.8
2009,female,45-49,overall,757.6
2009,female,45-49,bumi_malay,370.2
2009,female,45-49,bumi_other,77.8
2009,female,45-49,chinese,204.1
2009,female,45-49,indian,62.1
2009,female,45-49,other_citizen,5.6
2009,female,45-49,other_noncitizen,37.9
2009,female,50-54,overall,642.4
2009,female,50-54,bumi_malay,317.1
2009,female,50-54,bumi_other,59.4
2009,female,50-54,chinese,184
2009,female,50-54,indian,54.2
2009,female,50-54,other_citizen,4.3
2009,female,50-54,other_noncitizen,23.3
2009,female,55-59,overall,501.2
2009,female,55-59,bumi_malay,246.5
2009,female,55-59,bumi_other,41.3
2009,female,55-59,chinese,155.2
2009,female,55-59,indian,40.9
2009,female,55-59,other_citizen,3
2009,female,55-59,other_noncitizen,14.2
2009,female,60-64,overall,381.9
2009,female,60-64,bumi_malay,181.5
2009,female,60-64,bumi_other,32.7
2009,female,60-64,chinese,126.3
2009,female,60-64,indian,29.6
2009,female,60-64,other_citizen,2.2
2009,female,60-64,other_noncitizen,9.6
2009,female,65-69,overall,256.9
2009,female,65-69,bumi_malay,120.8
2009,female,65-69,bumi_other,25.2
2009,female,65-69,chinese,86.8
2009,female,65-69,indian,16.6
2009,female,65-69,other_citizen,1.5
2009,female,65-69,other_noncitizen,6.1
2009,female,70-74,overall,201.5
2009,female,70-74,bumi_malay,96.8
2009,female,70-74,bumi_other,17.5
2009,female,70-74,chinese,68.3
2009,female,70-74,indian,13.7
2009,female,70-74,other_citizen,1
2009,female,70-74,other_noncitizen,4.1
2009,female,75-79,overall,118.9
2009,female,75-79,bumi_malay,54.6
2009,female,75-79,bumi_other,12.1
2009,female,75-79,chinese,40.2
2009,female,75-79,indian,8.3
2009,female,75-79,other_citizen,0.7
2009,female,75-79,other_noncitizen,3
2009,female,80-84,overall,77.5
2009,female,80-84,bumi_malay,37.7
2009,female,80-84,bumi_other,6.7
2009,female,80-84,chinese,26.1
2009,female,80-84,indian,4.2
2009,female,80-84,other_citizen,0.5
2009,female,80-84,other_noncitizen,2.3
2009,female,85+,overall,51
2009,female,85+,bumi_malay,24
2009,female,85+,bumi_other,4.1
2009,female,85+,chinese,17.2
2009,female,85+,indian,3
2009,female,85+,other_citizen,0.4
2009,female,85+,other_noncitizen,2.3
2009,male,overall,overall,14456.9
2009,male,overall,bumi_malay,7068
2009,male,overall,bumi_other,1652.8
2009,male,overall,chinese,3283.4
2009,male,overall,indian,956.2
2009,male,overall,other_citizen,142.1
2009,male,overall,other_noncitizen,1354.5
2009,male,0-4,overall,1291.7
2009,male,0-4,bumi_malay,743.5
2009,male,0-4,bumi_other,189.6
2009,male,0-4,chinese,228.6
2009,male,0-4,indian,77.7
2009,male,0-4,other_citizen,22.7
2009,male,0-4,other_noncitizen,29.7
2009,male,09-May,overall,1364.5
2009,male,09-May,bumi_malay,778.1
2009,male,09-May,bumi_other,191.2
2009,male,09-May,chinese,259.3
2009,male,09-May,indian,87.7
2009,male,09-May,other_citizen,19.3
2009,male,09-May,other_noncitizen,28.8
2009,male,14-Oct,overall,1378.2
2009,male,14-Oct,bumi_malay,774.8
2009,male,14-Oct,bumi_other,187.2
2009,male,14-Oct,chinese,272.2
2009,male,14-Oct,indian,90.3
2009,male,14-Oct,other_citizen,17.4
2009,male,14-Oct,other_noncitizen,36.4
2009,male,15-19,overall,1457.7
2009,male,15-19,bumi_malay,756
2009,male,15-19,bumi_other,181.7
2009,male,15-19,chinese,280.6
2009,male,15-19,indian,91.9
2009,male,15-19,other_citizen,16.3
2009,male,15-19,other_noncitizen,131.1
2009,male,20-24,overall,1486.6
2009,male,20-24,bumi_malay,690
2009,male,20-24,bumi_other,157.1
2009,male,20-24,chinese,269
2009,male,20-24,indian,93.9
2009,male,20-24,other_citizen,14.5
2009,male,20-24,other_noncitizen,262.1
2009,male,25-29,overall,1404.9
2009,male,25-29,bumi_malay,609.9
2009,male,25-29,bumi_other,141.4
2009,male,25-29,chinese,266.5
2009,male,25-29,indian,87.4
2009,male,25-29,other_citizen,11
2009,male,25-29,other_noncitizen,288.7
2009,male,30-34,overall,1108
2009,male,30-34,bumi_malay,476.6
2009,male,30-34,bumi_other,108.8
2009,male,30-34,chinese,248.6
2009,male,30-34,indian,74.4
2009,male,30-34,other_citizen,6.8
2009,male,30-34,other_noncitizen,192.8
2009,male,35-39,overall,987.9
2009,male,35-39,bumi_malay,431.4
2009,male,35-39,bumi_other,103.4
2009,male,35-39,chinese,240.5
2009,male,35-39,indian,66.8
2009,male,35-39,other_citizen,5.8
2009,male,35-39,other_noncitizen,140.1
2009,male,40-44,overall,897.3
2009,male,40-44,bumi_malay,404.6
2009,male,40-44,bumi_other,95.7
2009,male,40-44,chinese,234.6
2009,male,40-44,indian,63.9
2009,male,40-44,other_citizen,6
2009,male,40-44,other_noncitizen,92.4
2009,male,45-49,overall,821.7
2009,male,45-49,bumi_malay,376.4
2009,male,45-49,bumi_other,85
2009,male,45-49,chinese,230.6
2009,male,45-49,indian,63.4
2009,male,45-49,other_citizen,5.9
2009,male,45-49,other_noncitizen,60.4
2009,male,50-54,overall,681.5
2009,male,50-54,bumi_malay,314
2009,male,50-54,bumi_other,67.4
2009,male,50-54,chinese,204.6
2009,male,50-54,indian,53.2
2009,male,50-54,other_citizen,5.6
2009,male,50-54,other_noncitizen,36.8
2009,male,55-59,overall,528.2
2009,male,55-59,bumi_malay,246.5
2009,male,55-59,bumi_other,46.7
2009,male,55-59,chinese,170.8
2009,male,55-59,indian,39.8
2009,male,55-59,other_citizen,4
2009,male,55-59,other_noncitizen,20.3
2009,male,60-64,overall,393.5
2009,male,60-64,bumi_malay,178.2
2009,male,60-64,bumi_other,33.4
2009,male,60-64,chinese,138.8
2009,male,60-64,indian,27.5
2009,male,60-64,other_citizen,2.3
2009,male,60-64,other_noncitizen,13.2
2009,male,65-69,overall,260.3
2009,male,65-69,bumi_malay,113.4
2009,male,65-69,bumi_other,25.6
2009,male,65-69,chinese,96.9
2009,male,65-69,indian,14.9
2009,male,65-69,other_citizen,1.7
2009,male,65-69,other_noncitizen,7.9
2009,male,70-74,overall,192
2009,male,70-74,bumi_malay,84.7
2009,male,70-74,bumi_other,17
2009,male,70-74,chinese,72.6
2009,male,70-74,indian,11.3
2009,male,70-74,other_citizen,1.1
2009,male,70-74,other_noncitizen,5.3
2009,male,75-79,overall,103.4
2009,male,75-79,bumi_malay,44.2
2009,male,75-79,bumi_other,11.3
2009,male,75-79,chinese,37.4
2009,male,75-79,indian,6.5
2009,male,75-79,other_citizen,0.7
2009,male,75-79,other_noncitizen,3.3
2009,male,80-84,overall,60.8
2009,male,80-84,bumi_malay,27.9
2009,male,80-84,bumi_other,6.2
2009,male,80-84,chinese,20.4
2009,male,80-84,indian,3.4
2009,male,80-84,other_citizen,0.5
2009,male,80-84,other_noncitizen,2.4
2009,male,85+,overall,38.7
2009,male,85+,bumi_malay,17.7
2009,male,85+,bumi_other,4.1
2009,male,85+,chinese,11.6
2009,male,85+,indian,2.3
2009,male,85+,other_citizen,0.4
2009,male,85+,other_noncitizen,2.7
2010,both,overall,overall,28588.6
2010,both,overall,bumi_malay,14322.1
2010,both,overall,bumi_other,3354.7
2010,both,overall,chinese,6430.4
2010,both,overall,indian,1924.9
2010,both,overall,other_citizen,232
2010,both,overall,other_noncitizen,2324.5
2010,both,0-4,overall,2508.6
2010,both,0-4,bumi_malay,1460.2
2010,both,0-4,bumi_other,376.1
2010,both,0-4,chinese,432.8
2010,both,0-4,indian,149.2
2010,both,0-4,other_citizen,36.3
2010,both,0-4,other_noncitizen,54.1
2010,both,09-May,overall,2659.5
2010,both,09-May,bumi_malay,1526
2010,both,09-May,bumi_other,383.9
2010,both,09-May,chinese,495.9
2010,both,09-May,indian,169.5
2010,both,09-May,other_citizen,30.8
2010,both,09-May,other_noncitizen,53.3
2010,both,14-Oct,overall,2654
2010,both,14-Oct,bumi_malay,1508
2010,both,14-Oct,bumi_other,371.7
2010,both,14-Oct,chinese,522.8
2010,both,14-Oct,indian,177.2
2010,both,14-Oct,other_citizen,27.2
2010,both,14-Oct,other_noncitizen,47.1
2010,both,15-19,overall,2837.4
2010,both,15-19,bumi_malay,1509.2
2010,both,15-19,bumi_other,374
2010,both,15-19,chinese,549.9
2010,both,15-19,indian,181
2010,both,15-19,other_citizen,26
2010,both,15-19,other_noncitizen,197.3
2010,both,20-24,overall,2912
2010,both,20-24,bumi_malay,1399.5
2010,both,20-24,bumi_other,328
2010,both,20-24,chinese,535.8
2010,both,20-24,indian,184.7
2010,both,20-24,other_citizen,24
2010,both,20-24,other_noncitizen,439.9
2010,both,25-29,overall,2789.6
2010,both,25-29,bumi_malay,1259.3
2010,both,25-29,bumi_other,295.2
2010,both,25-29,chinese,531.8
2010,both,25-29,indian,178.1
2010,both,25-29,other_citizen,19.6
2010,both,25-29,other_noncitizen,505.5
2010,both,30-34,overall,2181.7
2010,both,30-34,bumi_malay,975.6
2010,both,30-34,bumi_other,222.9
2010,both,30-34,chinese,483.6
2010,both,30-34,indian,149.4
2010,both,30-34,other_citizen,12.5
2010,both,30-34,other_noncitizen,337.7
2010,both,35-39,overall,1954.8
2010,both,35-39,bumi_malay,883.2
2010,both,35-39,bumi_other,208
2010,both,35-39,chinese,468.4
2010,both,35-39,indian,134.5
2010,both,35-39,other_citizen,10.4
2010,both,35-39,other_noncitizen,250.3
2010,both,40-44,overall,1791.5
2010,both,40-44,bumi_malay,829
2010,both,40-44,bumi_other,191.9
2010,both,40-44,chinese,463
2010,both,40-44,indian,129.7
2010,both,40-44,other_citizen,10.2
2010,both,40-44,other_noncitizen,167.6
2010,both,45-49,overall,1614.3
2010,both,45-49,bumi_malay,765.1
2010,both,45-49,bumi_other,168.7
2010,both,45-49,chinese,440.2
2010,both,45-49,indian,126.7
2010,both,45-49,other_citizen,9.4
2010,both,45-49,other_noncitizen,104
2010,both,50-54,overall,1370.8
2010,both,50-54,bumi_malay,655.9
2010,both,50-54,bumi_other,134.3
2010,both,50-54,chinese,396.5
2010,both,50-54,indian,110.8
2010,both,50-54,other_citizen,8.4
2010,both,50-54,other_noncitizen,64.8
2010,both,55-59,overall,1066.1
2010,both,55-59,bumi_malay,514.2
2010,both,55-59,bumi_other,93.7
2010,both,55-59,chinese,331.7
2010,both,55-59,indian,83.5
2010,both,55-59,other_citizen,6.1
2010,both,55-59,other_noncitizen,36.8
2010,both,60-64,overall,823.5
2010,both,60-64,bumi_malay,385.4
2010,both,60-64,bumi_other,69.2
2010,both,60-64,chinese,278.6
2010,both,60-64,indian,62.1
2010,both,60-64,other_citizen,3.8
2010,both,60-64,other_noncitizen,24.4
2010,both,65-69,overall,538
2010,both,65-69,bumi_malay,243.9
2010,both,65-69,bumi_other,53.3
2010,both,65-69,chinese,189.9
2010,both,65-69,indian,33.1
2010,both,65-69,other_citizen,2.8
2010,both,65-69,other_noncitizen,15
2010,both,70-74,overall,409.3
2010,both,70-74,bumi_malay,189.1
2010,both,70-74,bumi_other,35.6
2010,both,70-74,chinese,147.4
2010,both,70-74,indian,25.3
2010,both,70-74,other_citizen,1.9
2010,both,70-74,other_noncitizen,10
2010,both,75-79,overall,233.4
2010,both,75-79,bumi_malay,103.4
2010,both,75-79,bumi_other,24.6
2010,both,75-79,chinese,81.9
2010,both,75-79,indian,15.8
2010,both,75-79,other_citizen,1.3
2010,both,75-79,other_noncitizen,6.4
2010,both,80-84,overall,144.3
2010,both,80-84,bumi_malay,67.8
2010,both,80-84,bumi_other,14
2010,both,80-84,chinese,48.7
2010,both,80-84,indian,8.2
2010,both,80-84,other_citizen,0.8
2010,both,80-84,other_noncitizen,4.8
2010,both,85+,overall,100.1
2010,both,85+,bumi_malay,47
2010,both,85+,bumi_other,9.3
2010,both,85+,chinese,31.5
2010,both,85+,indian,6
2010,both,85+,other_citizen,0.6
2010,both,85+,other_noncitizen,5.6
2010,female,overall,overall,13858.1
2010,female,overall,bumi_malay,7107
2010,female,overall,bumi_other,1654.6
2010,female,overall,chinese,3116.4
2010,female,overall,indian,958.7
2010,female,overall,other_citizen,113.2
2010,female,overall,other_noncitizen,908.2
2010,female,0-4,overall,1220.4
2010,female,0-4,bumi_malay,710.3
2010,female,0-4,bumi_other,183.9
2010,female,0-4,chinese,209.6
2010,female,0-4,indian,73
2010,female,0-4,other_citizen,17.4
2010,female,0-4,other_noncitizen,26.2
2010,female,09-May,overall,1294.9
2010,female,09-May,bumi_malay,743.8
2010,female,09-May,bumi_other,187.4
2010,female,09-May,chinese,240.7
2010,female,09-May,indian,83.1
2010,female,09-May,other_citizen,14.8
2010,female,09-May,other_noncitizen,25.1
2010,female,14-Oct,overall,1295.6
2010,female,14-Oct,bumi_malay,734.2
2010,female,14-Oct,bumi_other,183.7
2010,female,14-Oct,chinese,254.8
2010,female,14-Oct,indian,87.6
2010,female,14-Oct,other_citizen,13
2010,female,14-Oct,other_noncitizen,22.3
2010,female,15-19,overall,1383.6
2010,female,15-19,bumi_malay,744.2
2010,female,15-19,bumi_other,185.9
2010,female,15-19,chinese,267
2010,female,15-19,indian,89.3
2010,female,15-19,other_citizen,12.7
2010,female,15-19,other_noncitizen,84.6
2010,female,20-24,overall,1408
2010,female,20-24,bumi_malay,697
2010,female,20-24,bumi_other,168
2010,female,20-24,chinese,265.7
2010,female,20-24,indian,90.2
2010,female,20-24,other_citizen,11.9
2010,female,20-24,other_noncitizen,175.1
2010,female,25-29,overall,1310.7
2010,female,25-29,bumi_malay,624
2010,female,25-29,bumi_other,147.4
2010,female,25-29,chinese,261.8
2010,female,25-29,indian,87.9
2010,female,25-29,other_citizen,9.7
2010,female,25-29,other_noncitizen,179.8
2010,female,30-34,overall,1019.3
2010,female,30-34,bumi_malay,479.3
2010,female,30-34,bumi_other,110.4
2010,female,30-34,chinese,231.1
2010,female,30-34,indian,72.7
2010,female,30-34,other_citizen,6.5
2010,female,30-34,other_noncitizen,119.3
2010,female,35-39,overall,941.1
2010,female,35-39,bumi_malay,442.1
2010,female,35-39,bumi_other,103.4
2010,female,35-39,chinese,225.2
2010,female,35-39,indian,66.9
2010,female,35-39,other_citizen,5.6
2010,female,35-39,other_noncitizen,97.9
2010,female,40-44,overall,883.1
2010,female,40-44,bumi_malay,420.8
2010,female,40-44,bumi_other,94
2010,female,40-44,chinese,228.2
2010,female,40-44,indian,66.6
2010,female,40-44,other_citizen,5.3
2010,female,40-44,other_noncitizen,68.1
2010,female,45-49,overall,774.2
2010,female,45-49,bumi_malay,379.3
2010,female,45-49,bumi_other,80.3
2010,female,45-49,chinese,206.6
2010,female,45-49,indian,62.7
2010,female,45-49,other_citizen,4.6
2010,female,45-49,other_noncitizen,40.5
2010,female,50-54,overall,664.1
2010,female,50-54,bumi_malay,329.4
2010,female,50-54,bumi_other,63.2
2010,female,50-54,chinese,186.9
2010,female,50-54,indian,55.9
2010,female,50-54,other_citizen,3.7
2010,female,50-54,other_noncitizen,25
2010,female,55-59,overall,519.1
2010,female,55-59,bumi_malay,257.9
2010,female,55-59,bumi_other,43.4
2010,female,55-59,chinese,157.7
2010,female,55-59,indian,42.3
2010,female,55-59,other_citizen,2.6
2010,female,55-59,other_noncitizen,15.1
2010,female,60-64,overall,406.7
2010,female,60-64,bumi_malay,194.8
2010,female,60-64,bumi_other,34.3
2010,female,60-64,chinese,133.2
2010,female,60-64,indian,32.3
2010,female,60-64,other_citizen,1.8
2010,female,60-64,other_noncitizen,10.4
2010,female,65-69,overall,267.6
2010,female,65-69,bumi_malay,125.9
2010,female,65-69,bumi_other,26.5
2010,female,65-69,chinese,89.8
2010,female,65-69,indian,17.5
2010,female,65-69,other_citizen,1.3
2010,female,65-69,other_noncitizen,6.6
2010,female,70-74,overall,208.6
2010,female,70-74,bumi_malay,100.8
2010,female,70-74,bumi_other,17.9
2010,female,70-74,chinese,70.9
2010,female,70-74,indian,13.8
2010,female,70-74,other_citizen,0.9
2010,female,70-74,other_noncitizen,4.3
2010,female,75-79,overall,123.4
2010,female,75-79,bumi_malay,56.7
2010,female,75-79,bumi_other,12.7
2010,female,75-79,chinese,41.6
2010,female,75-79,indian,8.9
2010,female,75-79,other_citizen,0.6
2010,female,75-79,other_noncitizen,3
2010,female,80-84,overall,80.7
2010,female,80-84,bumi_malay,39
2010,female,80-84,bumi_other,7.4
2010,female,80-84,chinese,27
2010,female,80-84,indian,4.6
2010,female,80-84,other_citizen,0.4
2010,female,80-84,other_noncitizen,2.3
2010,female,85+,overall,56.9
2010,female,85+,bumi_malay,27.3
2010,female,85+,bumi_other,4.7
2010,female,85+,chinese,18.6
2010,female,85+,indian,3.4
2010,female,85+,other_citizen,0.3
2010,female,85+,other_noncitizen,2.6
2010,male,overall,overall,14730.5
2010,male,overall,bumi_malay,7215.1
2010,male,overall,bumi_other,1700.1
2010,male,overall,chinese,3313.9
2010,male,overall,indian,966.2
2010,male,overall,other_citizen,118.9
2010,male,overall,other_noncitizen,1416.3
2010,male,0-4,overall,1288.2
2010,male,0-4,bumi_malay,749.9
2010,male,0-4,bumi_other,192.2
2010,male,0-4,chinese,223.2
2010,male,0-4,indian,76.2
2010,male,0-4,other_citizen,18.9
2010,male,0-4,other_noncitizen,27.9
2010,male,09-May,overall,1364.5
2010,male,09-May,bumi_malay,782.2
2010,male,09-May,bumi_other,196.5
2010,male,09-May,chinese,255.3
2010,male,09-May,indian,86.4
2010,male,09-May,other_citizen,16
2010,male,09-May,other_noncitizen,28.1
2010,male,14-Oct,overall,1358.4
2010,male,14-Oct,bumi_malay,773.8
2010,male,14-Oct,bumi_other,188
2010,male,14-Oct,chinese,268
2010,male,14-Oct,indian,89.6
2010,male,14-Oct,other_citizen,14.1
2010,male,14-Oct,other_noncitizen,24.8
2010,male,15-19,overall,1453.8
2010,male,15-19,bumi_malay,765.1
2010,male,15-19,bumi_other,188.1
2010,male,15-19,chinese,282.9
2010,male,15-19,indian,91.7
2010,male,15-19,other_citizen,13.3
2010,male,15-19,other_noncitizen,112.7
2010,male,20-24,overall,1504
2010,male,20-24,bumi_malay,702.5
2010,male,20-24,bumi_other,160
2010,male,20-24,chinese,270.1
2010,male,20-24,indian,94.5
2010,male,20-24,other_citizen,12.1
2010,male,20-24,other_noncitizen,264.8
2010,male,25-29,overall,1478.9
2010,male,25-29,bumi_malay,635.3
2010,male,25-29,bumi_other,147.8
2010,male,25-29,chinese,270
2010,male,25-29,indian,90.2
2010,male,25-29,other_citizen,9.9
2010,male,25-29,other_noncitizen,325.7
2010,male,30-34,overall,1162.4
2010,male,30-34,bumi_malay,496.3
2010,male,30-34,bumi_other,112.5
2010,male,30-34,chinese,252.5
2010,male,30-34,indian,76.7
2010,male,30-34,other_citizen,6
2010,male,30-34,other_noncitizen,218.4
2010,male,35-39,overall,1013.7
2010,male,35-39,bumi_malay,441.1
2010,male,35-39,bumi_other,104.6
2010,male,35-39,chinese,243.2
2010,male,35-39,indian,67.6
2010,male,35-39,other_citizen,4.8
2010,male,35-39,other_noncitizen,152.4
2010,male,40-44,overall,908.4
2010,male,40-44,bumi_malay,408.2
2010,male,40-44,bumi_other,97.9
2010,male,40-44,chinese,234.8
2010,male,40-44,indian,63.1
2010,male,40-44,other_citizen,4.9
2010,male,40-44,other_noncitizen,99.5
2010,male,45-49,overall,840.1
2010,male,45-49,bumi_malay,385.8
2010,male,45-49,bumi_other,88.4
2010,male,45-49,chinese,233.6
2010,male,45-49,indian,64
2010,male,45-49,other_citizen,4.8
2010,male,45-49,other_noncitizen,63.5
2010,male,50-54,overall,706.7
2010,male,50-54,bumi_malay,326.5
2010,male,50-54,bumi_other,71.1
2010,male,50-54,chinese,209.6
2010,male,50-54,indian,54.9
2010,male,50-54,other_citizen,4.7
2010,male,50-54,other_noncitizen,39.8
2010,male,55-59,overall,547
2010,male,55-59,bumi_malay,256.3
2010,male,55-59,bumi_other,50.3
2010,male,55-59,chinese,174
2010,male,55-59,indian,41.2
2010,male,55-59,other_citizen,3.5
2010,male,55-59,other_noncitizen,21.7
2010,male,60-64,overall,416.8
2010,male,60-64,bumi_malay,190.6
2010,male,60-64,bumi_other,34.9
2010,male,60-64,chinese,145.4
2010,male,60-64,indian,29.8
2010,male,60-64,other_citizen,2
2010,male,60-64,other_noncitizen,14
2010,male,65-69,overall,270.4
2010,male,65-69,bumi_malay,118
2010,male,65-69,bumi_other,26.8
2010,male,65-69,chinese,100.1
2010,male,65-69,indian,15.6
2010,male,65-69,other_citizen,1.5
2010,male,65-69,other_noncitizen,8.4
2010,male,70-74,overall,200.7
2010,male,70-74,bumi_malay,88.3
2010,male,70-74,bumi_other,17.7
2010,male,70-74,chinese,76.5
2010,male,70-74,indian,11.5
2010,male,70-74,other_citizen,1
2010,male,70-74,other_noncitizen,5.7
2010,male,75-79,overall,110
2010,male,75-79,bumi_malay,46.7
2010,male,75-79,bumi_other,11.9
2010,male,75-79,chinese,40.3
2010,male,75-79,indian,6.9
2010,male,75-79,other_citizen,0.7
2010,male,75-79,other_noncitizen,3.4
2010,male,80-84,overall,63.6
2010,male,80-84,bumi_malay,28.8
2010,male,80-84,bumi_other,6.6
2010,male,80-84,chinese,21.7
2010,male,80-84,indian,3.6
2010,male,80-84,other_citizen,0.4
2010,male,80-84,other_noncitizen,2.5
2010,male,85+,overall,43.2
2010,male,85+,bumi_malay,19.7
2010,male,85+,bumi_other,4.6
2010,male,85+,chinese,12.9
2010,male,85+,indian,2.6
2010,male,85+,other_citizen,0.3
2010,male,85+,other_noncitizen,3
2011,both,overall,overall,29062
2011,both,overall,bumi_malay,14551.3
2011,both,overall,bumi_other,3412.9
2011,both,overall,chinese,6471.1
2011,both,overall,indian,1939.7
2011,both,overall,other_citizen,241.9
2011,both,overall,other_noncitizen,2445.1
2011,both,0-4,overall,2505.6
2011,both,0-4,bumi_malay,1466.6
2011,both,0-4,bumi_other,365.4
2011,both,0-4,chinese,417.1
2011,both,0-4,indian,145.4
2011,both,0-4,other_citizen,39.7
2011,both,0-4,other_noncitizen,71.4
2011,both,09-May,overall,2619.8
2011,both,09-May,bumi_malay,1506
2011,both,09-May,bumi_other,382.3
2011,both,09-May,chinese,479.8
2011,both,09-May,indian,164.5
2011,both,09-May,other_citizen,32
2011,both,09-May,other_noncitizen,55.2
2011,both,14-Oct,overall,2665.5
2011,both,14-Oct,bumi_malay,1516.6
2011,both,14-Oct,bumi_other,374.5
2011,both,14-Oct,chinese,521.7
2011,both,14-Oct,indian,176.3
2011,both,14-Oct,other_citizen,27.8
2011,both,14-Oct,other_noncitizen,48.6
2011,both,15-19,overall,2852.6
2011,both,15-19,bumi_malay,1514.8
2011,both,15-19,bumi_other,378.2
2011,both,15-19,chinese,547.8
2011,both,15-19,indian,179.8
2011,both,15-19,other_citizen,26.1
2011,both,15-19,other_noncitizen,206
2011,both,20-24,overall,2965
2011,both,20-24,bumi_malay,1424
2011,both,20-24,bumi_other,335.4
2011,both,20-24,chinese,537.8
2011,both,20-24,indian,184
2011,both,20-24,other_citizen,24.6
2011,both,20-24,other_noncitizen,459.2
2011,both,25-29,overall,2871.6
2011,both,25-29,bumi_malay,1298.6
2011,both,25-29,bumi_other,306.2
2011,both,25-29,chinese,535.8
2011,both,25-29,indian,181
2011,both,25-29,other_citizen,20.8
2011,both,25-29,other_noncitizen,529.1
2011,both,30-34,overall,2267.6
2011,both,30-34,bumi_malay,1020.6
2011,both,30-34,bumi_other,234.2
2011,both,30-34,chinese,491
2011,both,30-34,indian,154.5
2011,both,30-34,other_citizen,13.5
2011,both,30-34,other_noncitizen,353.7
2011,both,35-39,overall,1977.3
2011,both,35-39,bumi_malay,890.9
2011,both,35-39,bumi_other,210.2
2011,both,35-39,chinese,468.9
2011,both,35-39,indian,135.8
2011,both,35-39,other_citizen,10.6
2011,both,35-39,other_noncitizen,261
2011,both,40-44,overall,1811.5
2011,both,40-44,bumi_malay,837.1
2011,both,40-44,bumi_other,194.8
2011,both,40-44,chinese,464.4
2011,both,40-44,indian,129.6
2011,both,40-44,other_citizen,10.3
2011,both,40-44,other_noncitizen,175.2
2011,both,45-49,overall,1643.4
2011,both,45-49,bumi_malay,778.4
2011,both,45-49,bumi_other,173.7
2011,both,45-49,chinese,445.4
2011,both,45-49,indian,127.2
2011,both,45-49,other_citizen,9.6
2011,both,45-49,other_noncitizen,109.3
2011,both,50-54,overall,1415.7
2011,both,50-54,bumi_malay,676.8
2011,both,50-54,bumi_other,141.8
2011,both,50-54,chinese,405.6
2011,both,50-54,indian,114.1
2011,both,50-54,other_citizen,8.6
2011,both,50-54,other_noncitizen,68.8
2011,both,55-59,overall,1111.2
2011,both,55-59,bumi_malay,535.2
2011,both,55-59,bumi_other,101.4
2011,both,55-59,chinese,341.4
2011,both,55-59,indian,87.5
2011,both,55-59,other_citizen,6.5
2011,both,55-59,other_noncitizen,39.2
2011,both,60-64,overall,863.2
2011,both,60-64,bumi_malay,407.3
2011,both,60-64,bumi_other,71.4
2011,both,60-64,chinese,289
2011,both,60-64,indian,65.9
2011,both,60-64,other_citizen,4.1
2011,both,60-64,other_noncitizen,25.4
2011,both,65-69,overall,570.5
2011,both,65-69,bumi_malay,258.6
2011,both,65-69,bumi_other,55.2
2011,both,65-69,chinese,201.5
2011,both,65-69,indian,36.7
2011,both,65-69,other_citizen,2.9
2011,both,65-69,other_noncitizen,15.6
2011,both,70-74,overall,421.3
2011,both,70-74,bumi_malay,193.3
2011,both,70-74,bumi_other,37.6
2011,both,70-74,chinese,152.7
2011,both,70-74,indian,25.6
2011,both,70-74,other_citizen,1.9
2011,both,70-74,other_noncitizen,10.1
2011,both,75-79,overall,247.5
2011,both,75-79,bumi_malay,109.4
2011,both,75-79,bumi_other,25.3
2011,both,75-79,chinese,88.3
2011,both,75-79,indian,16.6
2011,both,75-79,other_citizen,1.3
2011,both,75-79,other_noncitizen,6.7
2011,both,80-84,overall,146.1
2011,both,80-84,bumi_malay,66.9
2011,both,80-84,bumi_other,14.8
2011,both,80-84,chinese,50
2011,both,80-84,indian,8.7
2011,both,80-84,other_citizen,0.8
2011,both,80-84,other_noncitizen,4.9
2011,both,85+,overall,106.7
2011,both,85+,bumi_malay,50.2
2011,both,85+,bumi_other,10.5
2011,both,85+,chinese,33
2011,both,85+,indian,6.4
2011,both,85+,other_citizen,0.7
2011,both,85+,other_noncitizen,5.8
2011,female,overall,overall,14082
2011,female,overall,bumi_malay,7222.1
2011,female,overall,bumi_other,1683.7
2011,female,overall,chinese,3137.3
2011,female,overall,indian,966.8
2011,female,overall,other_citizen,117.9
2011,female,overall,other_noncitizen,954.2
2011,female,0-4,overall,1217.5
2011,female,0-4,bumi_malay,712.5
2011,female,0-4,bumi_other,179.1
2011,female,0-4,chinese,201.2
2011,female,0-4,indian,71.2
2011,female,0-4,other_citizen,19
2011,female,0-4,other_noncitizen,34.4
2011,female,09-May,overall,1275.1
2011,female,09-May,bumi_malay,733.6
2011,female,09-May,bumi_other,187.1
2011,female,09-May,chinese,232.7
2011,female,09-May,indian,80.4
2011,female,09-May,other_citizen,15.4
2011,female,09-May,other_noncitizen,26
2011,female,14-Oct,overall,1300.3
2011,female,14-Oct,bumi_malay,739
2011,female,14-Oct,bumi_other,183.9
2011,female,14-Oct,chinese,254.5
2011,female,14-Oct,indian,86.7
2011,female,14-Oct,other_citizen,13.4
2011,female,14-Oct,other_noncitizen,22.9
2011,female,15-19,overall,1387.4
2011,female,15-19,bumi_malay,744.9
2011,female,15-19,bumi_other,187.6
2011,female,15-19,chinese,265.6
2011,female,15-19,indian,88.8
2011,female,15-19,other_citizen,12.6
2011,female,15-19,other_noncitizen,88
2011,female,20-24,overall,1429.4
2011,female,20-24,bumi_malay,708.2
2011,female,20-24,bumi_other,170.5
2011,female,20-24,chinese,265.9
2011,female,20-24,indian,90
2011,female,20-24,other_citizen,12.2
2011,female,20-24,other_noncitizen,182.6
2011,female,25-29,overall,1350.6
2011,female,25-29,bumi_malay,644.7
2011,female,25-29,bumi_other,153.8
2011,female,25-29,chinese,264.8
2011,female,25-29,indian,89.5
2011,female,25-29,other_citizen,10.3
2011,female,25-29,other_noncitizen,187.5
2011,female,30-34,overall,1060.4
2011,female,30-34,bumi_malay,502.3
2011,female,30-34,bumi_other,115.7
2011,female,30-34,chinese,235.7
2011,female,30-34,indian,75.4
2011,female,30-34,other_citizen,7
2011,female,30-34,other_noncitizen,124.2
2011,female,35-39,overall,948.3
2011,female,35-39,bumi_malay,444.2
2011,female,35-39,bumi_other,105
2011,female,35-39,chinese,224.4
2011,female,35-39,indian,67.1
2011,female,35-39,other_citizen,5.7
2011,female,35-39,other_noncitizen,101.9
2011,female,40-44,overall,894.4
2011,female,40-44,bumi_malay,426.2
2011,female,40-44,bumi_other,95.6
2011,female,40-44,chinese,229.2
2011,female,40-44,indian,66.6
2011,female,40-44,other_citizen,5.4
2011,female,40-44,other_noncitizen,71.3
2011,female,45-49,overall,792.9
2011,female,45-49,bumi_malay,387.8
2011,female,45-49,bumi_other,83.2
2011,female,45-49,chinese,210.9
2011,female,45-49,indian,63.6
2011,female,45-49,other_citizen,4.8
2011,female,45-49,other_noncitizen,42.8
2011,female,50-54,overall,685.7
2011,female,50-54,bumi_malay,339.3
2011,female,50-54,bumi_other,67.3
2011,female,50-54,chinese,191.1
2011,female,50-54,indian,57.5
2011,female,50-54,other_citizen,3.9
2011,female,50-54,other_noncitizen,26.6
2011,female,55-59,overall,542
2011,female,55-59,bumi_malay,269.4
2011,female,55-59,bumi_other,47
2011,female,55-59,chinese,162.4
2011,female,55-59,indian,44.5
2011,female,55-59,other_citizen,2.8
2011,female,55-59,other_noncitizen,16
2011,female,60-64,overall,426.9
2011,female,60-64,bumi_malay,205.8
2011,female,60-64,bumi_other,35.4
2011,female,60-64,chinese,138.6
2011,female,60-64,indian,34.3
2011,female,60-64,other_citizen,1.9
2011,female,60-64,other_noncitizen,10.8
2011,female,65-69,overall,284.7
2011,female,65-69,bumi_malay,133.9
2011,female,65-69,bumi_other,27.2
2011,female,65-69,chinese,95.9
2011,female,65-69,indian,19.4
2011,female,65-69,other_citizen,1.4
2011,female,65-69,other_noncitizen,6.9
2011,female,70-74,overall,214.9
2011,female,70-74,bumi_malay,103.2
2011,female,70-74,bumi_other,19
2011,female,70-74,chinese,73.5
2011,female,70-74,indian,13.9
2011,female,70-74,other_citizen,0.9
2011,female,70-74,other_noncitizen,4.3
2011,female,75-79,overall,130.2
2011,female,75-79,bumi_malay,59.8
2011,female,75-79,bumi_other,13
2011,female,75-79,chinese,44.4
2011,female,75-79,indian,9.3
2011,female,75-79,other_citizen,0.6
2011,female,75-79,other_noncitizen,3.1
2011,female,80-84,overall,81.1
2011,female,80-84,bumi_malay,38.2
2011,female,80-84,bumi_other,7.9
2011,female,80-84,chinese,27.4
2011,female,80-84,indian,4.9
2011,female,80-84,other_citizen,0.4
2011,female,80-84,other_noncitizen,2.3
2011,female,85+,overall,60.3
2011,female,85+,bumi_malay,29.3
2011,female,85+,bumi_other,5.3
2011,female,85+,chinese,19.1
2011,female,85+,indian,3.7
2011,female,85+,other_citizen,0.3
2011,female,85+,other_noncitizen,2.6
2011,male,overall,overall,14980
2011,male,overall,bumi_malay,7329.2
2011,male,overall,bumi_other,1729.2
2011,male,overall,chinese,3333.8
2011,male,overall,indian,972.9
2011,male,overall,other_citizen,124
2011,male,overall,other_noncitizen,1490.9
2011,male,0-4,overall,1288.1
2011,male,0-4,bumi_malay,754.1
2011,male,0-4,bumi_other,186.2
2011,male,0-4,chinese,215.9
2011,male,0-4,indian,74.2
2011,male,0-4,other_citizen,20.7
2011,male,0-4,other_noncitizen,37
2011,male,09-May,overall,1344.7
2011,male,09-May,bumi_malay,772.5
2011,male,09-May,bumi_other,195.2
2011,male,09-May,chinese,247.1
2011,male,09-May,indian,84.2
2011,male,09-May,other_citizen,16.6
2011,male,09-May,other_noncitizen,29.2
2011,male,14-Oct,overall,1365.2
2011,male,14-Oct,bumi_malay,777.6
2011,male,14-Oct,bumi_other,190.6
2011,male,14-Oct,chinese,267.2
2011,male,14-Oct,indian,89.7
2011,male,14-Oct,other_citizen,14.4
2011,male,14-Oct,other_noncitizen,25.7
2011,male,15-19,overall,1465.2
2011,male,15-19,bumi_malay,769.9
2011,male,15-19,bumi_other,190.6
2011,male,15-19,chinese,282.2
2011,male,15-19,indian,91.1
2011,male,15-19,other_citizen,13.4
2011,male,15-19,other_noncitizen,118
2011,male,20-24,overall,1535.6
2011,male,20-24,bumi_malay,715.8
2011,male,20-24,bumi_other,164.9
2011,male,20-24,chinese,271.9
2011,male,20-24,indian,94
2011,male,20-24,other_citizen,12.4
2011,male,20-24,other_noncitizen,276.6
2011,male,25-29,overall,1521
2011,male,25-29,bumi_malay,653.9
2011,male,25-29,bumi_other,152.4
2011,male,25-29,chinese,271
2011,male,25-29,indian,91.5
2011,male,25-29,other_citizen,10.5
2011,male,25-29,other_noncitizen,341.6
2011,male,30-34,overall,1207.2
2011,male,30-34,bumi_malay,518.3
2011,male,30-34,bumi_other,118.5
2011,male,30-34,chinese,255.3
2011,male,30-34,indian,79.1
2011,male,30-34,other_citizen,6.5
2011,male,30-34,other_noncitizen,229.5
2011,male,35-39,overall,1029
2011,male,35-39,bumi_malay,446.7
2011,male,35-39,bumi_other,105.2
2011,male,35-39,chinese,244.5
2011,male,35-39,indian,68.7
2011,male,35-39,other_citizen,4.9
2011,male,35-39,other_noncitizen,159.1
2011,male,40-44,overall,917.1
2011,male,40-44,bumi_malay,410.9
2011,male,40-44,bumi_other,99.2
2011,male,40-44,chinese,235.2
2011,male,40-44,indian,63
2011,male,40-44,other_citizen,4.9
2011,male,40-44,other_noncitizen,103.9
2011,male,45-49,overall,850.5
2011,male,45-49,bumi_malay,390.6
2011,male,45-49,bumi_other,90.5
2011,male,45-49,chinese,234.5
2011,male,45-49,indian,63.6
2011,male,45-49,other_citizen,4.8
2011,male,45-49,other_noncitizen,66.5
2011,male,50-54,overall,730
2011,male,50-54,bumi_malay,337.5
2011,male,50-54,bumi_other,74.5
2011,male,50-54,chinese,214.5
2011,male,50-54,indian,56.6
2011,male,50-54,other_citizen,4.7
2011,male,50-54,other_noncitizen,42.2
2011,male,55-59,overall,569.2
2011,male,55-59,bumi_malay,265.8
2011,male,55-59,bumi_other,54.4
2011,male,55-59,chinese,179
2011,male,55-59,indian,43
2011,male,55-59,other_citizen,3.7
2011,male,55-59,other_noncitizen,23.2
2011,male,60-64,overall,436.3
2011,male,60-64,bumi_malay,201.5
2011,male,60-64,bumi_other,36
2011,male,60-64,chinese,150.4
2011,male,60-64,indian,31.6
2011,male,60-64,other_citizen,2.2
2011,male,60-64,other_noncitizen,14.6
2011,male,65-69,overall,285.8
2011,male,65-69,bumi_malay,124.7
2011,male,65-69,bumi_other,28
2011,male,65-69,chinese,105.6
2011,male,65-69,indian,17.3
2011,male,65-69,other_citizen,1.5
2011,male,65-69,other_noncitizen,8.7
2011,male,70-74,overall,206.4
2011,male,70-74,bumi_malay,90.1
2011,male,70-74,bumi_other,18.6
2011,male,70-74,chinese,79.2
2011,male,70-74,indian,11.7
2011,male,70-74,other_citizen,1
2011,male,70-74,other_noncitizen,5.8
2011,male,75-79,overall,117.3
2011,male,75-79,bumi_malay,49.6
2011,male,75-79,bumi_other,12.3
2011,male,75-79,chinese,43.9
2011,male,75-79,indian,7.3
2011,male,75-79,other_citizen,0.7
2011,male,75-79,other_noncitizen,3.6
2011,male,80-84,overall,65
2011,male,80-84,bumi_malay,28.7
2011,male,80-84,bumi_other,6.9
2011,male,80-84,chinese,22.6
2011,male,80-84,indian,3.8
2011,male,80-84,other_citizen,0.4
2011,male,80-84,other_noncitizen,2.6
2011,male,85+,overall,46.4
2011,male,85+,bumi_malay,20.9
2011,male,85+,bumi_other,5.2
2011,male,85+,chinese,13.9
2011,male,85+,indian,2.7
2011,male,85+,other_citizen,0.4
2011,male,85+,other_noncitizen,3.2
2012,both,overall,overall,29510
2012,both,overall,bumi_malay,14780.3
2012,both,overall,bumi_other,3469.6
2012,both,overall,chinese,6510.7
2012,both,overall,indian,1952.1
2012,both,overall,other_citizen,249.1
2012,both,overall,other_noncitizen,2548.3
2012,both,0-4,overall,2524.7
2012,both,0-4,bumi_malay,1487.7
2012,both,0-4,bumi_other,359.6
2012,both,0-4,chinese,407.1
2012,both,0-4,indian,141.2
2012,both,0-4,other_citizen,40.8
2012,both,0-4,other_noncitizen,88.3
2012,both,09-May,overall,2581.8
2012,both,09-May,bumi_malay,1484.4
2012,both,09-May,bumi_other,380.6
2012,both,09-May,chinese,467.1
2012,both,09-May,indian,160
2012,both,09-May,other_citizen,33.2
2012,both,09-May,other_noncitizen,56.5
2012,both,14-Oct,overall,2670
2012,both,14-Oct,bumi_malay,1524
2012,both,14-Oct,bumi_other,376.7
2012,both,14-Oct,chinese,516.6
2012,both,14-Oct,indian,174.6
2012,both,14-Oct,other_citizen,28.2
2012,both,14-Oct,other_noncitizen,49.8
2012,both,15-19,overall,2853.6
2012,both,15-19,bumi_malay,1513.9
2012,both,15-19,bumi_other,378.3
2012,both,15-19,chinese,542
2012,both,15-19,indian,178.8
2012,both,15-19,other_citizen,26.4
2012,both,15-19,other_noncitizen,214.2
2012,both,20-24,overall,3017.5
2012,both,20-24,bumi_malay,1445.3
2012,both,20-24,bumi_other,345
2012,both,20-24,chinese,541.6
2012,both,20-24,indian,183.2
2012,both,20-24,other_citizen,25.2
2012,both,20-24,other_noncitizen,477.2
2012,both,25-29,overall,2924.5
2012,both,25-29,bumi_malay,1324.8
2012,both,25-29,bumi_other,311.3
2012,both,25-29,chinese,536.8
2012,both,25-29,indian,182.4
2012,both,25-29,other_citizen,21.7
2012,both,25-29,other_noncitizen,547.5
2012,both,30-34,overall,2368.5
2012,both,30-34,bumi_malay,1076.4
2012,both,30-34,bumi_other,250.1
2012,both,30-34,chinese,500.1
2012,both,30-34,indian,160.3
2012,both,30-34,other_citizen,14.8
2012,both,30-34,other_noncitizen,366.7
2012,both,35-39,overall,1996.6
2012,both,35-39,bumi_malay,898.9
2012,both,35-39,bumi_other,210.4
2012,both,35-39,chinese,469.4
2012,both,35-39,indian,137.3
2012,both,35-39,other_citizen,10.8
2012,both,35-39,other_noncitizen,269.6
2012,both,40-44,overall,1827.7
2012,both,40-44,bumi_malay,844.1
2012,both,40-44,bumi_other,198.6
2012,both,40-44,chinese,464.1
2012,both,40-44,indian,129.6
2012,both,40-44,other_citizen,10.2
2012,both,40-44,other_noncitizen,181
2012,both,45-49,overall,1667.2
2012,both,45-49,bumi_malay,790
2012,both,45-49,bumi_other,177.4
2012,both,45-49,chinese,449.7
2012,both,45-49,indian,127
2012,both,45-49,other_citizen,9.7
2012,both,45-49,other_noncitizen,113.2
2012,both,50-54,overall,1455
2012,both,50-54,bumi_malay,695.6
2012,both,50-54,bumi_other,148.8
2012,both,50-54,chinese,413.4
2012,both,50-54,indian,116.5
2012,both,50-54,other_citizen,8.8
2012,both,50-54,other_noncitizen,71.9
2012,both,55-59,overall,1159.8
2012,both,55-59,bumi_malay,558.4
2012,both,55-59,bumi_other,109
2012,both,55-59,chinese,352.1
2012,both,55-59,indian,91.9
2012,both,55-59,other_citizen,6.9
2012,both,55-59,other_noncitizen,41.5
2012,both,60-64,overall,896.8
2012,both,60-64,bumi_malay,426
2012,both,60-64,bumi_other,74.4
2012,both,60-64,chinese,296.8
2012,both,60-64,indian,68.7
2012,both,60-64,other_citizen,4.4
2012,both,60-64,other_noncitizen,26.5
2012,both,65-69,overall,613
2012,both,65-69,bumi_malay,279.4
2012,both,65-69,bumi_other,56.6
2012,both,65-69,chinese,216.2
2012,both,65-69,indian,41.5
2012,both,65-69,other_citizen,2.9
2012,both,65-69,other_noncitizen,16.2
2012,both,70-74,overall,426.4
2012,both,70-74,bumi_malay,194.2
2012,both,70-74,bumi_other,39.6
2012,both,70-74,chinese,155.1
2012,both,70-74,indian,25.5
2012,both,70-74,other_citizen,2.1
2012,both,70-74,other_noncitizen,10
2012,both,75-79,overall,267.8
2012,both,75-79,bumi_malay,118.6
2012,both,75-79,bumi_other,26.2
2012,both,75-79,chinese,97.3
2012,both,75-79,indian,17.5
2012,both,75-79,other_citizen,1.2
2012,both,75-79,other_noncitizen,6.9
2012,both,80-84,overall,144.5
2012,both,80-84,bumi_malay,64
2012,both,80-84,bumi_other,15.5
2012,both,80-84,chinese,50.2
2012,both,80-84,indian,9
2012,both,80-84,other_citizen,0.8
2012,both,80-84,other_noncitizen,4.9
2012,both,85+,overall,114.5
2012,both,85+,bumi_malay,54.5
2012,both,85+,bumi_other,11.4
2012,both,85+,chinese,34.9
2012,both,85+,indian,6.9
2012,both,85+,other_citizen,0.6
2012,both,85+,other_noncitizen,6
2012,female,overall,overall,14294.7
2012,female,overall,bumi_malay,7335.7
2012,female,overall,bumi_other,1710.9
2012,female,overall,chinese,3158.5
2012,female,overall,indian,973.7
2012,female,overall,other_citizen,121.4
2012,female,overall,other_noncitizen,994.5
2012,female,0-4,overall,1224.8
2012,female,0-4,bumi_malay,721.5
2012,female,0-4,bumi_other,176
2012,female,0-4,chinese,196
2012,female,0-4,indian,69.3
2012,female,0-4,other_citizen,19.5
2012,female,0-4,other_noncitizen,42.5
2012,female,09-May,overall,1256.7
2012,female,09-May,bumi_malay,723.5
2012,female,09-May,bumi_other,186.2
2012,female,09-May,chinese,226.3
2012,female,09-May,indian,78.1
2012,female,09-May,other_citizen,16
2012,female,09-May,other_noncitizen,26.7
2012,female,14-Oct,overall,1301.1
2012,female,14-Oct,bumi_malay,742.4
2012,female,14-Oct,bumi_other,184.6
2012,female,14-Oct,chinese,251.7
2012,female,14-Oct,indian,85.3
2012,female,14-Oct,other_citizen,13.6
2012,female,14-Oct,other_noncitizen,23.5
2012,female,15-19,overall,1384.8
2012,female,15-19,bumi_malay,742.4
2012,female,15-19,bumi_other,187
2012,female,15-19,chinese,263
2012,female,15-19,indian,88.2
2012,female,15-19,other_citizen,12.9
2012,female,15-19,other_noncitizen,91.3
2012,female,20-24,overall,1448.9
2012,female,20-24,bumi_malay,717
2012,female,20-24,bumi_other,174.2
2012,female,20-24,chinese,266.5
2012,female,20-24,indian,89.7
2012,female,20-24,other_citizen,12.3
2012,female,20-24,other_noncitizen,189.2
2012,female,25-29,overall,1376.9
2012,female,25-29,bumi_malay,659.2
2012,female,25-29,bumi_other,157.4
2012,female,25-29,chinese,266.3
2012,female,25-29,indian,89.9
2012,female,25-29,other_citizen,10.7
2012,female,25-29,other_noncitizen,193.3
2012,female,30-34,overall,1111
2012,female,30-34,bumi_malay,530.1
2012,female,30-34,bumi_other,124.1
2012,female,30-34,chinese,241.9
2012,female,30-34,indian,78.7
2012,female,30-34,other_citizen,7.6
2012,female,30-34,other_noncitizen,128.6
2012,female,35-39,overall,954.3
2012,female,35-39,bumi_malay,446.6
2012,female,35-39,bumi_other,105
2012,female,35-39,chinese,224.2
2012,female,35-39,indian,67.7
2012,female,35-39,other_citizen,5.8
2012,female,35-39,other_noncitizen,104.9
2012,female,40-44,overall,901.4
2012,female,40-44,bumi_malay,429.6
2012,female,40-44,bumi_other,97.7
2012,female,40-44,chinese,228.2
2012,female,40-44,indian,66.5
2012,female,40-44,other_citizen,5.4
2012,female,40-44,other_noncitizen,74
2012,female,45-49,overall,811.4
2012,female,45-49,bumi_malay,396.6
2012,female,45-49,bumi_other,85.3
2012,female,45-49,chinese,215.7
2012,female,45-49,indian,64.2
2012,female,45-49,other_citizen,4.9
2012,female,45-49,other_noncitizen,44.6
2012,female,50-54,overall,703.7
2012,female,50-54,bumi_malay,347.6
2012,female,50-54,bumi_other,71
2012,female,50-54,chinese,194.4
2012,female,50-54,indian,58.6
2012,female,50-54,other_citizen,4.1
2012,female,50-54,other_noncitizen,28
2012,female,55-59,overall,567.5
2012,female,55-59,bumi_malay,282.4
2012,female,55-59,bumi_other,50.6
2012,female,55-59,chinese,167.8
2012,female,55-59,indian,46.9
2012,female,55-59,other_citizen,2.9
2012,female,55-59,other_noncitizen,16.9
2012,female,60-64,overall,443.1
2012,female,60-64,bumi_malay,215.2
2012,female,60-64,bumi_other,36.3
2012,female,60-64,chinese,142.6
2012,female,60-64,indian,35.8
2012,female,60-64,other_citizen,2
2012,female,60-64,other_noncitizen,11.3
2012,female,65-69,overall,307.3
2012,female,65-69,bumi_malay,144.9
2012,female,65-69,bumi_other,28
2012,female,65-69,chinese,103.7
2012,female,65-69,indian,22
2012,female,65-69,other_citizen,1.4
2012,female,65-69,other_noncitizen,7.2
2012,female,70-74,overall,217.5
2012,female,70-74,bumi_malay,103.6
2012,female,70-74,bumi_other,20.1
2012,female,70-74,chinese,74.7
2012,female,70-74,indian,13.9
2012,female,70-74,other_citizen,1
2012,female,70-74,other_noncitizen,4.2
2012,female,75-79,overall,140.8
2012,female,75-79,bumi_malay,65.1
2012,female,75-79,bumi_other,13.4
2012,female,75-79,chinese,48.7
2012,female,75-79,indian,9.8
2012,female,75-79,other_citizen,0.6
2012,female,75-79,other_noncitizen,3.2
2012,female,80-84,overall,79.5
2012,female,80-84,bumi_malay,36.2
2012,female,80-84,bumi_other,8.3
2012,female,80-84,chinese,27.1
2012,female,80-84,indian,5.1
2012,female,80-84,other_citizen,0.4
2012,female,80-84,other_noncitizen,2.3
2012,female,85+,overall,64.1
2012,female,85+,bumi_malay,31.8
2012,female,85+,bumi_other,5.7
2012,female,85+,chinese,19.7
2012,female,85+,indian,3.9
2012,female,85+,other_citizen,0.3
2012,female,85+,other_noncitizen,2.6
2012,male,overall,overall,15215.3
2012,male,overall,bumi_malay,7444.5
2012,male,overall,bumi_other,1758.7
2012,male,overall,chinese,3352.2
2012,male,overall,indian,978.4
2012,male,overall,other_citizen,127.7
2012,male,overall,other_noncitizen,1553.8
2012,male,0-4,overall,1299.9
2012,male,0-4,bumi_malay,766.2
2012,male,0-4,bumi_other,183.5
2012,male,0-4,chinese,211.2
2012,male,0-4,indian,71.9
2012,male,0-4,other_citizen,21.3
2012,male,0-4,other_noncitizen,45.9
2012,male,09-May,overall,1325.1
2012,male,09-May,bumi_malay,760.9
2012,male,09-May,bumi_other,194.5
2012,male,09-May,chinese,240.9
2012,male,09-May,indian,81.9
2012,male,09-May,other_citizen,17.3
2012,male,09-May,other_noncitizen,29.8
2012,male,14-Oct,overall,1369
2012,male,14-Oct,bumi_malay,781.7
2012,male,14-Oct,bumi_other,192.2
2012,male,14-Oct,chinese,264.9
2012,male,14-Oct,indian,89.3
2012,male,14-Oct,other_citizen,14.6
2012,male,14-Oct,other_noncitizen,26.3
2012,male,15-19,overall,1468.8
2012,male,15-19,bumi_malay,771.5
2012,male,15-19,bumi_other,191.3
2012,male,15-19,chinese,279
2012,male,15-19,indian,90.6
2012,male,15-19,other_citizen,13.6
2012,male,15-19,other_noncitizen,122.9
2012,male,20-24,overall,1568.6
2012,male,20-24,bumi_malay,728.3
2012,male,20-24,bumi_other,170.8
2012,male,20-24,chinese,275.1
2012,male,20-24,indian,93.5
2012,male,20-24,other_citizen,12.9
2012,male,20-24,other_noncitizen,288
2012,male,25-29,overall,1547.6
2012,male,25-29,bumi_malay,665.6
2012,male,25-29,bumi_other,153.9
2012,male,25-29,chinese,270.5
2012,male,25-29,indian,92.5
2012,male,25-29,other_citizen,11
2012,male,25-29,other_noncitizen,354.2
2012,male,30-34,overall,1257.5
2012,male,30-34,bumi_malay,546.3
2012,male,30-34,bumi_other,126
2012,male,30-34,chinese,258.2
2012,male,30-34,indian,81.6
2012,male,30-34,other_citizen,7.2
2012,male,30-34,other_noncitizen,238.1
2012,male,35-39,overall,1042.3
2012,male,35-39,bumi_malay,452.3
2012,male,35-39,bumi_other,105.4
2012,male,35-39,chinese,245.2
2012,male,35-39,indian,69.6
2012,male,35-39,other_citizen,5
2012,male,35-39,other_noncitizen,164.7
2012,male,40-44,overall,926.3
2012,male,40-44,bumi_malay,414.5
2012,male,40-44,bumi_other,100.9
2012,male,40-44,chinese,235.9
2012,male,40-44,indian,63.1
2012,male,40-44,other_citizen,4.8
2012,male,40-44,other_noncitizen,107
2012,male,45-49,overall,855.8
2012,male,45-49,bumi_malay,393.4
2012,male,45-49,bumi_other,92.1
2012,male,45-49,chinese,234
2012,male,45-49,indian,62.8
2012,male,45-49,other_citizen,4.8
2012,male,45-49,other_noncitizen,68.6
2012,male,50-54,overall,751.3
2012,male,50-54,bumi_malay,348
2012,male,50-54,bumi_other,77.8
2012,male,50-54,chinese,219
2012,male,50-54,indian,57.9
2012,male,50-54,other_citizen,4.7
2012,male,50-54,other_noncitizen,43.9
2012,male,55-59,overall,592.3
2012,male,55-59,bumi_malay,276
2012,male,55-59,bumi_other,58.4
2012,male,55-59,chinese,184.3
2012,male,55-59,indian,45
2012,male,55-59,other_citizen,4
2012,male,55-59,other_noncitizen,24.6
2012,male,60-64,overall,453.7
2012,male,60-64,bumi_malay,210.8
2012,male,60-64,bumi_other,38.1
2012,male,60-64,chinese,154.2
2012,male,60-64,indian,32.9
2012,male,60-64,other_citizen,2.4
2012,male,60-64,other_noncitizen,15.2
2012,male,65-69,overall,305.7
2012,male,65-69,bumi_malay,134.5
2012,male,65-69,bumi_other,28.6
2012,male,65-69,chinese,112.5
2012,male,65-69,indian,19.5
2012,male,65-69,other_citizen,1.5
2012,male,65-69,other_noncitizen,9
2012,male,70-74,overall,208.9
2012,male,70-74,bumi_malay,90.6
2012,male,70-74,bumi_other,19.5
2012,male,70-74,chinese,80.4
2012,male,70-74,indian,11.6
2012,male,70-74,other_citizen,1.1
2012,male,70-74,other_noncitizen,5.8
2012,male,75-79,overall,127
2012,male,75-79,bumi_malay,53.5
2012,male,75-79,bumi_other,12.8
2012,male,75-79,chinese,48.6
2012,male,75-79,indian,7.7
2012,male,75-79,other_citizen,0.6
2012,male,75-79,other_noncitizen,3.7
2012,male,80-84,overall,65
2012,male,80-84,bumi_malay,27.8
2012,male,80-84,bumi_other,7.2
2012,male,80-84,chinese,23.1
2012,male,80-84,indian,3.9
2012,male,80-84,other_citizen,0.4
2012,male,80-84,other_noncitizen,2.6
2012,male,85+,overall,50.4
2012,male,85+,bumi_malay,22.7
2012,male,85+,bumi_other,5.7
2012,male,85+,chinese,15.2
2012,male,85+,indian,3
2012,male,85+,other_citizen,0.3
2012,male,85+,other_noncitizen,3.4
2013,both,overall,overall,30213.7
2013,both,overall,bumi_malay,15022.2
2013,both,overall,bumi_other,3526.9
2013,both,overall,chinese,6554.4
2013,both,overall,indian,1965.2
2013,both,overall,other_citizen,257
2013,both,overall,other_noncitizen,2888
2013,both,0-4,overall,2559.3
2013,both,0-4,bumi_malay,1515.3
2013,both,0-4,bumi_other,351.6
2013,both,0-4,chinese,401
2013,both,0-4,indian,137.5
2013,both,0-4,other_citizen,42.2
2013,both,0-4,other_noncitizen,111.6
2013,both,09-May,overall,2553.7
2013,both,09-May,bumi_malay,1467
2013,both,09-May,bumi_other,379.9
2013,both,09-May,chinese,455.1
2013,both,09-May,indian,156.6
2013,both,09-May,other_citizen,34.4
2013,both,09-May,other_noncitizen,60.7
2013,both,14-Oct,overall,2670.5
2013,both,14-Oct,bumi_malay,1526.2
2013,both,14-Oct,bumi_other,378.7
2013,both,14-Oct,chinese,510.5
2013,both,14-Oct,indian,172.5
2013,both,14-Oct,other_citizen,28.9
2013,both,14-Oct,other_noncitizen,53.6
2013,both,15-19,overall,2867.8
2013,both,15-19,bumi_malay,1509.7
2013,both,15-19,bumi_other,376.5
2013,both,15-19,chinese,535.1
2013,both,15-19,indian,177.7
2013,both,15-19,other_citizen,26.5
2013,both,15-19,other_noncitizen,242.3
2013,both,20-24,overall,3122
2013,both,20-24,bumi_malay,1467.7
2013,both,20-24,bumi_other,355.5
2013,both,20-24,chinese,546.5
2013,both,20-24,indian,182.2
2013,both,20-24,other_citizen,25.7
2013,both,20-24,other_noncitizen,544.3
2013,both,25-29,overall,3027.7
2013,both,25-29,bumi_malay,1348.2
2013,both,25-29,bumi_other,316.5
2013,both,25-29,chinese,536.3
2013,both,25-29,indian,181.6
2013,both,25-29,other_citizen,22.5
2013,both,25-29,other_noncitizen,622.9
2013,both,30-34,overall,2522.5
2013,both,30-34,bumi_malay,1142.1
2013,both,30-34,bumi_other,266.3
2013,both,30-34,chinese,513.5
2013,both,30-34,indian,166.7
2013,both,30-34,other_citizen,16.4
2013,both,30-34,other_noncitizen,417.6
2013,both,35-39,overall,2046.8
2013,both,35-39,bumi_malay,910.2
2013,both,35-39,bumi_other,211.7
2013,both,35-39,chinese,469.7
2013,both,35-39,indian,140.1
2013,both,35-39,other_citizen,11.2
2013,both,35-39,other_noncitizen,304
2013,both,40-44,overall,1860.2
2013,both,40-44,bumi_malay,852.5
2013,both,40-44,bumi_other,201.5
2013,both,40-44,chinese,463.6
2013,both,40-44,indian,130.1
2013,both,40-44,other_citizen,10.3
2013,both,40-44,other_noncitizen,202.5
2013,both,45-49,overall,1695.5
2013,both,45-49,bumi_malay,798.3
2013,both,45-49,bumi_other,181.7
2013,both,45-49,chinese,453.1
2013,both,45-49,indian,127
2013,both,45-49,other_citizen,9.9
2013,both,45-49,other_noncitizen,125.4
2013,both,50-54,overall,1496.6
2013,both,50-54,bumi_malay,713.6
2013,both,50-54,bumi_other,155.1
2013,both,50-54,chinese,420.4
2013,both,50-54,indian,118.7
2013,both,50-54,other_citizen,8.9
2013,both,50-54,other_noncitizen,79.9
2013,both,55-59,overall,1212
2013,both,55-59,bumi_malay,582.2
2013,both,55-59,bumi_other,116.8
2013,both,55-59,chinese,363.3
2013,both,55-59,indian,96.2
2013,both,55-59,other_citizen,7.4
2013,both,55-59,other_noncitizen,46.3
2013,both,60-64,overall,929.2
2013,both,60-64,bumi_malay,443.6
2013,both,60-64,bumi_other,78.1
2013,both,60-64,chinese,302.4
2013,both,60-64,indian,71.2
2013,both,60-64,other_citizen,4.8
2013,both,60-64,other_noncitizen,29.2
2013,both,65-69,overall,662.4
2013,both,65-69,bumi_malay,303.1
2013,both,65-69,bumi_other,58.7
2013,both,65-69,chinese,232.7
2013,both,65-69,indian,46.5
2013,both,65-69,other_citizen,3.1
2013,both,65-69,other_noncitizen,18.1
2013,both,70-74,overall,430.3
2013,both,70-74,bumi_malay,193.6
2013,both,70-74,bumi_other,42.2
2013,both,70-74,chinese,156.5
2013,both,70-74,indian,25.3
2013,both,70-74,other_citizen,2.1
2013,both,70-74,other_noncitizen,10.6
2013,both,75-79,overall,290.3
2013,both,75-79,bumi_malay,128.7
2013,both,75-79,bumi_other,27.1
2013,both,75-79,chinese,107.2
2013,both,75-79,indian,18.5
2013,both,75-79,other_citizen,1.3
2013,both,75-79,other_noncitizen,7.5
2013,both,80-84,overall,144.1
2013,both,80-84,bumi_malay,61.9
2013,both,80-84,bumi_other,16.1
2013,both,80-84,chinese,50.6
2013,both,80-84,indian,9.6
2013,both,80-84,other_citizen,0.8
2013,both,80-84,other_noncitizen,5.1
2013,both,85+,overall,122.8
2013,both,85+,bumi_malay,58.3
2013,both,85+,bumi_other,12.9
2013,both,85+,chinese,37
2013,both,85+,indian,7.3
2013,both,85+,other_citizen,0.6
2013,both,85+,other_noncitizen,6.6
2013,female,overall,overall,14608.9
2013,female,overall,bumi_malay,7456.2
2013,female,overall,bumi_other,1738.9
2013,female,overall,chinese,3181.8
2013,female,overall,indian,981.6
2013,female,overall,other_citizen,125.5
2013,female,overall,other_noncitizen,1125.2
2013,female,0-4,overall,1237.3
2013,female,0-4,bumi_malay,733.1
2013,female,0-4,bumi_other,171.1
2013,female,0-4,chinese,192.5
2013,female,0-4,indian,67
2013,female,0-4,other_citizen,20.3
2013,female,0-4,other_noncitizen,53.2
2013,female,09-May,overall,1243.7
2013,female,09-May,bumi_malay,714.8
2013,female,09-May,bumi_other,186.5
2013,female,09-May,chinese,220.1
2013,female,09-May,indian,77
2013,female,09-May,other_citizen,16.5
2013,female,09-May,other_noncitizen,28.7
2013,female,14-Oct,overall,1299.9
2013,female,14-Oct,bumi_malay,743.5
2013,female,14-Oct,bumi_other,184.9
2013,female,14-Oct,chinese,248.2
2013,female,14-Oct,indian,84
2013,female,14-Oct,other_citizen,13.9
2013,female,14-Oct,other_noncitizen,25.4
2013,female,15-19,overall,1389
2013,female,15-19,bumi_malay,738.9
2013,female,15-19,bumi_other,186
2013,female,15-19,chinese,260.2
2013,female,15-19,indian,87.6
2013,female,15-19,other_citizen,12.9
2013,female,15-19,other_noncitizen,103.4
2013,female,20-24,overall,1490.3
2013,female,20-24,bumi_malay,725.9
2013,female,20-24,bumi_other,178.6
2013,female,20-24,chinese,267.6
2013,female,20-24,indian,89.4
2013,female,20-24,other_citizen,12.6
2013,female,20-24,other_noncitizen,216.1
2013,female,25-29,overall,1421.6
2013,female,25-29,bumi_malay,673.6
2013,female,25-29,bumi_other,160.5
2013,female,25-29,chinese,267.3
2013,female,25-29,indian,89.1
2013,female,25-29,other_citizen,11.1
2013,female,25-29,other_noncitizen,220.1
2013,female,30-34,overall,1182.7
2013,female,30-34,bumi_malay,563.6
2013,female,30-34,bumi_other,132.8
2013,female,30-34,chinese,250.2
2013,female,30-34,indian,82.3
2013,female,30-34,other_citizen,8.3
2013,female,30-34,other_noncitizen,145.6
2013,female,35-39,overall,971.9
2013,female,35-39,bumi_malay,450.5
2013,female,35-39,bumi_other,105.3
2013,female,35-39,chinese,224.3
2013,female,35-39,indian,68.6
2013,female,35-39,other_citizen,5.9
2013,female,35-39,other_noncitizen,117.4
2013,female,40-44,overall,912.7
2013,female,40-44,bumi_malay,432.4
2013,female,40-44,bumi_other,99.7
2013,female,40-44,chinese,226.3
2013,female,40-44,indian,66.4
2013,female,40-44,other_citizen,5.5
2013,female,40-44,other_noncitizen,82.6
2013,female,45-49,overall,832.2
2013,female,45-49,bumi_malay,404.2
2013,female,45-49,bumi_other,87.9
2013,female,45-49,chinese,220.7
2013,female,45-49,indian,65
2013,female,45-49,other_citizen,5.1
2013,female,45-49,other_noncitizen,49.3
2013,female,50-54,overall,721.9
2013,female,50-54,bumi_malay,355.5
2013,female,50-54,bumi_other,74.2
2013,female,50-54,chinese,197.1
2013,female,50-54,indian,59.7
2013,female,50-54,other_citizen,4.2
2013,female,50-54,other_noncitizen,31.2
2013,female,55-59,overall,594.7
2013,female,55-59,bumi_malay,295.6
2013,female,55-59,bumi_other,54.4
2013,female,55-59,chinese,173.2
2013,female,55-59,indian,49.6
2013,female,55-59,other_citizen,3.2
2013,female,55-59,other_noncitizen,18.8
2013,female,60-64,overall,459.1
2013,female,60-64,bumi_malay,224.5
2013,female,60-64,bumi_other,37.5
2013,female,60-64,chinese,145.5
2013,female,60-64,indian,37.2
2013,female,60-64,other_citizen,2.1
2013,female,60-64,other_noncitizen,12.4
2013,female,65-69,overall,333.3
2013,female,65-69,bumi_malay,157.2
2013,female,65-69,bumi_other,29.2
2013,female,65-69,chinese,112.3
2013,female,65-69,indian,24.9
2013,female,65-69,other_citizen,1.5
2013,female,65-69,other_noncitizen,8.1
2013,female,70-74,overall,219.6
2013,female,70-74,bumi_malay,103.5
2013,female,70-74,bumi_other,21.3
2013,female,70-74,chinese,75.6
2013,female,70-74,indian,13.8
2013,female,70-74,other_citizen,1
2013,female,70-74,other_noncitizen,4.4
2013,female,75-79,overall,152.6
2013,female,75-79,bumi_malay,70.8
2013,female,75-79,bumi_other,14
2013,female,75-79,chinese,53.4
2013,female,75-79,indian,10.3
2013,female,75-79,other_citizen,0.6
2013,female,75-79,other_noncitizen,3.4
2013,female,80-84,overall,78.5
2013,female,80-84,bumi_malay,34.8
2013,female,80-84,bumi_other,8.5
2013,female,80-84,chinese,26.9
2013,female,80-84,indian,5.6
2013,female,80-84,other_citizen,0.4
2013,female,80-84,other_noncitizen,2.4
2013,female,85+,overall,67.9
2013,female,85+,bumi_malay,33.8
2013,female,85+,bumi_other,6.5
2013,female,85+,chinese,20.3
2013,female,85+,indian,4.1
2013,female,85+,other_citizen,0.3
2013,female,85+,other_noncitizen,2.8
2013,male,overall,overall,15604.8
2013,male,overall,bumi_malay,7566
2013,male,overall,bumi_other,1788
2013,male,overall,chinese,3372.7
2013,male,overall,indian,983.6
2013,male,overall,other_citizen,131.5
2013,male,overall,other_noncitizen,1762.9
2013,male,0-4,overall,1322
2013,male,0-4,bumi_malay,782.2
2013,male,0-4,bumi_other,180.5
2013,male,0-4,chinese,208.5
2013,male,0-4,indian,70.5
2013,male,0-4,other_citizen,21.8
2013,male,0-4,other_noncitizen,58.5
2013,male,09-May,overall,1309.9
2013,male,09-May,bumi_malay,752.2
2013,male,09-May,bumi_other,193.4
2013,male,09-May,chinese,235
2013,male,09-May,indian,79.5
2013,male,09-May,other_citizen,17.8
2013,male,09-May,other_noncitizen,32
2013,male,14-Oct,overall,1370.6
2013,male,14-Oct,bumi_malay,782.7
2013,male,14-Oct,bumi_other,193.8
2013,male,14-Oct,chinese,262.4
2013,male,14-Oct,indian,88.5
2013,male,14-Oct,other_citizen,15
2013,male,14-Oct,other_noncitizen,28.2
2013,male,15-19,overall,1478.8
2013,male,15-19,bumi_malay,770.8
2013,male,15-19,bumi_other,190.5
2013,male,15-19,chinese,274.8
2013,male,15-19,indian,90.1
2013,male,15-19,other_citizen,13.6
2013,male,15-19,other_noncitizen,138.9
2013,male,20-24,overall,1631.7
2013,male,20-24,bumi_malay,741.8
2013,male,20-24,bumi_other,176.9
2013,male,20-24,chinese,278.9
2013,male,20-24,indian,92.8
2013,male,20-24,other_citizen,13.1
2013,male,20-24,other_noncitizen,328.2
2013,male,25-29,overall,1606.1
2013,male,25-29,bumi_malay,674.6
2013,male,25-29,bumi_other,156
2013,male,25-29,chinese,269
2013,male,25-29,indian,92.5
2013,male,25-29,other_citizen,11.4
2013,male,25-29,other_noncitizen,402.8
2013,male,30-34,overall,1339.8
2013,male,30-34,bumi_malay,578.5
2013,male,30-34,bumi_other,133.5
2013,male,30-34,chinese,263.3
2013,male,30-34,indian,84.4
2013,male,30-34,other_citizen,8.1
2013,male,30-34,other_noncitizen,272
2013,male,35-39,overall,1074.9
2013,male,35-39,bumi_malay,459.7
2013,male,35-39,bumi_other,106.4
2013,male,35-39,chinese,245.4
2013,male,35-39,indian,71.5
2013,male,35-39,other_citizen,5.3
2013,male,35-39,other_noncitizen,186.6
2013,male,40-44,overall,947.5
2013,male,40-44,bumi_malay,420.1
2013,male,40-44,bumi_other,101.8
2013,male,40-44,chinese,237.3
2013,male,40-44,indian,63.7
2013,male,40-44,other_citizen,4.8
2013,male,40-44,other_noncitizen,119.9
2013,male,45-49,overall,863.3
2013,male,45-49,bumi_malay,394.1
2013,male,45-49,bumi_other,93.8
2013,male,45-49,chinese,232.4
2013,male,45-49,indian,62
2013,male,45-49,other_citizen,4.8
2013,male,45-49,other_noncitizen,76.1
2013,male,50-54,overall,774.7
2013,male,50-54,bumi_malay,358.1
2013,male,50-54,bumi_other,80.9
2013,male,50-54,chinese,223.3
2013,male,50-54,indian,59
2013,male,50-54,other_citizen,4.7
2013,male,50-54,other_noncitizen,48.7
2013,male,55-59,overall,617.3
2013,male,55-59,bumi_malay,286.6
2013,male,55-59,bumi_other,62.4
2013,male,55-59,chinese,190.1
2013,male,55-59,indian,46.6
2013,male,55-59,other_citizen,4.2
2013,male,55-59,other_noncitizen,27.5
2013,male,60-64,overall,470.1
2013,male,60-64,bumi_malay,219.1
2013,male,60-64,bumi_other,40.6
2013,male,60-64,chinese,156.9
2013,male,60-64,indian,34
2013,male,60-64,other_citizen,2.7
2013,male,60-64,other_noncitizen,16.8
2013,male,65-69,overall,329.1
2013,male,65-69,bumi_malay,145.9
2013,male,65-69,bumi_other,29.5
2013,male,65-69,chinese,120.4
2013,male,65-69,indian,21.6
2013,male,65-69,other_citizen,1.6
2013,male,65-69,other_noncitizen,10
2013,male,70-74,overall,210.7
2013,male,70-74,bumi_malay,90.1
2013,male,70-74,bumi_other,20.9
2013,male,70-74,chinese,80.9
2013,male,70-74,indian,11.5
2013,male,70-74,other_citizen,1.1
2013,male,70-74,other_noncitizen,6.2
2013,male,75-79,overall,137.7
2013,male,75-79,bumi_malay,57.9
2013,male,75-79,bumi_other,13.1
2013,male,75-79,chinese,53.8
2013,male,75-79,indian,8.2
2013,male,75-79,other_citizen,0.7
2013,male,75-79,other_noncitizen,4.1
2013,male,80-84,overall,65.6
2013,male,80-84,bumi_malay,27.1
2013,male,80-84,bumi_other,7.6
2013,male,80-84,chinese,23.7
2013,male,80-84,indian,4
2013,male,80-84,other_citizen,0.4
2013,male,80-84,other_noncitizen,2.7
2013,male,85+,overall,54.9
2013,male,85+,bumi_malay,24.5
2013,male,85+,bumi_other,6.4
2013,male,85+,chinese,16.7
2013,male,85+,indian,3.2
2013,male,85+,other_citizen,0.3
2013,male,85+,other_noncitizen,3.8
2014,both,overall,overall,30708.5
2014,both,overall,bumi_malay,15285.3
2014,both,overall,bumi_other,3581.7
2014,both,overall,chinese,6586.2
2014,both,overall,indian,1977.7
2014,both,overall,other_citizen,265.5
2014,both,overall,other_noncitizen,3012.3
2014,both,0-4,overall,2571.2
2014,both,0-4,bumi_malay,1540.4
2014,both,0-4,bumi_other,338.6
2014,both,0-4,chinese,386.3
2014,both,0-4,indian,132.4
2014,both,0-4,other_citizen,43.3
2014,both,0-4,other_noncitizen,130.3
2014,both,09-May,overall,2536.9
2014,both,09-May,bumi_malay,1462.3
2014,both,09-May,bumi_other,380.1
2014,both,09-May,chinese,444
2014,both,09-May,indian,153.8
2014,both,09-May,other_citizen,35.1
2014,both,09-May,other_noncitizen,61.6
2014,both,14-Oct,overall,2665.5
2014,both,14-Oct,bumi_malay,1525.4
2014,both,14-Oct,bumi_other,382.5
2014,both,14-Oct,chinese,503.3
2014,both,14-Oct,indian,170.4
2014,both,14-Oct,other_citizen,29.7
2014,both,14-Oct,other_noncitizen,54.3
2014,both,15-19,overall,2852.8
2014,both,15-19,bumi_malay,1505.2
2014,both,15-19,bumi_other,374.4
2014,both,15-19,chinese,526.1
2014,both,15-19,indian,175.9
2014,both,15-19,other_citizen,27.5
2014,both,15-19,other_noncitizen,243.8
2014,both,20-24,overall,3182.4
2014,both,20-24,bumi_malay,1495
2014,both,20-24,bumi_other,365.5
2014,both,20-24,chinese,548.8
2014,both,20-24,indian,180.9
2014,both,20-24,other_citizen,25.8
2014,both,20-24,other_noncitizen,566.5
2014,both,25-29,overall,3079.2
2014,both,25-29,bumi_malay,1373.7
2014,both,25-29,bumi_other,321.6
2014,both,25-29,chinese,535.2
2014,both,25-29,indian,180.5
2014,both,25-29,other_citizen,23.1
2014,both,25-29,other_noncitizen,645.2
2014,both,30-34,overall,2643.1
2014,both,30-34,bumi_malay,1204.8
2014,both,30-34,bumi_other,284.6
2014,both,30-34,chinese,526
2014,both,30-34,indian,172.7
2014,both,30-34,other_citizen,17.9
2014,both,30-34,other_noncitizen,437
2014,both,35-39,overall,2095.1
2014,both,35-39,bumi_malay,932.3
2014,both,35-39,bumi_other,215.4
2014,both,35-39,chinese,473.1
2014,both,35-39,indian,143.3
2014,both,35-39,other_citizen,12.5
2014,both,35-39,other_noncitizen,318.6
2014,both,40-44,overall,1880.3
2014,both,40-44,bumi_malay,861.3
2014,both,40-44,bumi_other,204.6
2014,both,40-44,chinese,462.4
2014,both,40-44,indian,131.5
2014,both,40-44,other_citizen,10.3
2014,both,40-44,other_noncitizen,210.4
2014,both,45-49,overall,1713.2
2014,both,45-49,bumi_malay,805.7
2014,both,45-49,bumi_other,185.3
2014,both,45-49,chinese,455
2014,both,45-49,indian,126.8
2014,both,45-49,other_citizen,10
2014,both,45-49,other_noncitizen,130.3
2014,both,50-54,overall,1532.3
2014,both,50-54,bumi_malay,730.6
2014,both,50-54,bumi_other,160.7
2014,both,50-54,chinese,427.2
2014,both,50-54,indian,120.5
2014,both,50-54,other_citizen,9
2014,both,50-54,other_noncitizen,84.2
2014,both,55-59,overall,1260.2
2014,both,55-59,bumi_malay,605
2014,both,55-59,bumi_other,123.3
2014,both,55-59,chinese,374.4
2014,both,55-59,indian,100.2
2014,both,55-59,other_citizen,7.7
2014,both,55-59,other_noncitizen,49.5
2014,both,60-64,overall,962.1
2014,both,60-64,bumi_malay,460.4
2014,both,60-64,bumi_other,82.9
2014,both,60-64,chinese,308.6
2014,both,60-64,indian,74
2014,both,60-64,other_citizen,5.3
2014,both,60-64,other_noncitizen,30.9
2014,both,65-69,overall,708.5
2014,both,65-69,bumi_malay,326.3
2014,both,65-69,bumi_other,60.4
2014,both,65-69,chinese,248.1
2014,both,65-69,indian,51.4
2014,both,65-69,other_citizen,3.3
2014,both,65-69,other_noncitizen,19.2
2014,both,70-74,overall,439.6
2014,both,70-74,bumi_malay,195.9
2014,both,70-74,bumi_other,44.4
2014,both,70-74,chinese,160.3
2014,both,70-74,indian,26.2
2014,both,70-74,other_citizen,2.3
2014,both,70-74,other_noncitizen,10.5
2014,both,75-79,overall,308.1
2014,both,75-79,bumi_malay,137.3
2014,both,75-79,bumi_other,27.1
2014,both,75-79,chinese,115.6
2014,both,75-79,indian,19.2
2014,both,75-79,other_citizen,1.4
2014,both,75-79,other_noncitizen,7.6
2014,both,80-84,overall,148.4
2014,both,80-84,bumi_malay,62.9
2014,both,80-84,bumi_other,16.4
2014,both,80-84,chinese,52.7
2014,both,80-84,indian,10.2
2014,both,80-84,other_citizen,0.8
2014,both,80-84,other_noncitizen,5.3
2014,both,85+,overall,129.5
2014,both,85+,bumi_malay,60.8
2014,both,85+,bumi_other,13.9
2014,both,85+,chinese,39
2014,both,85+,indian,7.9
2014,both,85+,other_citizen,0.8
2014,both,85+,other_noncitizen,7.2
2014,female,overall,overall,14840.7
2014,female,overall,bumi_malay,7586.2
2014,female,overall,bumi_other,1767.5
2014,female,overall,chinese,3199.1
2014,female,overall,indian,989.9
2014,female,overall,other_citizen,129.4
2014,female,overall,other_noncitizen,1168.7
2014,female,0-4,overall,1240.9
2014,female,0-4,bumi_malay,745.2
2014,female,0-4,bumi_other,163.8
2014,female,0-4,chinese,184.8
2014,female,0-4,indian,63.4
2014,female,0-4,other_citizen,21
2014,female,0-4,other_noncitizen,62.7
2014,female,09-May,overall,1234.3
2014,female,09-May,bumi_malay,710.9
2014,female,09-May,bumi_other,186.8
2014,female,09-May,chinese,214.6
2014,female,09-May,indian,76
2014,female,09-May,other_citizen,16.9
2014,female,09-May,other_noncitizen,29.1
2014,female,14-Oct,overall,1297.6
2014,female,14-Oct,bumi_malay,742.8
2014,female,14-Oct,bumi_other,187.4
2014,female,14-Oct,chinese,244.3
2014,female,14-Oct,indian,83.2
2014,female,14-Oct,other_citizen,14.3
2014,female,14-Oct,other_noncitizen,25.5
2014,female,15-19,overall,1378.7
2014,female,15-19,bumi_malay,735.1
2014,female,15-19,bumi_other,184.6
2014,female,15-19,chinese,255.8
2014,female,15-19,indian,86.9
2014,female,15-19,other_citizen,12.9
2014,female,15-19,other_noncitizen,103.5
2014,female,20-24,overall,1513.4
2014,female,20-24,bumi_malay,738.1
2014,female,20-24,bumi_other,182.2
2014,female,20-24,chinese,267.7
2014,female,20-24,indian,90.1
2014,female,20-24,other_citizen,12.7
2014,female,20-24,other_noncitizen,222.6
2014,female,25-29,overall,1444.7
2014,female,25-29,bumi_malay,686.8
2014,female,25-29,bumi_other,164.1
2014,female,25-29,chinese,268
2014,female,25-29,indian,87.9
2014,female,25-29,other_citizen,11.4
2014,female,25-29,other_noncitizen,226.5
2014,female,30-34,overall,1243.6
2014,female,30-34,bumi_malay,596.3
2014,female,30-34,bumi_other,143.4
2014,female,30-34,chinese,257.5
2014,female,30-34,indian,85.8
2014,female,30-34,other_citizen,9
2014,female,30-34,other_noncitizen,151.5
2014,female,35-39,overall,990.3
2014,female,35-39,bumi_malay,459.5
2014,female,35-39,bumi_other,106.8
2014,female,35-39,chinese,226.2
2014,female,35-39,indian,69.8
2014,female,35-39,other_citizen,6.4
2014,female,35-39,other_noncitizen,121.7
2014,female,40-44,overall,919.6
2014,female,40-44,bumi_malay,435.3
2014,female,40-44,bumi_other,101.8
2014,female,40-44,chinese,224.2
2014,female,40-44,indian,66.7
2014,female,40-44,other_citizen,5.5
2014,female,40-44,other_noncitizen,86.2
2014,female,45-49,overall,847.6
2014,female,45-49,bumi_malay,410.6
2014,female,45-49,bumi_other,90.7
2014,female,45-49,chinese,224.3
2014,female,45-49,indian,65.3
2014,female,45-49,other_citizen,5.2
2014,female,45-49,other_noncitizen,51.5
2014,female,50-54,overall,738.8
2014,female,50-54,bumi_malay,363.5
2014,female,50-54,bumi_other,76.5
2014,female,50-54,chinese,200.4
2014,female,50-54,indian,60.8
2014,female,50-54,other_citizen,4.4
2014,female,50-54,other_noncitizen,33.1
2014,female,55-59,overall,619.9
2014,female,55-59,bumi_malay,308
2014,female,55-59,bumi_other,58
2014,female,55-59,chinese,178.5
2014,female,55-59,indian,52
2014,female,55-59,other_citizen,3.4
2014,female,55-59,other_noncitizen,20
2014,female,60-64,overall,476.2
2014,female,60-64,bumi_malay,234.3
2014,female,60-64,bumi_other,39.1
2014,female,60-64,chinese,148.7
2014,female,60-64,indian,38.8
2014,female,60-64,other_citizen,2.3
2014,female,60-64,other_noncitizen,13
2014,female,65-69,overall,357.6
2014,female,65-69,bumi_malay,169.1
2014,female,65-69,bumi_other,30.3
2014,female,65-69,chinese,120.4
2014,female,65-69,indian,27.7
2014,female,65-69,other_citizen,1.6
2014,female,65-69,other_noncitizen,8.6
2014,female,70-74,overall,224.5
2014,female,70-74,bumi_malay,104.8
2014,female,70-74,bumi_other,22.3
2014,female,70-74,chinese,77.7
2014,female,70-74,indian,14.3
2014,female,70-74,other_citizen,1.1
2014,female,70-74,other_noncitizen,4.3
2014,female,75-79,overall,162.2
2014,female,75-79,bumi_malay,75.9
2014,female,75-79,bumi_other,14
2014,female,75-79,chinese,57.5
2014,female,75-79,indian,10.7
2014,female,75-79,other_citizen,0.7
2014,female,75-79,other_noncitizen,3.5
2014,female,80-84,overall,80.2
2014,female,80-84,bumi_malay,35.2
2014,female,80-84,bumi_other,8.6
2014,female,80-84,chinese,27.6
2014,female,80-84,indian,5.9
2014,female,80-84,other_citizen,0.4
2014,female,80-84,other_noncitizen,2.4
2014,female,85+,overall,70.7
2014,female,85+,bumi_malay,34.8
2014,female,85+,bumi_other,7.1
2014,female,85+,chinese,20.9
2014,female,85+,indian,4.4
2014,female,85+,other_citizen,0.4
2014,female,85+,other_noncitizen,3.1
2014,male,overall,overall,15867.8
2014,male,overall,bumi_malay,7699.1
2014,male,overall,bumi_other,1814.2
2014,male,overall,chinese,3387.1
2014,male,overall,indian,987.9
2014,male,overall,other_citizen,136.1
2014,male,overall,other_noncitizen,1843.6
2014,male,0-4,overall,1330.3
2014,male,0-4,bumi_malay,795.2
2014,male,0-4,bumi_other,174.8
2014,male,0-4,chinese,201.5
2014,male,0-4,indian,68.9
2014,male,0-4,other_citizen,22.3
2014,male,0-4,other_noncitizen,67.6
2014,male,09-May,overall,1302.6
2014,male,09-May,bumi_malay,751.4
2014,male,09-May,bumi_other,193.3
2014,male,09-May,chinese,229.4
2014,male,09-May,indian,77.7
2014,male,09-May,other_citizen,18.2
2014,male,09-May,other_noncitizen,32.5
2014,male,14-Oct,overall,1367.9
2014,male,14-Oct,bumi_malay,782.6
2014,male,14-Oct,bumi_other,195.1
2014,male,14-Oct,chinese,259
2014,male,14-Oct,indian,87.1
2014,male,14-Oct,other_citizen,15.4
2014,male,14-Oct,other_noncitizen,28.8
2014,male,15-19,overall,1474.1
2014,male,15-19,bumi_malay,770.1
2014,male,15-19,bumi_other,189.8
2014,male,15-19,chinese,270.3
2014,male,15-19,indian,89
2014,male,15-19,other_citizen,14.6
2014,male,15-19,other_noncitizen,140.3
2014,male,20-24,overall,1669
2014,male,20-24,bumi_malay,756.9
2014,male,20-24,bumi_other,183.3
2014,male,20-24,chinese,281.1
2014,male,20-24,indian,90.8
2014,male,20-24,other_citizen,13.1
2014,male,20-24,other_noncitizen,343.9
2014,male,25-29,overall,1634.5
2014,male,25-29,bumi_malay,686.9
2014,male,25-29,bumi_other,157.5
2014,male,25-29,chinese,267.2
2014,male,25-29,indian,92.6
2014,male,25-29,other_citizen,11.7
2014,male,25-29,other_noncitizen,418.7
2014,male,30-34,overall,1399.5
2014,male,30-34,bumi_malay,608.5
2014,male,30-34,bumi_other,141.2
2014,male,30-34,chinese,268.5
2014,male,30-34,indian,86.9
2014,male,30-34,other_citizen,8.9
2014,male,30-34,other_noncitizen,285.5
2014,male,35-39,overall,1104.8
2014,male,35-39,bumi_malay,472.8
2014,male,35-39,bumi_other,108.6
2014,male,35-39,chinese,246.9
2014,male,35-39,indian,73.5
2014,male,35-39,other_citizen,6.1
2014,male,35-39,other_noncitizen,196.9
2014,male,40-44,overall,960.7
2014,male,40-44,bumi_malay,426
2014,male,40-44,bumi_other,102.8
2014,male,40-44,chinese,238.2
2014,male,40-44,indian,64.8
2014,male,40-44,other_citizen,4.8
2014,male,40-44,other_noncitizen,124.2
2014,male,45-49,overall,865.6
2014,male,45-49,bumi_malay,395.1
2014,male,45-49,bumi_other,94.6
2014,male,45-49,chinese,230.7
2014,male,45-49,indian,61.5
2014,male,45-49,other_citizen,4.8
2014,male,45-49,other_noncitizen,78.8
2014,male,50-54,overall,793.5
2014,male,50-54,bumi_malay,367.1
2014,male,50-54,bumi_other,84.2
2014,male,50-54,chinese,226.8
2014,male,50-54,indian,59.7
2014,male,50-54,other_citizen,4.6
2014,male,50-54,other_noncitizen,51.1
2014,male,55-59,overall,640.3
2014,male,55-59,bumi_malay,297
2014,male,55-59,bumi_other,65.3
2014,male,55-59,chinese,195.9
2014,male,55-59,indian,48.2
2014,male,55-59,other_citizen,4.3
2014,male,55-59,other_noncitizen,29.5
2014,male,60-64,overall,485.9
2014,male,60-64,bumi_malay,226.1
2014,male,60-64,bumi_other,43.8
2014,male,60-64,chinese,159.9
2014,male,60-64,indian,35.2
2014,male,60-64,other_citizen,3
2014,male,60-64,other_noncitizen,17.9
2014,male,65-69,overall,350.9
2014,male,65-69,bumi_malay,157.2
2014,male,65-69,bumi_other,30.1
2014,male,65-69,chinese,127.7
2014,male,65-69,indian,23.7
2014,male,65-69,other_citizen,1.7
2014,male,65-69,other_noncitizen,10.6
2014,male,70-74,overall,215.1
2014,male,70-74,bumi_malay,91.1
2014,male,70-74,bumi_other,22.1
2014,male,70-74,chinese,82.6
2014,male,70-74,indian,11.9
2014,male,70-74,other_citizen,1.2
2014,male,70-74,other_noncitizen,6.2
2014,male,75-79,overall,145.9
2014,male,75-79,bumi_malay,61.4
2014,male,75-79,bumi_other,13.1
2014,male,75-79,chinese,58.1
2014,male,75-79,indian,8.5
2014,male,75-79,other_citizen,0.7
2014,male,75-79,other_noncitizen,4.1
2014,male,80-84,overall,68.2
2014,male,80-84,bumi_malay,27.7
2014,male,80-84,bumi_other,7.8
2014,male,80-84,chinese,25.1
2014,male,80-84,indian,4.3
2014,male,80-84,other_citizen,0.4
2014,male,80-84,other_noncitizen,2.9
2014,male,85+,overall,58.8
2014,male,85+,bumi_malay,26
2014,male,85+,bumi_other,6.8
2014,male,85+,chinese,18.1
2014,male,85+,indian,3.5
2014,male,85+,other_citizen,0.4
2014,male,85+,other_noncitizen,4.1
2015,both,overall,overall,31186.1
2015,both,overall,bumi_malay,15548.8
2015,both,overall,bumi_other,3634.1
2015,both,overall,chinese,6618.8
2015,both,overall,indian,1986.4
2015,both,overall,other_citizen,272.1
2015,both,overall,other_noncitizen,3126.1
2015,both,0-4,overall,2601.6
2015,both,0-4,bumi_malay,1576
2015,both,0-4,bumi_other,330.6
2015,both,0-4,chinese,378.1
2015,both,0-4,indian,125.7
2015,both,0-4,other_citizen,44.2
2015,both,0-4,other_noncitizen,147
2015,both,09-May,overall,2518.4
2015,both,09-May,bumi_malay,1458.9
2015,both,09-May,bumi_other,376.5
2015,both,09-May,chinese,432.1
2015,both,09-May,indian,150.8
2015,both,09-May,other_citizen,35.8
2015,both,09-May,other_noncitizen,64.3
2015,both,14-Oct,overall,2655.8
2015,both,14-Oct,bumi_malay,1522.6
2015,both,14-Oct,bumi_other,384.5
2015,both,14-Oct,chinese,494.3
2015,both,14-Oct,indian,168.5
2015,both,14-Oct,other_citizen,30.2
2015,both,14-Oct,other_noncitizen,55.7
2015,both,15-19,overall,2846.7
2015,both,15-19,bumi_malay,1499.8
2015,both,15-19,bumi_other,373.1
2015,both,15-19,chinese,519.2
2015,both,15-19,indian,174.8
2015,both,15-19,other_citizen,27.9
2015,both,15-19,other_noncitizen,251.8
2015,both,20-24,overall,3225.5
2015,both,20-24,bumi_malay,1511.1
2015,both,20-24,bumi_other,373.4
2015,both,20-24,chinese,548.2
2015,both,20-24,indian,178.6
2015,both,20-24,other_citizen,26
2015,both,20-24,other_noncitizen,588.2
2015,both,25-29,overall,3135.9
2015,both,25-29,bumi_malay,1403.4
2015,both,25-29,bumi_other,326.6
2015,both,25-29,chinese,535
2015,both,25-29,indian,180.7
2015,both,25-29,other_citizen,23.7
2015,both,25-29,other_noncitizen,666.7
2015,both,30-34,overall,2731.2
2015,both,30-34,bumi_malay,1254.4
2015,both,30-34,bumi_other,297.3
2015,both,30-34,chinese,533.7
2015,both,30-34,indian,175.6
2015,both,30-34,other_citizen,19.3
2015,both,30-34,other_noncitizen,451.1
2015,both,35-39,overall,2158.2
2015,both,35-39,bumi_malay,966.2
2015,both,35-39,bumi_other,222.3
2015,both,35-39,chinese,479.8
2015,both,35-39,indian,147.3
2015,both,35-39,other_citizen,13.1
2015,both,35-39,other_noncitizen,329.4
2015,both,40-44,overall,1898.8
2015,both,40-44,bumi_malay,870.2
2015,both,40-44,bumi_other,206.6
2015,both,40-44,chinese,462.6
2015,both,40-44,indian,132.3
2015,both,40-44,other_citizen,10.5
2015,both,40-44,other_noncitizen,216.5
2015,both,45-49,overall,1727.9
2015,both,45-49,bumi_malay,812.1
2015,both,45-49,bumi_other,189.1
2015,both,45-49,chinese,456.3
2015,both,45-49,indian,126.8
2015,both,45-49,other_citizen,10.1
2015,both,45-49,other_noncitizen,133.6
2015,both,50-54,overall,1560.3
2015,both,50-54,bumi_malay,745.1
2015,both,50-54,bumi_other,165.6
2015,both,50-54,chinese,432.3
2015,both,50-54,indian,121.7
2015,both,50-54,other_citizen,9.2
2015,both,50-54,other_noncitizen,86.4
2015,both,55-59,overall,1304.2
2015,both,55-59,bumi_malay,626.5
2015,both,55-59,bumi_other,129.8
2015,both,55-59,chinese,384.2
2015,both,55-59,indian,103.7
2015,both,55-59,other_citizen,8
2015,both,55-59,other_noncitizen,51.9
2015,both,60-64,overall,1000.4
2015,both,60-64,bumi_malay,480.2
2015,both,60-64,bumi_other,88.8
2015,both,60-64,chinese,316.4
2015,both,60-64,indian,77.1
2015,both,60-64,other_citizen,5.6
2015,both,60-64,other_noncitizen,32.3
2015,both,65-69,overall,748.6
2015,both,65-69,bumi_malay,346.9
2015,both,65-69,bumi_other,63.2
2015,both,65-69,chinese,259.7
2015,both,65-69,indian,55.2
2015,both,65-69,other_citizen,3.5
2015,both,65-69,other_noncitizen,20
2015,both,70-74,overall,460.9
2015,both,70-74,bumi_malay,204.3
2015,both,70-74,bumi_other,46.4
2015,both,70-74,chinese,168.6
2015,both,70-74,indian,28.5
2015,both,70-74,other_citizen,2.3
2015,both,70-74,other_noncitizen,10.8
2015,both,75-79,overall,319.6
2015,both,75-79,bumi_malay,141.8
2015,both,75-79,bumi_other,28.1
2015,both,75-79,chinese,121.1
2015,both,75-79,indian,19.6
2015,both,75-79,other_citizen,1.3
2015,both,75-79,other_noncitizen,7.5
2015,both,80-84,overall,158.3
2015,both,80-84,bumi_malay,67.1
2015,both,80-84,bumi_other,17.2
2015,both,80-84,chinese,56.9
2015,both,80-84,indian,10.9
2015,both,80-84,other_citizen,0.7
2015,both,80-84,other_noncitizen,5.3
2015,both,85+,overall,134.1
2015,both,85+,bumi_malay,62.2
2015,both,85+,bumi_other,15
2015,both,85+,chinese,40.3
2015,both,85+,indian,8.4
2015,both,85+,other_citizen,0.6
2015,both,85+,other_noncitizen,7.4
2015,female,overall,overall,15074
2015,female,overall,bumi_malay,7722
2015,female,overall,bumi_other,1792.2
2015,female,overall,chinese,3217.1
2015,female,overall,indian,995.5
2015,female,overall,other_citizen,132.4
2015,female,overall,other_noncitizen,1214.9
2015,female,0-4,overall,1257.3
2015,female,0-4,bumi_malay,763.4
2015,female,0-4,bumi_other,159.6
2015,female,0-4,chinese,180.8
2015,female,0-4,indian,60.8
2015,female,0-4,other_citizen,21.5
2015,female,0-4,other_noncitizen,71.1
2015,female,09-May,overall,1224.1
2015,female,09-May,bumi_malay,708.2
2015,female,09-May,bumi_other,184.9
2015,female,09-May,chinese,208.6
2015,female,09-May,indian,74.5
2015,female,09-May,other_citizen,17.2
2015,female,09-May,other_noncitizen,30.7
2015,female,14-Oct,overall,1292.3
2015,female,14-Oct,bumi_malay,741.2
2015,female,14-Oct,bumi_other,188.2
2015,female,14-Oct,chinese,239.7
2015,female,14-Oct,indian,82.4
2015,female,14-Oct,other_citizen,14.6
2015,female,14-Oct,other_noncitizen,26.3
2015,female,15-19,overall,1374.1
2015,female,15-19,bumi_malay,732.1
2015,female,15-19,bumi_other,183.4
2015,female,15-19,chinese,252.5
2015,female,15-19,indian,85.9
2015,female,15-19,other_citizen,13
2015,female,15-19,other_noncitizen,107.3
2015,female,20-24,overall,1532.9
2015,female,20-24,bumi_malay,747.3
2015,female,20-24,bumi_other,185.3
2015,female,20-24,chinese,266.6
2015,female,20-24,indian,89.6
2015,female,20-24,other_citizen,12.7
2015,female,20-24,other_noncitizen,231.4
2015,female,25-29,overall,1467.1
2015,female,25-29,bumi_malay,701.1
2015,female,25-29,bumi_other,165.8
2015,female,25-29,chinese,267.2
2015,female,25-29,indian,88.1
2015,female,25-29,other_citizen,11.7
2015,female,25-29,other_noncitizen,233.3
2015,female,30-34,overall,1289.8
2015,female,30-34,bumi_malay,623.7
2015,female,30-34,bumi_other,150.5
2015,female,30-34,chinese,263.2
2015,female,30-34,indian,87.2
2015,female,30-34,other_citizen,9.6
2015,female,30-34,other_noncitizen,155.7
2015,female,35-39,overall,1019.3
2015,female,35-39,bumi_malay,475.5
2015,female,35-39,bumi_other,110.1
2015,female,35-39,chinese,229.9
2015,female,35-39,indian,71.6
2015,female,35-39,other_citizen,6.7
2015,female,35-39,other_noncitizen,125.5
2015,female,40-44,overall,925.2
2015,female,40-44,bumi_malay,437.8
2015,female,40-44,bumi_other,103.1
2015,female,40-44,chinese,223.3
2015,female,40-44,indian,66.7
2015,female,40-44,other_citizen,5.6
2015,female,40-44,other_noncitizen,88.6
2015,female,45-49,overall,859.1
2015,female,45-49,bumi_malay,415.4
2015,female,45-49,bumi_other,93.3
2015,female,45-49,chinese,226.2
2015,female,45-49,indian,65.8
2015,female,45-49,other_citizen,5.3
2015,female,45-49,other_noncitizen,53.2
2015,female,50-54,overall,755.6
2015,female,50-54,bumi_malay,371.9
2015,female,50-54,bumi_other,79
2015,female,50-54,chinese,204
2015,female,50-54,indian,61.5
2015,female,50-54,other_citizen,4.6
2015,female,50-54,other_noncitizen,34.7
2015,female,55-59,overall,641.5
2015,female,55-59,bumi_malay,318.5
2015,female,55-59,bumi_other,61.5
2015,female,55-59,chinese,183
2015,female,55-59,indian,53.9
2015,female,55-59,other_citizen,3.6
2015,female,55-59,other_noncitizen,21
2015,female,60-64,overall,496.3
2015,female,60-64,bumi_malay,245.6
2015,female,60-64,bumi_other,41.4
2015,female,60-64,chinese,152.8
2015,female,60-64,indian,40.5
2015,female,60-64,other_citizen,2.4
2015,female,60-64,other_noncitizen,13.6
2015,female,65-69,overall,378.4
2015,female,65-69,bumi_malay,179.7
2015,female,65-69,bumi_other,31.7
2015,female,65-69,chinese,126.5
2015,female,65-69,indian,29.7
2015,female,65-69,other_citizen,1.7
2015,female,65-69,other_noncitizen,9
2015,female,70-74,overall,235.9
2015,female,70-74,bumi_malay,109.5
2015,female,70-74,bumi_other,23.3
2015,female,70-74,chinese,82
2015,female,70-74,indian,15.5
2015,female,70-74,other_citizen,1.1
2015,female,70-74,other_noncitizen,4.4
2015,female,75-79,overall,168.4
2015,female,75-79,bumi_malay,78.6
2015,female,75-79,bumi_other,14.4
2015,female,75-79,chinese,60.3
2015,female,75-79,indian,10.9
2015,female,75-79,other_citizen,0.7
2015,female,75-79,other_noncitizen,3.4
2015,female,80-84,overall,84.8
2015,female,80-84,bumi_malay,37.3
2015,female,80-84,bumi_other,9
2015,female,80-84,chinese,29.5
2015,female,80-84,indian,6.2
2015,female,80-84,other_citizen,0.3
2015,female,80-84,other_noncitizen,2.4
2015,female,85+,overall,72.2
2015,female,85+,bumi_malay,35.2
2015,female,85+,bumi_other,7.7
2015,female,85+,chinese,21
2015,female,85+,indian,4.7
2015,female,85+,other_citizen,0.3
2015,female,85+,other_noncitizen,3.1
2015,male,overall,overall,16112.1
2015,male,overall,bumi_malay,7826.8
2015,male,overall,bumi_other,1841.9
2015,male,overall,chinese,3401.6
2015,male,overall,indian,990.9
2015,male,overall,other_citizen,139.7
2015,male,overall,other_noncitizen,1911.3
2015,male,0-4,overall,1344.4
2015,male,0-4,bumi_malay,812.6
2015,male,0-4,bumi_other,171
2015,male,0-4,chinese,197.3
2015,male,0-4,indian,64.9
2015,male,0-4,other_citizen,22.7
2015,male,0-4,other_noncitizen,75.9
2015,male,09-May,overall,1294.3
2015,male,09-May,bumi_malay,750.7
2015,male,09-May,bumi_other,191.6
2015,male,09-May,chinese,223.5
2015,male,09-May,indian,76.3
2015,male,09-May,other_citizen,18.6
2015,male,09-May,other_noncitizen,33.6
2015,male,14-Oct,overall,1363.5
2015,male,14-Oct,bumi_malay,781.4
2015,male,14-Oct,bumi_other,196.3
2015,male,14-Oct,chinese,254.7
2015,male,14-Oct,indian,86.1
2015,male,14-Oct,other_citizen,15.7
2015,male,14-Oct,other_noncitizen,29.4
2015,male,15-19,overall,1472.6
2015,male,15-19,bumi_malay,767.7
2015,male,15-19,bumi_other,189.7
2015,male,15-19,chinese,266.7
2015,male,15-19,indian,89
2015,male,15-19,other_citizen,15
2015,male,15-19,other_noncitizen,144.5
2015,male,20-24,overall,1692.6
2015,male,20-24,bumi_malay,763.8
2015,male,20-24,bumi_other,188.1
2015,male,20-24,chinese,281.6
2015,male,20-24,indian,89
2015,male,20-24,other_citizen,13.3
2015,male,20-24,other_noncitizen,356.8
2015,male,25-29,overall,1668.8
2015,male,25-29,bumi_malay,702.3
2015,male,25-29,bumi_other,160.8
2015,male,25-29,chinese,267.8
2015,male,25-29,indian,92.6
2015,male,25-29,other_citizen,12
2015,male,25-29,other_noncitizen,433.4
2015,male,30-34,overall,1441.4
2015,male,30-34,bumi_malay,630.7
2015,male,30-34,bumi_other,146.8
2015,male,30-34,chinese,270.5
2015,male,30-34,indian,88.4
2015,male,30-34,other_citizen,9.7
2015,male,30-34,other_noncitizen,295.4
2015,male,35-39,overall,1138.9
2015,male,35-39,bumi_malay,490.7
2015,male,35-39,bumi_other,112.2
2015,male,35-39,chinese,249.9
2015,male,35-39,indian,75.7
2015,male,35-39,other_citizen,6.4
2015,male,35-39,other_noncitizen,203.9
2015,male,40-44,overall,973.6
2015,male,40-44,bumi_malay,432.4
2015,male,40-44,bumi_other,103.5
2015,male,40-44,chinese,239.3
2015,male,40-44,indian,65.6
2015,male,40-44,other_citizen,4.9
2015,male,40-44,other_noncitizen,127.9
2015,male,45-49,overall,868.8
2015,male,45-49,bumi_malay,396.7
2015,male,45-49,bumi_other,95.8
2015,male,45-49,chinese,230.1
2015,male,45-49,indian,61
2015,male,45-49,other_citizen,4.8
2015,male,45-49,other_noncitizen,80.4
2015,male,50-54,overall,804.7
2015,male,50-54,bumi_malay,373.2
2015,male,50-54,bumi_other,86.6
2015,male,50-54,chinese,228.3
2015,male,50-54,indian,60.2
2015,male,50-54,other_citizen,4.6
2015,male,50-54,other_noncitizen,51.7
2015,male,55-59,overall,662.7
2015,male,55-59,bumi_malay,308
2015,male,55-59,bumi_other,68.3
2015,male,55-59,chinese,201.2
2015,male,55-59,indian,49.8
2015,male,55-59,other_citizen,4.4
2015,male,55-59,other_noncitizen,30.9
2015,male,60-64,overall,504.1
2015,male,60-64,bumi_malay,234.6
2015,male,60-64,bumi_other,47.4
2015,male,60-64,chinese,163.6
2015,male,60-64,indian,36.6
2015,male,60-64,other_citizen,3.2
2015,male,60-64,other_noncitizen,18.7
2015,male,65-69,overall,370.2
2015,male,65-69,bumi_malay,167.2
2015,male,65-69,bumi_other,31.5
2015,male,65-69,chinese,133.2
2015,male,65-69,indian,25.5
2015,male,65-69,other_citizen,1.8
2015,male,65-69,other_noncitizen,11
2015,male,70-74,overall,225
2015,male,70-74,bumi_malay,94.8
2015,male,70-74,bumi_other,23.1
2015,male,70-74,chinese,86.6
2015,male,70-74,indian,13
2015,male,70-74,other_citizen,1.2
2015,male,70-74,other_noncitizen,6.4
2015,male,75-79,overall,151.2
2015,male,75-79,bumi_malay,63.2
2015,male,75-79,bumi_other,13.7
2015,male,75-79,chinese,60.8
2015,male,75-79,indian,8.7
2015,male,75-79,other_citizen,0.6
2015,male,75-79,other_noncitizen,4.1
2015,male,80-84,overall,73.5
2015,male,80-84,bumi_malay,29.8
2015,male,80-84,bumi_other,8.2
2015,male,80-84,chinese,27.4
2015,male,80-84,indian,4.7
2015,male,80-84,other_citizen,0.4
2015,male,80-84,other_noncitizen,2.9
2015,male,85+,overall,61.9
2015,male,85+,bumi_malay,27
2015,male,85+,bumi_other,7.3
2015,male,85+,chinese,19.3
2015,male,85+,indian,3.7
2015,male,85+,other_citizen,0.3
2015,male,85+,other_noncitizen,4.3
2016,both,overall,overall,31633.5
2016,both,overall,bumi_malay,15796.3
2016,both,overall,bumi_other,3688.9
2016,both,overall,chinese,6645.7
2016,both,overall,indian,1991.6
2016,both,overall,other_citizen,280.9
2016,both,overall,other_noncitizen,3230
2016,both,0-4,overall,2630.4
2016,both,0-4,bumi_malay,1609.6
2016,both,0-4,bumi_other,335.5
2016,both,0-4,chinese,371.6
2016,both,0-4,indian,121.3
2016,both,0-4,other_citizen,42.9
2016,both,0-4,other_noncitizen,149.5
2016,both,09-May,overall,2513.4
2016,both,09-May,bumi_malay,1465.5
2016,both,09-May,bumi_other,365.3
2016,both,09-May,chinese,417
2016,both,09-May,indian,146.4
2016,both,09-May,other_citizen,39
2016,both,09-May,other_noncitizen,80.2
2016,both,14-Oct,overall,2616
2016,both,14-Oct,bumi_malay,1502.5
2016,both,14-Oct,bumi_other,382.4
2016,both,14-Oct,chinese,478.4
2016,both,14-Oct,indian,164.3
2016,both,14-Oct,other_citizen,31.2
2016,both,14-Oct,other_noncitizen,57.1
2016,both,15-19,overall,2862.7
2016,both,15-19,bumi_malay,1508.8
2016,both,15-19,bumi_other,375.2
2016,both,15-19,chinese,517.9
2016,both,15-19,indian,173.5
2016,both,15-19,other_citizen,28.6
2016,both,15-19,other_noncitizen,258.6
2016,both,20-24,overall,3244.6
2016,both,20-24,bumi_malay,1510.4
2016,both,20-24,bumi_other,377.8
2016,both,20-24,chinese,544
2016,both,20-24,indian,176.9
2016,both,20-24,other_citizen,26.3
2016,both,20-24,other_noncitizen,609.2
2016,both,25-29,overall,3189.4
2016,both,25-29,bumi_malay,1427.8
2016,both,25-29,bumi_other,332.3
2016,both,25-29,chinese,539.3
2016,both,25-29,indian,180
2016,both,25-29,other_citizen,24.2
2016,both,25-29,other_noncitizen,685.9
2016,both,30-34,overall,2797.8
2016,both,30-34,bumi_malay,1294.1
2016,both,30-34,bumi_other,306.9
2016,both,30-34,chinese,535.8
2016,both,30-34,indian,177.2
2016,both,30-34,other_citizen,20.4
2016,both,30-34,other_noncitizen,463.2
2016,both,35-39,overall,2236.9
2016,both,35-39,bumi_malay,1011.4
2016,both,35-39,bumi_other,234.2
2016,both,35-39,chinese,488.3
2016,both,35-39,indian,151.7
2016,both,35-39,other_citizen,14.6
2016,both,35-39,other_noncitizen,336.5
2016,both,40-44,overall,1918.5
2016,both,40-44,bumi_malay,879.2
2016,both,40-44,bumi_other,208.4
2016,both,40-44,chinese,464.1
2016,both,40-44,indian,133.1
2016,both,40-44,other_citizen,10.8
2016,both,40-44,other_noncitizen,222.8
2016,both,45-49,overall,1741.4
2016,both,45-49,bumi_malay,819.7
2016,both,45-49,bumi_other,191.1
2016,both,45-49,chinese,457
2016,both,45-49,indian,126.5
2016,both,45-49,other_citizen,10
2016,both,45-49,other_noncitizen,137
2016,both,50-54,overall,1585.1
2016,both,50-54,bumi_malay,757.2
2016,both,50-54,bumi_other,170.6
2016,both,50-54,chinese,436.4
2016,both,50-54,indian,122.4
2016,both,50-54,other_citizen,9.3
2016,both,50-54,other_noncitizen,89.3
2016,both,55-59,overall,1345.4
2016,both,55-59,bumi_malay,646
2016,both,55-59,bumi_other,136.9
2016,both,55-59,chinese,393
2016,both,55-59,indian,107.1
2016,both,55-59,other_citizen,8.2
2016,both,55-59,other_noncitizen,54.3
2016,both,60-64,overall,1040.8
2016,both,60-64,bumi_malay,499.2
2016,both,60-64,bumi_other,95.9
2016,both,60-64,chinese,325.4
2016,both,60-64,indian,80.2
2016,both,60-64,other_citizen,6
2016,both,60-64,other_noncitizen,33.9
2016,both,65-69,overall,785
2016,both,65-69,bumi_malay,367.4
2016,both,65-69,bumi_other,65
2016,both,65-69,chinese,269.3
2016,both,65-69,indian,58.8
2016,both,65-69,other_citizen,3.8
2016,both,65-69,other_noncitizen,20.9
2016,both,70-74,overall,490
2016,both,70-74,bumi_malay,217
2016,both,70-74,bumi_other,47.8
2016,both,70-74,chinese,179.8
2016,both,70-74,indian,31.7
2016,both,70-74,other_citizen,2.5
2016,both,70-74,other_noncitizen,11.2
2016,both,75-79,overall,330.7
2016,both,75-79,bumi_malay,146.5
2016,both,75-79,bumi_other,29.8
2016,both,75-79,chinese,125.5
2016,both,75-79,indian,20.1
2016,both,75-79,other_citizen,1.4
2016,both,75-79,other_noncitizen,7.4
2016,both,80-84,overall,166.9
2016,both,80-84,bumi_malay,70.3
2016,both,80-84,bumi_other,17.3
2016,both,80-84,chinese,61.9
2016,both,80-84,indian,11.3
2016,both,80-84,other_citizen,0.7
2016,both,80-84,other_noncitizen,5.6
2016,both,85+,overall,138.7
2016,both,85+,bumi_malay,63.7
2016,both,85+,bumi_other,16.5
2016,both,85+,chinese,41.1
2016,both,85+,indian,9.1
2016,both,85+,other_citizen,0.8
2016,both,85+,other_noncitizen,7.5
2016,female,overall,overall,15287.2
2016,female,overall,bumi_malay,7844
2016,female,overall,bumi_other,1818.5
2016,female,overall,chinese,3232.2
2016,female,overall,indian,1000
2016,female,overall,other_citizen,136.7
2016,female,overall,other_noncitizen,1255.7
2016,female,0-4,overall,1270.4
2016,female,0-4,bumi_malay,778.9
2016,female,0-4,bumi_other,161.6
2016,female,0-4,chinese,178.4
2016,female,0-4,indian,58.3
2016,female,0-4,other_citizen,21
2016,female,0-4,other_noncitizen,72.1
2016,female,09-May,overall,1218.1
2016,female,09-May,bumi_malay,709.5
2016,female,09-May,bumi_other,179.1
2016,female,09-May,chinese,200.4
2016,female,09-May,indian,71.9
2016,female,09-May,other_citizen,18.8
2016,female,09-May,other_noncitizen,38.5
2016,female,14-Oct,overall,1273.1
2016,female,14-Oct,bumi_malay,730.7
2016,female,14-Oct,bumi_other,187.9
2016,female,14-Oct,chinese,231.8
2016,female,14-Oct,indian,80.6
2016,female,14-Oct,other_citizen,15
2016,female,14-Oct,other_noncitizen,27
2016,female,15-19,overall,1381
2016,female,15-19,bumi_malay,737.2
2016,female,15-19,bumi_other,183.2
2016,female,15-19,chinese,252.3
2016,female,15-19,indian,85.1
2016,female,15-19,other_citizen,13.2
2016,female,15-19,other_noncitizen,110
2016,female,20-24,overall,1540.8
2016,female,20-24,bumi_malay,745.8
2016,female,20-24,bumi_other,187
2016,female,20-24,chinese,264.3
2016,female,20-24,indian,89.2
2016,female,20-24,other_citizen,12.7
2016,female,20-24,other_noncitizen,241.8
2016,female,25-29,overall,1487.4
2016,female,25-29,bumi_malay,713
2016,female,25-29,bumi_other,167.7
2016,female,25-29,chinese,267.1
2016,female,25-29,indian,88.6
2016,female,25-29,other_citizen,11.9
2016,female,25-29,other_noncitizen,239.1
2016,female,30-34,overall,1324.2
2016,female,30-34,bumi_malay,645
2016,female,30-34,bumi_other,155.8
2016,female,30-34,chinese,265.8
2016,female,30-34,indian,87.7
2016,female,30-34,other_citizen,10.1
2016,female,30-34,other_noncitizen,159.6
2016,female,35-39,overall,1057.3
2016,female,35-39,bumi_malay,497.6
2016,female,35-39,bumi_other,116.3
2016,female,35-39,chinese,235
2016,female,35-39,indian,74.5
2016,female,35-39,other_citizen,7.3
2016,female,35-39,other_noncitizen,126.5
2016,female,40-44,overall,930.7
2016,female,40-44,bumi_malay,440.2
2016,female,40-44,bumi_other,104.2
2016,female,40-44,chinese,223.2
2016,female,40-44,indian,66.4
2016,female,40-44,other_citizen,5.7
2016,female,40-44,other_noncitizen,90.9
2016,female,45-49,overall,867.7
2016,female,45-49,bumi_malay,419.9
2016,female,45-49,bumi_other,94.7
2016,female,45-49,chinese,226.8
2016,female,45-49,indian,66.1
2016,female,45-49,other_citizen,5.3
2016,female,45-49,other_noncitizen,54.8
2016,female,50-54,overall,773
2016,female,50-54,bumi_malay,380.1
2016,female,50-54,bumi_other,81.7
2016,female,50-54,chinese,208.3
2016,female,50-54,indian,62.2
2016,female,50-54,other_citizen,4.7
2016,female,50-54,other_noncitizen,36.1
2016,female,55-59,overall,660.4
2016,female,55-59,bumi_malay,326.7
2016,female,55-59,bumi_other,65.3
2016,female,55-59,chinese,186.8
2016,female,55-59,indian,55.6
2016,female,55-59,other_citizen,3.8
2016,female,55-59,other_noncitizen,22.2
2016,female,60-64,overall,517.6
2016,female,60-64,bumi_malay,256.5
2016,female,60-64,bumi_other,44.8
2016,female,60-64,chinese,157.3
2016,female,60-64,indian,42.1
2016,female,60-64,other_citizen,2.6
2016,female,60-64,other_noncitizen,14.2
2016,female,65-69,overall,397
2016,female,65-69,bumi_malay,189.9
2016,female,65-69,bumi_other,32.6
2016,female,65-69,chinese,131.6
2016,female,65-69,indian,31.7
2016,female,65-69,other_citizen,1.8
2016,female,65-69,other_noncitizen,9.4
2016,female,70-74,overall,251.7
2016,female,70-74,bumi_malay,116.8
2016,female,70-74,bumi_other,23.8
2016,female,70-74,chinese,88
2016,female,70-74,indian,17.3
2016,female,70-74,other_citizen,1.2
2016,female,70-74,other_noncitizen,4.6
2016,female,75-79,overall,174.4
2016,female,75-79,bumi_malay,81.4
2016,female,75-79,bumi_other,15.3
2016,female,75-79,chinese,62.5
2016,female,75-79,indian,11.2
2016,female,75-79,other_citizen,0.7
2016,female,75-79,other_noncitizen,3.3
2016,female,80-84,overall,89.2
2016,female,80-84,bumi_malay,39.1
2016,female,80-84,bumi_other,9
2016,female,80-84,chinese,32
2016,female,80-84,indian,6.4
2016,female,80-84,other_citizen,0.3
2016,female,80-84,other_noncitizen,2.5
2016,female,85+,overall,73.4
2016,female,85+,bumi_malay,35.7
2016,female,85+,bumi_other,8.5
2016,female,85+,chinese,20.6
2016,female,85+,indian,5.1
2016,female,85+,other_citizen,0.4
2016,female,85+,other_noncitizen,3.1
2016,male,overall,overall,16346.3
2016,male,overall,bumi_malay,7952.3
2016,male,overall,bumi_other,1870.4
2016,male,overall,chinese,3413.5
2016,male,overall,indian,991.5
2016,male,overall,other_citizen,144.2
2016,male,overall,other_noncitizen,1974.4
2016,male,0-4,overall,1360
2016,male,0-4,bumi_malay,830.7
2016,male,0-4,bumi_other,173.9
2016,male,0-4,chinese,193.2
2016,male,0-4,indian,63
2016,male,0-4,other_citizen,21.8
2016,male,0-4,other_noncitizen,77.3
2016,male,09-May,overall,1295.4
2016,male,09-May,bumi_malay,756
2016,male,09-May,bumi_other,186.2
2016,male,09-May,chinese,216.6
2016,male,09-May,indian,74.5
2016,male,09-May,other_citizen,20.3
2016,male,09-May,other_noncitizen,41.7
2016,male,14-Oct,overall,1342.9
2016,male,14-Oct,bumi_malay,771.8
2016,male,14-Oct,bumi_other,194.5
2016,male,14-Oct,chinese,246.6
2016,male,14-Oct,indian,83.7
2016,male,14-Oct,other_citizen,16.2
2016,male,14-Oct,other_noncitizen,30.1
2016,male,15-19,overall,1481.7
2016,male,15-19,bumi_malay,771.6
2016,male,15-19,bumi_other,192
2016,male,15-19,chinese,265.6
2016,male,15-19,indian,88.4
2016,male,15-19,other_citizen,15.4
2016,male,15-19,other_noncitizen,148.5
2016,male,20-24,overall,1703.8
2016,male,20-24,bumi_malay,764.6
2016,male,20-24,bumi_other,190.8
2016,male,20-24,chinese,279.7
2016,male,20-24,indian,87.7
2016,male,20-24,other_citizen,13.6
2016,male,20-24,other_noncitizen,367.4
2016,male,25-29,overall,1702
2016,male,25-29,bumi_malay,714.8
2016,male,25-29,bumi_other,164.6
2016,male,25-29,chinese,272.2
2016,male,25-29,indian,91.4
2016,male,25-29,other_citizen,12.3
2016,male,25-29,other_noncitizen,446.8
2016,male,30-34,overall,1473.6
2016,male,30-34,bumi_malay,649.1
2016,male,30-34,bumi_other,151.1
2016,male,30-34,chinese,270
2016,male,30-34,indian,89.5
2016,male,30-34,other_citizen,10.3
2016,male,30-34,other_noncitizen,303.6
2016,male,35-39,overall,1179.6
2016,male,35-39,bumi_malay,513.8
2016,male,35-39,bumi_other,117.9
2016,male,35-39,chinese,253.3
2016,male,35-39,indian,77.2
2016,male,35-39,other_citizen,7.3
2016,male,35-39,other_noncitizen,210
2016,male,40-44,overall,987.8
2016,male,40-44,bumi_malay,439
2016,male,40-44,bumi_other,104.2
2016,male,40-44,chinese,240.9
2016,male,40-44,indian,66.7
2016,male,40-44,other_citizen,5.1
2016,male,40-44,other_noncitizen,131.9
2016,male,45-49,overall,873.7
2016,male,45-49,bumi_malay,399.8
2016,male,45-49,bumi_other,96.4
2016,male,45-49,chinese,230.2
2016,male,45-49,indian,60.4
2016,male,45-49,other_citizen,4.7
2016,male,45-49,other_noncitizen,82.2
2016,male,50-54,overall,812.1
2016,male,50-54,bumi_malay,377.1
2016,male,50-54,bumi_other,88.9
2016,male,50-54,chinese,228.1
2016,male,50-54,indian,60.2
2016,male,50-54,other_citizen,4.6
2016,male,50-54,other_noncitizen,53.2
2016,male,55-59,overall,685
2016,male,55-59,bumi_malay,319.3
2016,male,55-59,bumi_other,71.6
2016,male,55-59,chinese,206.2
2016,male,55-59,indian,51.5
2016,male,55-59,other_citizen,4.4
2016,male,55-59,other_noncitizen,32.1
2016,male,60-64,overall,523.2
2016,male,60-64,bumi_malay,242.7
2016,male,60-64,bumi_other,51.1
2016,male,60-64,chinese,168.1
2016,male,60-64,indian,38.1
2016,male,60-64,other_citizen,3.4
2016,male,60-64,other_noncitizen,19.7
2016,male,65-69,overall,388
2016,male,65-69,bumi_malay,177.5
2016,male,65-69,bumi_other,32.4
2016,male,65-69,chinese,137.7
2016,male,65-69,indian,27.1
2016,male,65-69,other_citizen,2
2016,male,65-69,other_noncitizen,11.5
2016,male,70-74,overall,238.3
2016,male,70-74,bumi_malay,100.2
2016,male,70-74,bumi_other,24
2016,male,70-74,chinese,91.8
2016,male,70-74,indian,14.4
2016,male,70-74,other_citizen,1.3
2016,male,70-74,other_noncitizen,6.6
2016,male,75-79,overall,156.3
2016,male,75-79,bumi_malay,65.1
2016,male,75-79,bumi_other,14.5
2016,male,75-79,chinese,63
2016,male,75-79,indian,8.9
2016,male,75-79,other_citizen,0.7
2016,male,75-79,other_noncitizen,4.1
2016,male,80-84,overall,77.7
2016,male,80-84,bumi_malay,31.2
2016,male,80-84,bumi_other,8.3
2016,male,80-84,chinese,29.9
2016,male,80-84,indian,4.9
2016,male,80-84,other_citizen,0.4
2016,male,80-84,other_noncitizen,3.1
2016,male,85+,overall,65.3
2016,male,85+,bumi_malay,28
2016,male,85+,bumi_other,8
2016,male,85+,chinese,20.5
2016,male,85+,indian,4
2016,male,85+,other_citizen,0.4
2016,male,85+,other_noncitizen,4.4
2017,both,overall,overall,32022.6
2017,both,overall,bumi_malay,16045.1
2017,both,overall,bumi_other,3735.9
2017,both,overall,chinese,6665.3
2017,both,overall,indian,2001.1
2017,both,overall,other_citizen,287.7
2017,both,overall,other_noncitizen,3287.5
2017,both,0-4,overall,2613.7
2017,both,0-4,bumi_malay,1623.4
2017,both,0-4,bumi_other,330.6
2017,both,0-4,chinese,355.4
2017,both,0-4,indian,116.6
2017,both,0-4,other_citizen,42.1
2017,both,0-4,other_noncitizen,145.6
2017,both,09-May,overall,2533.7
2017,both,09-May,bumi_malay,1488.8
2017,both,09-May,bumi_other,358.7
2017,both,09-May,chinese,408.1
2017,both,09-May,indian,142.2
2017,both,09-May,other_citizen,40.4
2017,both,09-May,other_noncitizen,95.6
2017,both,14-Oct,overall,2580.8
2017,both,14-Oct,bumi_malay,1482.9
2017,both,14-Oct,bumi_other,380.7
2017,both,14-Oct,chinese,465.8
2017,both,14-Oct,indian,160.7
2017,both,14-Oct,other_citizen,32.5
2017,both,14-Oct,other_noncitizen,58.1
2017,both,15-19,overall,2871.1
2017,both,15-19,bumi_malay,1518.3
2017,both,15-19,bumi_other,376.4
2017,both,15-19,chinese,513.2
2017,both,15-19,indian,172.7
2017,both,15-19,other_citizen,28.7
2017,both,15-19,other_noncitizen,261.9
2017,both,20-24,overall,3244.8
2017,both,20-24,bumi_malay,1508.9
2017,both,20-24,bumi_other,378
2017,both,20-24,chinese,537.8
2017,both,20-24,indian,176
2017,both,20-24,other_citizen,26.7
2017,both,20-24,other_noncitizen,617.3
2017,both,25-29,overall,3238.7
2017,both,25-29,bumi_malay,1452.8
2017,both,25-29,bumi_other,341.9
2017,both,25-29,chinese,542.7
2017,both,25-29,indian,179.8
2017,both,25-29,other_citizen,24.7
2017,both,25-29,other_noncitizen,696.8
2017,both,30-34,overall,2841.7
2017,both,30-34,bumi_malay,1325.7
2017,both,30-34,bumi_other,311.5
2017,both,30-34,chinese,536.1
2017,both,30-34,indian,178.2
2017,both,30-34,other_citizen,21.4
2017,both,30-34,other_noncitizen,468.8
2017,both,35-39,overall,2334.6
2017,both,35-39,bumi_malay,1068.5
2017,both,35-39,bumi_other,250.4
2017,both,35-39,chinese,499.7
2017,both,35-39,indian,158.2
2017,both,35-39,other_citizen,15.7
2017,both,35-39,other_noncitizen,342
2017,both,40-44,overall,1933.3
2017,both,40-44,bumi_malay,887.6
2017,both,40-44,bumi_other,208.8
2017,both,40-44,chinese,464.8
2017,both,40-44,indian,134.5
2017,both,40-44,other_citizen,11.4
2017,both,40-44,other_noncitizen,226.2
2017,both,45-49,overall,1755.4
2017,both,45-49,bumi_malay,827.8
2017,both,45-49,bumi_other,194.8
2017,both,45-49,chinese,457.2
2017,both,45-49,indian,126.8
2017,both,45-49,other_citizen,10
2017,both,45-49,other_noncitizen,138.9
2017,both,50-54,overall,1604.4
2017,both,50-54,bumi_malay,767.6
2017,both,50-54,bumi_other,173.7
2017,both,50-54,chinese,440
2017,both,50-54,indian,122.5
2017,both,50-54,other_citizen,9.6
2017,both,50-54,other_noncitizen,91
2017,both,55-59,overall,1383.8
2017,both,55-59,bumi_malay,664.9
2017,both,55-59,bumi_other,143.6
2017,both,55-59,chinese,400.9
2017,both,55-59,indian,110
2017,both,55-59,other_citizen,8.4
2017,both,55-59,other_noncitizen,56.1
2017,both,60-64,overall,1085.1
2017,both,60-64,bumi_malay,520.2
2017,both,60-64,bumi_other,103.2
2017,both,60-64,chinese,335.6
2017,both,60-64,indian,84.1
2017,both,60-64,other_citizen,6.4
2017,both,60-64,other_noncitizen,35.6
2017,both,65-69,overall,815.7
2017,both,65-69,bumi_malay,384.4
2017,both,65-69,bumi_other,68
2017,both,65-69,chinese,276.3
2017,both,65-69,indian,61.4
2017,both,65-69,other_citizen,4
2017,both,65-69,other_noncitizen,21.5
2017,both,70-74,overall,527.9
2017,both,70-74,bumi_malay,235
2017,both,70-74,bumi_other,48.9
2017,both,70-74,chinese,193.9
2017,both,70-74,indian,35.7
2017,both,70-74,other_citizen,2.6
2017,both,70-74,other_noncitizen,11.8
2017,both,75-79,overall,334.9
2017,both,75-79,bumi_malay,148.4
2017,both,75-79,bumi_other,31.4
2017,both,75-79,chinese,126.5
2017,both,75-79,indian,20
2017,both,75-79,other_citizen,1.6
2017,both,75-79,other_noncitizen,7.1
2017,both,80-84,overall,180.5
2017,both,80-84,bumi_malay,74.6
2017,both,80-84,bumi_other,18
2017,both,80-84,chinese,69.5
2017,both,80-84,indian,12
2017,both,80-84,other_citizen,0.8
2017,both,80-84,other_noncitizen,5.6
2017,both,85+,overall,142.6
2017,both,85+,bumi_malay,65.3
2017,both,85+,bumi_other,17.3
2017,both,85+,chinese,41.7
2017,both,85+,indian,9.6
2017,both,85+,other_citizen,1
2017,both,85+,other_noncitizen,7.6
2017,female,overall,overall,15479.8
2017,female,overall,bumi_malay,7969.4
2017,female,overall,bumi_other,1842.1
2017,female,overall,chinese,3243.9
2017,female,overall,indian,1006
2017,female,overall,other_citizen,140.2
2017,female,overall,other_noncitizen,1278.3
2017,female,0-4,overall,1263.5
2017,female,0-4,bumi_malay,785.9
2017,female,0-4,bumi_other,159.4
2017,female,0-4,chinese,171.3
2017,female,0-4,indian,56.2
2017,female,0-4,other_citizen,20.5
2017,female,0-4,other_noncitizen,70.2
2017,female,09-May,overall,1225.8
2017,female,09-May,bumi_malay,719.9
2017,female,09-May,bumi_other,175.3
2017,female,09-May,chinese,195.7
2017,female,09-May,indian,69.5
2017,female,09-May,other_citizen,19.5
2017,female,09-May,other_noncitizen,45.9
2017,female,14-Oct,overall,1255.8
2017,female,14-Oct,bumi_malay,721.3
2017,female,14-Oct,bumi_other,186.8
2017,female,14-Oct,chinese,225.3
2017,female,14-Oct,indian,79.1
2017,female,14-Oct,other_citizen,15.7
2017,female,14-Oct,other_noncitizen,27.6
2017,female,15-19,overall,1383.5
2017,female,15-19,bumi_malay,741.1
2017,female,15-19,bumi_other,184
2017,female,15-19,chinese,249.6
2017,female,15-19,indian,84.4
2017,female,15-19,other_citizen,13.4
2017,female,15-19,other_noncitizen,111.1
2017,female,20-24,overall,1537.5
2017,female,20-24,bumi_malay,743.6
2017,female,20-24,bumi_other,186.6
2017,female,20-24,chinese,261.3
2017,female,20-24,indian,88.5
2017,female,20-24,other_citizen,12.7
2017,female,20-24,other_noncitizen,244.8
2017,female,25-29,overall,1507.3
2017,female,25-29,bumi_malay,724.3
2017,female,25-29,bumi_other,171.8
2017,female,25-29,chinese,267.2
2017,female,25-29,indian,89.3
2017,female,25-29,other_citizen,12.2
2017,female,25-29,other_noncitizen,242.5
2017,female,30-34,overall,1348.1
2017,female,30-34,bumi_malay,662.7
2017,female,30-34,bumi_other,158.5
2017,female,30-34,chinese,267.1
2017,female,30-34,indian,87.8
2017,female,30-34,other_citizen,10.6
2017,female,30-34,other_noncitizen,161.4
2017,female,35-39,overall,1108.5
2017,female,35-39,bumi_malay,526.5
2017,female,35-39,bumi_other,125.5
2017,female,35-39,chinese,241.8
2017,female,35-39,indian,78.3
2017,female,35-39,other_citizen,7.9
2017,female,35-39,other_noncitizen,128.5
2017,female,40-44,overall,933.8
2017,female,40-44,bumi_malay,442.7
2017,female,40-44,bumi_other,103.9
2017,female,40-44,chinese,223
2017,female,40-44,indian,66.6
2017,female,40-44,other_citizen,5.9
2017,female,40-44,other_noncitizen,91.7
2017,female,45-49,overall,874
2017,female,45-49,bumi_malay,423.7
2017,female,45-49,bumi_other,96.9
2017,female,45-49,chinese,225.9
2017,female,45-49,indian,66.2
2017,female,45-49,other_citizen,5.4
2017,female,45-49,other_noncitizen,56
2017,female,50-54,overall,790
2017,female,50-54,bumi_malay,388.5
2017,female,50-54,bumi_other,83.8
2017,female,50-54,chinese,212.9
2017,female,50-54,indian,62.9
2017,female,50-54,other_citizen,4.9
2017,female,50-54,other_noncitizen,37
2017,female,55-59,overall,677.9
2017,female,55-59,bumi_malay,335
2017,female,55-59,bumi_other,68.7
2017,female,55-59,chinese,190
2017,female,55-59,indian,56.9
2017,female,55-59,other_citizen,4
2017,female,55-59,other_noncitizen,23.3
2017,female,60-64,overall,541.1
2017,female,60-64,bumi_malay,268.3
2017,female,60-64,bumi_other,48.4
2017,female,60-64,chinese,162.3
2017,female,60-64,indian,44.4
2017,female,60-64,other_citizen,2.8
2017,female,60-64,other_noncitizen,14.9
2017,female,65-69,overall,412.8
2017,female,65-69,bumi_malay,198.8
2017,female,65-69,bumi_other,33.7
2017,female,65-69,chinese,135.5
2017,female,65-69,indian,33.1
2017,female,65-69,other_citizen,1.9
2017,female,65-69,other_noncitizen,9.7
2017,female,70-74,overall,272.4
2017,female,70-74,bumi_malay,126.6
2017,female,70-74,bumi_other,24.5
2017,female,70-74,chinese,95.5
2017,female,70-74,indian,19.6
2017,female,70-74,other_citizen,1.3
2017,female,70-74,other_noncitizen,4.9
2017,female,75-79,overall,176.8
2017,female,75-79,bumi_malay,82.4
2017,female,75-79,bumi_other,16.2
2017,female,75-79,chinese,63.2
2017,female,75-79,indian,11.2
2017,female,75-79,other_citizen,0.8
2017,female,75-79,other_noncitizen,3.1
2017,female,80-84,overall,96.7
2017,female,80-84,bumi_malay,41.9
2017,female,80-84,bumi_other,9.3
2017,female,80-84,chinese,35.8
2017,female,80-84,indian,6.7
2017,female,80-84,other_citizen,0.4
2017,female,80-84,other_noncitizen,2.5
2017,female,85+,overall,74.3
2017,female,85+,bumi_malay,36.2
2017,female,85+,bumi_other,8.8
2017,female,85+,chinese,20.3
2017,female,85+,indian,5.4
2017,female,85+,other_citizen,0.5
2017,female,85+,other_noncitizen,3.1
2017,male,overall,overall,16542.7
2017,male,overall,bumi_malay,8075.7
2017,male,overall,bumi_other,1893.8
2017,male,overall,chinese,3421.4
2017,male,overall,indian,995.1
2017,male,overall,other_citizen,147.6
2017,male,overall,other_noncitizen,2009.3
2017,male,0-4,overall,1350.1
2017,male,0-4,bumi_malay,837.5
2017,male,0-4,bumi_other,171.2
2017,male,0-4,chinese,184.1
2017,male,0-4,indian,60.4
2017,male,0-4,other_citizen,21.5
2017,male,0-4,other_noncitizen,75.4
2017,male,09-May,overall,1307.9
2017,male,09-May,bumi_malay,768.9
2017,male,09-May,bumi_other,183.4
2017,male,09-May,chinese,212.3
2017,male,09-May,indian,72.7
2017,male,09-May,other_citizen,20.9
2017,male,09-May,other_noncitizen,49.7
2017,male,14-Oct,overall,1324.9
2017,male,14-Oct,bumi_malay,761.6
2017,male,14-Oct,bumi_other,193.9
2017,male,14-Oct,chinese,240.5
2017,male,14-Oct,indian,81.6
2017,male,14-Oct,other_citizen,16.9
2017,male,14-Oct,other_noncitizen,30.4
2017,male,15-19,overall,1487.6
2017,male,15-19,bumi_malay,777.2
2017,male,15-19,bumi_other,192.4
2017,male,15-19,chinese,263.6
2017,male,15-19,indian,88.3
2017,male,15-19,other_citizen,15.3
2017,male,15-19,other_noncitizen,150.8
2017,male,20-24,overall,1707.3
2017,male,20-24,bumi_malay,765.3
2017,male,20-24,bumi_other,191.4
2017,male,20-24,chinese,276.5
2017,male,20-24,indian,87.5
2017,male,20-24,other_citizen,14
2017,male,20-24,other_noncitizen,372.5
2017,male,25-29,overall,1731.4
2017,male,25-29,bumi_malay,728.5
2017,male,25-29,bumi_other,170.1
2017,male,25-29,chinese,275.5
2017,male,25-29,indian,90.5
2017,male,25-29,other_citizen,12.5
2017,male,25-29,other_noncitizen,454.3
2017,male,30-34,overall,1493.6
2017,male,30-34,bumi_malay,663
2017,male,30-34,bumi_other,153
2017,male,30-34,chinese,269
2017,male,30-34,indian,90.4
2017,male,30-34,other_citizen,10.8
2017,male,30-34,other_noncitizen,307.4
2017,male,35-39,overall,1226.1
2017,male,35-39,bumi_malay,542
2017,male,35-39,bumi_other,124.9
2017,male,35-39,chinese,257.9
2017,male,35-39,indian,79.9
2017,male,35-39,other_citizen,7.8
2017,male,35-39,other_noncitizen,213.5
2017,male,40-44,overall,999.5
2017,male,40-44,bumi_malay,444.9
2017,male,40-44,bumi_other,104.9
2017,male,40-44,chinese,241.8
2017,male,40-44,indian,67.9
2017,male,40-44,other_citizen,5.5
2017,male,40-44,other_noncitizen,134.5
2017,male,45-49,overall,881.4
2017,male,45-49,bumi_malay,404.1
2017,male,45-49,bumi_other,97.9
2017,male,45-49,chinese,231.3
2017,male,45-49,indian,60.6
2017,male,45-49,other_citizen,4.6
2017,male,45-49,other_noncitizen,82.9
2017,male,50-54,overall,814.4
2017,male,50-54,bumi_malay,379.1
2017,male,50-54,bumi_other,89.9
2017,male,50-54,chinese,227.1
2017,male,50-54,indian,59.6
2017,male,50-54,other_citizen,4.7
2017,male,50-54,other_noncitizen,54
2017,male,55-59,overall,705.9
2017,male,55-59,bumi_malay,329.9
2017,male,55-59,bumi_other,74.9
2017,male,55-59,chinese,210.9
2017,male,55-59,indian,53.1
2017,male,55-59,other_citizen,4.4
2017,male,55-59,other_noncitizen,32.8
2017,male,60-64,overall,544
2017,male,60-64,bumi_malay,251.9
2017,male,60-64,bumi_other,54.8
2017,male,60-64,chinese,173.3
2017,male,60-64,indian,39.7
2017,male,60-64,other_citizen,3.6
2017,male,60-64,other_noncitizen,20.7
2017,male,65-69,overall,402.9
2017,male,65-69,bumi_malay,185.6
2017,male,65-69,bumi_other,34.3
2017,male,65-69,chinese,140.8
2017,male,65-69,indian,28.3
2017,male,65-69,other_citizen,2.1
2017,male,65-69,other_noncitizen,11.8
2017,male,70-74,overall,255.5
2017,male,70-74,bumi_malay,108.4
2017,male,70-74,bumi_other,24.4
2017,male,70-74,chinese,98.4
2017,male,70-74,indian,16.1
2017,male,70-74,other_citizen,1.3
2017,male,70-74,other_noncitizen,6.9
2017,male,75-79,overall,158.1
2017,male,75-79,bumi_malay,66
2017,male,75-79,bumi_other,15.2
2017,male,75-79,chinese,63.3
2017,male,75-79,indian,8.8
2017,male,75-79,other_citizen,0.8
2017,male,75-79,other_noncitizen,4
2017,male,80-84,overall,83.8
2017,male,80-84,bumi_malay,32.7
2017,male,80-84,bumi_other,8.7
2017,male,80-84,chinese,33.7
2017,male,80-84,indian,5.3
2017,male,80-84,other_citizen,0.4
2017,male,80-84,other_noncitizen,3.1
2017,male,85+,overall,68.3
2017,male,85+,bumi_malay,29.1
2017,male,85+,bumi_other,8.5
2017,male,85+,chinese,21.4
2017,male,85+,indian,4.2
2017,male,85+,other_citizen,0.5
2017,male,85+,other_noncitizen,4.5
2018,both,overall,overall,32382.3
2018,both,overall,bumi_malay,16292
2018,both,overall,bumi_other,3783.3
2018,both,overall,chinese,6682.1
2018,both,overall,indian,2008.3
2018,both,overall,other_citizen,293.7
2018,both,overall,other_noncitizen,3322.7
2018,both,0-4,overall,2595.3
2018,both,0-4,bumi_malay,1641.8
2018,both,0-4,bumi_other,326.6
2018,both,0-4,chinese,334.5
2018,both,0-4,indian,113.5
2018,both,0-4,other_citizen,40.7
2018,both,0-4,other_noncitizen,138.3
2018,both,09-May,overall,2560.5
2018,both,09-May,bumi_malay,1516.5
2018,both,09-May,bumi_other,349.9
2018,both,09-May,chinese,401.8
2018,both,09-May,indian,137.3
2018,both,09-May,other_citizen,42
2018,both,09-May,other_noncitizen,112.9
2018,both,14-Oct,overall,2549.9
2018,both,14-Oct,bumi_malay,1466.5
2018,both,14-Oct,bumi_other,379.7
2018,both,14-Oct,chinese,454.5
2018,both,14-Oct,indian,157
2018,both,14-Oct,other_citizen,33.6
2018,both,14-Oct,other_noncitizen,58.6
2018,both,15-19,overall,2871.9
2018,both,15-19,bumi_malay,1521.6
2018,both,15-19,bumi_other,378.1
2018,both,15-19,chinese,508.3
2018,both,15-19,indian,171.3
2018,both,15-19,other_citizen,28.9
2018,both,15-19,other_noncitizen,263.8
2018,both,20-24,overall,3232.5
2018,both,20-24,bumi_malay,1502.8
2018,both,20-24,bumi_other,376.5
2018,both,20-24,chinese,530.7
2018,both,20-24,indian,174.9
2018,both,20-24,other_citizen,27.1
2018,both,20-24,other_noncitizen,620.5
2018,both,25-29,overall,3281.8
2018,both,25-29,bumi_malay,1474.8
2018,both,25-29,bumi_other,353.5
2018,both,25-29,chinese,545.9
2018,both,25-29,indian,178.9
2018,both,25-29,other_citizen,25.1
2018,both,25-29,other_noncitizen,703.5
2018,both,30-34,overall,2868.9
2018,both,30-34,bumi_malay,1349.1
2018,both,30-34,bumi_other,314.9
2018,both,30-34,chinese,534.6
2018,both,30-34,indian,178
2018,both,30-34,other_citizen,22.1
2018,both,30-34,other_noncitizen,470.2
2018,both,35-39,overall,2438.7
2018,both,35-39,bumi_malay,1132.8
2018,both,35-39,bumi_other,267.5
2018,both,35-39,chinese,512
2018,both,35-39,indian,164.3
2018,both,35-39,other_citizen,16.8
2018,both,35-39,other_noncitizen,345.3
2018,both,40-44,overall,1951
2018,both,40-44,bumi_malay,898.5
2018,both,40-44,bumi_other,210.2
2018,both,40-44,chinese,466.4
2018,both,40-44,indian,136.3
2018,both,40-44,other_citizen,12.1
2018,both,40-44,other_noncitizen,227.6
2018,both,45-49,overall,1768.9
2018,both,45-49,bumi_malay,836.6
2018,both,45-49,bumi_other,198
2018,both,45-49,chinese,457.1
2018,both,45-49,indian,127.3
2018,both,45-49,other_citizen,10
2018,both,45-49,other_noncitizen,140
2018,both,50-54,overall,1619.5
2018,both,50-54,bumi_malay,775.3
2018,both,50-54,bumi_other,177.1
2018,both,50-54,chinese,443.2
2018,both,50-54,indian,122.1
2018,both,50-54,other_citizen,9.7
2018,both,50-54,other_noncitizen,92.3
2018,both,55-59,overall,1418
2018,both,55-59,bumi_malay,682.1
2018,both,55-59,bumi_other,149.7
2018,both,55-59,chinese,407.8
2018,both,55-59,indian,112.3
2018,both,55-59,other_citizen,8.4
2018,both,55-59,other_noncitizen,57.6
2018,both,60-64,overall,1130.6
2018,both,60-64,bumi_malay,541.5
2018,both,60-64,bumi_other,110.2
2018,both,60-64,chinese,346.6
2018,both,60-64,indian,88
2018,both,60-64,other_citizen,6.8
2018,both,60-64,other_noncitizen,37.3
2018,both,65-69,overall,843.1
2018,both,65-69,bumi_malay,399.8
2018,both,65-69,bumi_other,71.3
2018,both,65-69,chinese,281.8
2018,both,65-69,indian,63.6
2018,both,65-69,other_citizen,4.3
2018,both,65-69,other_noncitizen,22.1
2018,both,70-74,overall,572.1
2018,both,70-74,bumi_malay,256.6
2018,both,70-74,bumi_other,50.7
2018,both,70-74,chinese,209.5
2018,both,70-74,indian,40.3
2018,both,70-74,other_citizen,2.7
2018,both,70-74,other_noncitizen,12.4
2018,both,75-79,overall,337.6
2018,both,75-79,bumi_malay,148.6
2018,both,75-79,bumi_other,33.3
2018,both,75-79,chinese,127.3
2018,both,75-79,indian,19.8
2018,both,75-79,other_citizen,1.6
2018,both,75-79,other_noncitizen,7
2018,both,80-84,overall,196.1
2018,both,80-84,bumi_malay,80.4
2018,both,80-84,bumi_other,18.4
2018,both,80-84,chinese,77.8
2018,both,80-84,indian,13
2018,both,80-84,other_citizen,0.8
2018,both,80-84,other_noncitizen,5.7
2018,both,85+,overall,145.8
2018,both,85+,bumi_malay,66.7
2018,both,85+,bumi_other,17.7
2018,both,85+,chinese,42.4
2018,both,85+,indian,10.3
2018,both,85+,other_citizen,1.1
2018,both,85+,other_noncitizen,7.8
2018,female,overall,overall,15660.8
2018,female,overall,bumi_malay,8093.5
2018,female,overall,bumi_other,1865.8
2018,female,overall,chinese,3254.8
2018,female,overall,indian,1010.9
2018,female,overall,other_citizen,143.2
2018,female,overall,other_noncitizen,1292.7
2018,female,0-4,overall,1256.5
2018,female,0-4,bumi_malay,795.5
2018,female,0-4,bumi_other,157.8
2018,female,0-4,chinese,161.5
2018,female,0-4,indian,55.3
2018,female,0-4,other_citizen,19.7
2018,female,0-4,other_noncitizen,66.6
2018,female,09-May,overall,1235.7
2018,female,09-May,bumi_malay,732.3
2018,female,09-May,bumi_other,169.9
2018,female,09-May,chinese,192.6
2018,female,09-May,indian,66.4
2018,female,09-May,other_citizen,20.4
2018,female,09-May,other_noncitizen,54
2018,female,14-Oct,overall,1241
2018,female,14-Oct,bumi_malay,713.2
2018,female,14-Oct,bumi_other,186.6
2018,female,14-Oct,chinese,219.6
2018,female,14-Oct,indian,77.5
2018,female,14-Oct,other_citizen,16.2
2018,female,14-Oct,other_noncitizen,28
2018,female,15-19,overall,1382.8
2018,female,15-19,bumi_malay,742.3
2018,female,15-19,bumi_other,184.6
2018,female,15-19,chinese,246.8
2018,female,15-19,indian,83.6
2018,female,15-19,other_citizen,13.7
2018,female,15-19,other_noncitizen,111.8
2018,female,20-24,overall,1528.4
2018,female,20-24,bumi_malay,739
2018,female,20-24,bumi_other,185.6
2018,female,20-24,chinese,258.1
2018,female,20-24,indian,87.4
2018,female,20-24,other_citizen,12.7
2018,female,20-24,other_noncitizen,245.7
2018,female,25-29,overall,1525.3
2018,female,25-29,bumi_malay,733.5
2018,female,25-29,bumi_other,177.1
2018,female,25-29,chinese,267.4
2018,female,25-29,indian,89.7
2018,female,25-29,other_citizen,12.4
2018,female,25-29,other_noncitizen,245
2018,female,30-34,overall,1362.9
2018,female,30-34,bumi_malay,676.3
2018,female,30-34,bumi_other,159.9
2018,female,30-34,chinese,266.9
2018,female,30-34,indian,87.3
2018,female,30-34,other_citizen,10.9
2018,female,30-34,other_noncitizen,161.6
2018,female,35-39,overall,1164.6
2018,female,35-39,bumi_malay,559.7
2018,female,35-39,bumi_other,135.2
2018,female,35-39,chinese,249.6
2018,female,35-39,indian,81.8
2018,female,35-39,other_citizen,8.4
2018,female,35-39,other_noncitizen,129.9
2018,female,40-44,overall,938.9
2018,female,40-44,bumi_malay,446.2
2018,female,40-44,bumi_other,104.2
2018,female,40-44,chinese,223.6
2018,female,40-44,indian,67.2
2018,female,40-44,other_citizen,6.2
2018,female,40-44,other_noncitizen,91.6
2018,female,45-49,overall,878.4
2018,female,45-49,bumi_malay,427
2018,female,45-49,bumi_other,98.8
2018,female,45-49,chinese,224.3
2018,female,45-49,indian,66.1
2018,female,45-49,other_citizen,5.4
2018,female,45-49,other_noncitizen,56.8
2018,female,50-54,overall,806
2018,female,50-54,bumi_malay,395.8
2018,female,50-54,bumi_other,86.4
2018,female,50-54,chinese,217.6
2018,female,50-54,indian,63.5
2018,female,50-54,other_citizen,5
2018,female,50-54,other_noncitizen,37.8
2018,female,55-59,overall,693.7
2018,female,55-59,bumi_malay,342.7
2018,female,55-59,bumi_other,71.7
2018,female,55-59,chinese,193
2018,female,55-59,indian,57.9
2018,female,55-59,other_citizen,4.1
2018,female,55-59,other_noncitizen,24.3
2018,female,60-64,overall,565.1
2018,female,60-64,bumi_malay,280
2018,female,60-64,bumi_other,52
2018,female,60-64,chinese,167.7
2018,female,60-64,indian,46.7
2018,female,60-64,other_citizen,3
2018,female,60-64,other_noncitizen,15.6
2018,female,65-69,overall,427.1
2018,female,65-69,bumi_malay,207.4
2018,female,65-69,bumi_other,34.8
2018,female,65-69,chinese,138.6
2018,female,65-69,indian,34.2
2018,female,65-69,other_citizen,2
2018,female,65-69,other_noncitizen,10
2018,female,70-74,overall,296.2
2018,female,70-74,bumi_malay,138
2018,female,70-74,bumi_other,25.6
2018,female,70-74,chinese,103.8
2018,female,70-74,indian,22.2
2018,female,70-74,other_citizen,1.4
2018,female,70-74,other_noncitizen,5.3
2018,female,75-79,overall,178.5
2018,female,75-79,bumi_malay,82.7
2018,female,75-79,bumi_other,17
2018,female,75-79,chinese,63.9
2018,female,75-79,indian,11
2018,female,75-79,other_citizen,0.8
2018,female,75-79,other_noncitizen,3
2018,female,80-84,overall,105.3
2018,female,80-84,bumi_malay,45.5
2018,female,80-84,bumi_other,9.7
2018,female,80-84,chinese,39.9
2018,female,80-84,indian,7.2
2018,female,80-84,other_citizen,0.4
2018,female,80-84,other_noncitizen,2.6
2018,female,85+,overall,74.5
2018,female,85+,bumi_malay,36.4
2018,female,85+,bumi_other,8.9
2018,female,85+,chinese,19.9
2018,female,85+,indian,5.7
2018,female,85+,other_citizen,0.5
2018,female,85+,other_noncitizen,3.2
2018,male,overall,overall,16721.4
2018,male,overall,bumi_malay,8198.5
2018,male,overall,bumi_other,1917.5
2018,male,overall,chinese,3427.3
2018,male,overall,indian,997.4
2018,male,overall,other_citizen,150.6
2018,male,overall,other_noncitizen,2030
2018,male,0-4,overall,1338.8
2018,male,0-4,bumi_malay,846.3
2018,male,0-4,bumi_other,168.8
2018,male,0-4,chinese,173
2018,male,0-4,indian,58.2
2018,male,0-4,other_citizen,20.9
2018,male,0-4,other_noncitizen,71.7
2018,male,09-May,overall,1324.8
2018,male,09-May,bumi_malay,784.2
2018,male,09-May,bumi_other,180
2018,male,09-May,chinese,209.2
2018,male,09-May,indian,70.9
2018,male,09-May,other_citizen,21.6
2018,male,09-May,other_noncitizen,58.9
2018,male,14-Oct,overall,1309
2018,male,14-Oct,bumi_malay,753.3
2018,male,14-Oct,bumi_other,193.1
2018,male,14-Oct,chinese,234.9
2018,male,14-Oct,indian,79.5
2018,male,14-Oct,other_citizen,17.5
2018,male,14-Oct,other_noncitizen,30.6
2018,male,15-19,overall,1489.2
2018,male,15-19,bumi_malay,779.3
2018,male,15-19,bumi_other,193.5
2018,male,15-19,chinese,261.5
2018,male,15-19,indian,87.7
2018,male,15-19,other_citizen,15.2
2018,male,15-19,other_noncitizen,152
2018,male,20-24,overall,1704.1
2018,male,20-24,bumi_malay,763.8
2018,male,20-24,bumi_other,190.9
2018,male,20-24,chinese,272.6
2018,male,20-24,indian,87.5
2018,male,20-24,other_citizen,14.4
2018,male,20-24,other_noncitizen,374.8
2018,male,25-29,overall,1756.5
2018,male,25-29,bumi_malay,741.3
2018,male,25-29,bumi_other,176.4
2018,male,25-29,chinese,278.5
2018,male,25-29,indian,89.2
2018,male,25-29,other_citizen,12.7
2018,male,25-29,other_noncitizen,458.5
2018,male,30-34,overall,1506
2018,male,30-34,bumi_malay,672.8
2018,male,30-34,bumi_other,155
2018,male,30-34,chinese,267.7
2018,male,30-34,indian,90.7
2018,male,30-34,other_citizen,11.2
2018,male,30-34,other_noncitizen,308.6
2018,male,35-39,overall,1274.1
2018,male,35-39,bumi_malay,573.1
2018,male,35-39,bumi_other,132.3
2018,male,35-39,chinese,262.4
2018,male,35-39,indian,82.5
2018,male,35-39,other_citizen,8.4
2018,male,35-39,other_noncitizen,215.4
2018,male,40-44,overall,1012.1
2018,male,40-44,bumi_malay,452.3
2018,male,40-44,bumi_other,106
2018,male,40-44,chinese,242.8
2018,male,40-44,indian,69.1
2018,male,40-44,other_citizen,5.9
2018,male,40-44,other_noncitizen,136
2018,male,45-49,overall,890.5
2018,male,45-49,bumi_malay,409.6
2018,male,45-49,bumi_other,99.2
2018,male,45-49,chinese,232.8
2018,male,45-49,indian,61.2
2018,male,45-49,other_citizen,4.6
2018,male,45-49,other_noncitizen,83.2
2018,male,50-54,overall,813.5
2018,male,50-54,bumi_malay,379.5
2018,male,50-54,bumi_other,90.7
2018,male,50-54,chinese,225.6
2018,male,50-54,indian,58.6
2018,male,50-54,other_citizen,4.7
2018,male,50-54,other_noncitizen,54.5
2018,male,55-59,overall,724.3
2018,male,55-59,bumi_malay,339.4
2018,male,55-59,bumi_other,78
2018,male,55-59,chinese,214.8
2018,male,55-59,indian,54.4
2018,male,55-59,other_citizen,4.3
2018,male,55-59,other_noncitizen,33.3
2018,male,60-64,overall,565.5
2018,male,60-64,bumi_malay,261.5
2018,male,60-64,bumi_other,58.2
2018,male,60-64,chinese,178.9
2018,male,60-64,indian,41.3
2018,male,60-64,other_citizen,3.8
2018,male,60-64,other_noncitizen,21.7
2018,male,65-69,overall,416
2018,male,65-69,bumi_malay,192.4
2018,male,65-69,bumi_other,36.5
2018,male,65-69,chinese,143.2
2018,male,65-69,indian,29.4
2018,male,65-69,other_citizen,2.3
2018,male,65-69,other_noncitizen,12.1
2018,male,70-74,overall,275.9
2018,male,70-74,bumi_malay,118.6
2018,male,70-74,bumi_other,25.1
2018,male,70-74,chinese,105.7
2018,male,70-74,indian,18.1
2018,male,70-74,other_citizen,1.3
2018,male,70-74,other_noncitizen,7.1
2018,male,75-79,overall,159.1
2018,male,75-79,bumi_malay,65.9
2018,male,75-79,bumi_other,16.3
2018,male,75-79,chinese,63.4
2018,male,75-79,indian,8.8
2018,male,75-79,other_citizen,0.8
2018,male,75-79,other_noncitizen,4
2018,male,80-84,overall,90.8
2018,male,80-84,bumi_malay,34.9
2018,male,80-84,bumi_other,8.7
2018,male,80-84,chinese,37.9
2018,male,80-84,indian,5.8
2018,male,80-84,other_citizen,0.4
2018,male,80-84,other_noncitizen,3.1
2018,male,85+,overall,71.3
2018,male,85+,bumi_malay,30.3
2018,male,85+,bumi_other,8.8
2018,male,85+,chinese,22.5
2018,male,85+,indian,4.6
2018,male,85+,other_citizen,0.6
2018,male,85+,other_noncitizen,4.6
2019,both,overall,overall,32523
2019,both,overall,bumi_malay,16534.7
2019,both,overall,bumi_other,3834.6
2019,both,overall,chinese,6698.6
2019,both,overall,indian,2014.8
2019,both,overall,other_citizen,299.7
2019,both,overall,other_noncitizen,3140.4
2019,both,0-4,overall,2580
2019,both,0-4,bumi_malay,1652.2
2019,both,0-4,bumi_other,324.9
2019,both,0-4,chinese,321.5
2019,both,0-4,indian,110.7
2019,both,0-4,other_citizen,39.7
2019,both,0-4,other_noncitizen,131.1
2019,both,09-May,overall,2545.3
2019,both,09-May,bumi_malay,1539.8
2019,both,09-May,bumi_other,338
2019,both,09-May,chinese,386.6
2019,both,09-May,indian,130.9
2019,both,09-May,other_citizen,42.9
2019,both,09-May,other_noncitizen,107.1
2019,both,14-Oct,overall,2527.2
2019,both,14-Oct,bumi_malay,1460.7
2019,both,14-Oct,bumi_other,379.3
2019,both,14-Oct,chinese,443.5
2019,both,14-Oct,indian,153.4
2019,both,14-Oct,other_citizen,34.5
2019,both,14-Oct,other_noncitizen,55.7
2019,both,15-19,overall,2857.6
2019,both,15-19,bumi_malay,1521.1
2019,both,15-19,bumi_other,382.2
2019,both,15-19,chinese,502.2
2019,both,15-19,indian,170.1
2019,both,15-19,other_citizen,29.4
2019,both,15-19,other_noncitizen,252.4
2019,both,20-24,overall,3181.1
2019,both,20-24,bumi_malay,1496.1
2019,both,20-24,bumi_other,373.9
2019,both,20-24,chinese,524.1
2019,both,20-24,indian,173.8
2019,both,20-24,other_citizen,27.5
2019,both,20-24,other_noncitizen,585.7
2019,both,25-29,overall,3270.6
2019,both,25-29,bumi_malay,1491.7
2019,both,25-29,bumi_other,364.1
2019,both,25-29,chinese,547.4
2019,both,25-29,indian,177.7
2019,both,25-29,other_citizen,25.4
2019,both,25-29,other_noncitizen,664.3
2019,both,30-34,overall,2870.1
2019,both,30-34,bumi_malay,1371.7
2019,both,30-34,bumi_other,319.9
2019,both,30-34,chinese,534.4
2019,both,30-34,indian,177.8
2019,both,30-34,other_citizen,22.8
2019,both,30-34,other_noncitizen,443.3
2019,both,35-39,overall,2512.8
2019,both,35-39,bumi_malay,1192.8
2019,both,35-39,bumi_other,283.6
2019,both,35-39,chinese,522.8
2019,both,35-39,indian,169.5
2019,both,35-39,other_citizen,18.1
2019,both,35-39,other_noncitizen,325.9
2019,both,40-44,overall,1970.6
2019,both,40-44,bumi_malay,920.4
2019,both,40-44,bumi_other,213
2019,both,40-44,chinese,470.2
2019,both,40-44,indian,139.3
2019,both,40-44,other_citizen,12.8
2019,both,40-44,other_noncitizen,214.8
2019,both,45-49,overall,1774.3
2019,both,45-49,bumi_malay,845.3
2019,both,45-49,bumi_other,201.5
2019,both,45-49,chinese,457.5
2019,both,45-49,indian,127.9
2019,both,45-49,other_citizen,10
2019,both,45-49,other_noncitizen,132.1
2019,both,50-54,overall,1627.3
2019,both,50-54,bumi_malay,782
2019,both,50-54,bumi_other,180.8
2019,both,50-54,chinese,445.9
2019,both,50-54,indian,121.9
2019,both,50-54,other_citizen,9.8
2019,both,50-54,other_noncitizen,87
2019,both,55-59,overall,1444.7
2019,both,55-59,bumi_malay,698.6
2019,both,55-59,bumi_other,155.5
2019,both,55-59,chinese,413.9
2019,both,55-59,indian,114
2019,both,55-59,other_citizen,8.6
2019,both,55-59,other_noncitizen,54.1
2019,both,60-64,overall,1171.4
2019,both,60-64,bumi_malay,563.1
2019,both,60-64,bumi_other,116.7
2019,both,60-64,chinese,357.4
2019,both,60-64,indian,92.1
2019,both,60-64,other_citizen,7.1
2019,both,60-64,other_noncitizen,35
2019,both,65-69,overall,870.2
2019,both,65-69,bumi_malay,414.9
2019,both,65-69,bumi_other,76.2
2019,both,65-69,chinese,287.7
2019,both,65-69,indian,65.9
2019,both,65-69,other_citizen,4.7
2019,both,65-69,other_noncitizen,20.8
2019,both,70-74,overall,612.7
2019,both,70-74,bumi_malay,277.8
2019,both,70-74,bumi_other,52.6
2019,both,70-74,chinese,223.5
2019,both,70-74,indian,44.4
2019,both,70-74,other_citizen,2.9
2019,both,70-74,other_noncitizen,11.7
2019,both,75-79,overall,346.9
2019,both,75-79,bumi_malay,150.7
2019,both,75-79,bumi_other,35.3
2019,both,75-79,chinese,131.7
2019,both,75-79,indian,20.8
2019,both,75-79,other_citizen,1.7
2019,both,75-79,other_noncitizen,6.5
2019,both,80-84,overall,210.1
2019,both,80-84,bumi_malay,87.3
2019,both,80-84,bumi_other,18.6
2019,both,80-84,chinese,84.5
2019,both,80-84,indian,13.5
2019,both,80-84,other_citizen,0.8
2019,both,80-84,other_noncitizen,5.3
2019,both,85+,overall,150.2
2019,both,85+,bumi_malay,68.5
2019,both,85+,bumi_other,18.5
2019,both,85+,chinese,43.9
2019,both,85+,indian,10.9
2019,both,85+,other_citizen,1
2019,both,85+,other_noncitizen,7.3
2019,female,overall,overall,15758.2
2019,female,overall,bumi_malay,8215.4
2019,female,overall,bumi_other,1891.3
2019,female,overall,chinese,3265.1
2019,female,overall,indian,1015.1
2019,female,overall,other_citizen,146.2
2019,female,overall,other_noncitizen,1225
2019,female,0-4,overall,1248.9
2019,female,0-4,bumi_malay,799.8
2019,female,0-4,bumi_other,157
2019,female,0-4,chinese,155.3
2019,female,0-4,indian,54.5
2019,female,0-4,other_citizen,19.2
2019,female,0-4,other_noncitizen,63.2
2019,female,09-May,overall,1227.5
2019,female,09-May,bumi_malay,744.5
2019,female,09-May,bumi_other,163
2019,female,09-May,chinese,185.1
2019,female,09-May,indian,62.8
2019,female,09-May,other_citizen,20.9
2019,female,09-May,other_noncitizen,51.3
2019,female,14-Oct,overall,1227.7
2019,female,14-Oct,bumi_malay,708.8
2019,female,14-Oct,bumi_other,186.2
2019,female,14-Oct,chinese,214
2019,female,14-Oct,indian,75.5
2019,female,14-Oct,other_citizen,16.6
2019,female,14-Oct,other_noncitizen,26.7
2019,female,15-19,overall,1377.4
2019,female,15-19,bumi_malay,741.8
2019,female,15-19,bumi_other,187.6
2019,female,15-19,chinese,243.6
2019,female,15-19,indian,83.2
2019,female,15-19,other_citizen,14.1
2019,female,15-19,other_noncitizen,107.2
2019,female,20-24,overall,1505.2
2019,female,20-24,bumi_malay,734.3
2019,female,20-24,bumi_other,184.1
2019,female,20-24,chinese,255.1
2019,female,20-24,indian,86.3
2019,female,20-24,other_citizen,12.7
2019,female,20-24,other_noncitizen,232.7
2019,female,25-29,overall,1524.4
2019,female,25-29,bumi_malay,741
2019,female,25-29,bumi_other,181.4
2019,female,25-29,chinese,267.2
2019,female,25-29,indian,89.7
2019,female,25-29,other_citizen,12.6
2019,female,25-29,other_noncitizen,232.6
2019,female,30-34,overall,1367.7
2019,female,30-34,bumi_malay,688.1
2019,female,30-34,bumi_other,162.2
2019,female,30-34,chinese,266.2
2019,female,30-34,indian,87.1
2019,female,30-34,other_citizen,11.3
2019,female,30-34,other_noncitizen,152.8
2019,female,35-39,overall,1208.8
2019,female,35-39,bumi_malay,591.8
2019,female,35-39,bumi_other,143.7
2019,female,35-39,chinese,256.7
2019,female,35-39,indian,84.6
2019,female,35-39,other_citizen,9
2019,female,35-39,other_noncitizen,122.8
2019,female,40-44,overall,948.3
2019,female,40-44,bumi_malay,455.4
2019,female,40-44,bumi_other,105.7
2019,female,40-44,chinese,225.6
2019,female,40-44,indian,68.6
2019,female,40-44,other_citizen,6.5
2019,female,40-44,other_noncitizen,86.5
2019,female,45-49,overall,878.4
2019,female,45-49,bumi_malay,429.8
2019,female,45-49,bumi_other,100.9
2019,female,45-49,chinese,222.9
2019,female,45-49,indian,65.8
2019,female,45-49,other_citizen,5.4
2019,female,45-49,other_noncitizen,53.6
2019,female,50-54,overall,817.1
2019,female,50-54,bumi_malay,401.7
2019,female,50-54,bumi_other,89.2
2019,female,50-54,chinese,221.4
2019,female,50-54,indian,64.1
2019,female,50-54,other_citizen,5.1
2019,female,50-54,other_noncitizen,35.6
2019,female,55-59,overall,708.1
2019,female,55-59,bumi_malay,351.6
2019,female,55-59,bumi_other,74.4
2019,female,55-59,chinese,196.3
2019,female,55-59,indian,58.7
2019,female,55-59,other_citizen,4.3
2019,female,55-59,other_noncitizen,22.8
2019,female,60-64,overall,586.3
2019,female,60-64,bumi_malay,291.1
2019,female,60-64,bumi_other,55.5
2019,female,60-64,chinese,172.8
2019,female,60-64,indian,49
2019,female,60-64,other_citizen,3.2
2019,female,60-64,other_noncitizen,14.6
2019,female,65-69,overall,441.7
2019,female,65-69,bumi_malay,216.4
2019,female,65-69,bumi_other,36.4
2019,female,65-69,chinese,141.9
2019,female,65-69,indian,35.4
2019,female,65-69,other_citizen,2.1
2019,female,65-69,other_noncitizen,9.4
2019,female,70-74,overall,318.2
2019,female,70-74,bumi_malay,149
2019,female,70-74,bumi_other,26.9
2019,female,70-74,chinese,111.4
2019,female,70-74,indian,24.6
2019,female,70-74,other_citizen,1.5
2019,female,70-74,other_noncitizen,5
2019,female,75-79,overall,183.9
2019,female,75-79,bumi_malay,84
2019,female,75-79,bumi_other,18.1
2019,female,75-79,chinese,66.5
2019,female,75-79,indian,11.6
2019,female,75-79,other_citizen,0.8
2019,female,75-79,other_noncitizen,2.8
2019,female,80-84,overall,113.1
2019,female,80-84,bumi_malay,49.7
2019,female,80-84,bumi_other,9.7
2019,female,80-84,chinese,43.4
2019,female,80-84,indian,7.5
2019,female,80-84,other_citizen,0.4
2019,female,80-84,other_noncitizen,2.4
2019,female,85+,overall,75.2
2019,female,85+,bumi_malay,36.6
2019,female,85+,bumi_other,9.3
2019,female,85+,chinese,19.9
2019,female,85+,indian,6
2019,female,85+,other_citizen,0.4
2019,female,85+,other_noncitizen,3
2019,male,overall,overall,16764.9
2019,male,overall,bumi_malay,8319.3
2019,male,overall,bumi_other,1943.3
2019,male,overall,chinese,3433.5
2019,male,overall,indian,999.7
2019,male,overall,other_citizen,153.5
2019,male,overall,other_noncitizen,1915.4
2019,male,0-4,overall,1331.1
2019,male,0-4,bumi_malay,852.4
2019,male,0-4,bumi_other,167.9
2019,male,0-4,chinese,166.2
2019,male,0-4,indian,56.3
2019,male,0-4,other_citizen,20.5
2019,male,0-4,other_noncitizen,67.9
2019,male,09-May,overall,1317.7
2019,male,09-May,bumi_malay,795.3
2019,male,09-May,bumi_other,175
2019,male,09-May,chinese,201.5
2019,male,09-May,indian,68.1
2019,male,09-May,other_citizen,22
2019,male,09-May,other_noncitizen,55.8
2019,male,14-Oct,overall,1299.4
2019,male,14-Oct,bumi_malay,751.9
2019,male,14-Oct,bumi_other,193.1
2019,male,14-Oct,chinese,229.5
2019,male,14-Oct,indian,78
2019,male,14-Oct,other_citizen,18
2019,male,14-Oct,other_noncitizen,29
2019,male,15-19,overall,1480.1
2019,male,15-19,bumi_malay,779.3
2019,male,15-19,bumi_other,194.6
2019,male,15-19,chinese,258.7
2019,male,15-19,indian,87
2019,male,15-19,other_citizen,15.3
2019,male,15-19,other_noncitizen,145.2
2019,male,20-24,overall,1675.9
2019,male,20-24,bumi_malay,761.8
2019,male,20-24,bumi_other,189.8
2019,male,20-24,chinese,269
2019,male,20-24,indian,87.5
2019,male,20-24,other_citizen,14.8
2019,male,20-24,other_noncitizen,353
2019,male,25-29,overall,1746.2
2019,male,25-29,bumi_malay,750.7
2019,male,25-29,bumi_other,182.7
2019,male,25-29,chinese,280.2
2019,male,25-29,indian,88
2019,male,25-29,other_citizen,12.8
2019,male,25-29,other_noncitizen,431.7
2019,male,30-34,overall,1502.4
2019,male,30-34,bumi_malay,683.6
2019,male,30-34,bumi_other,157.7
2019,male,30-34,chinese,268.2
2019,male,30-34,indian,90.7
2019,male,30-34,other_citizen,11.5
2019,male,30-34,other_noncitizen,290.5
2019,male,35-39,overall,1304
2019,male,35-39,bumi_malay,601
2019,male,35-39,bumi_other,139.9
2019,male,35-39,chinese,266.1
2019,male,35-39,indian,84.9
2019,male,35-39,other_citizen,9.1
2019,male,35-39,other_noncitizen,203.1
2019,male,40-44,overall,1022.3
2019,male,40-44,bumi_malay,465
2019,male,40-44,bumi_other,107.3
2019,male,40-44,chinese,244.6
2019,male,40-44,indian,70.7
2019,male,40-44,other_citizen,6.3
2019,male,40-44,other_noncitizen,128.3
2019,male,45-49,overall,895.9
2019,male,45-49,bumi_malay,415.5
2019,male,45-49,bumi_other,100.6
2019,male,45-49,chinese,234.6
2019,male,45-49,indian,62.1
2019,male,45-49,other_citizen,4.6
2019,male,45-49,other_noncitizen,78.5
2019,male,50-54,overall,810.2
2019,male,50-54,bumi_malay,380.3
2019,male,50-54,bumi_other,91.6
2019,male,50-54,chinese,224.5
2019,male,50-54,indian,57.8
2019,male,50-54,other_citizen,4.7
2019,male,50-54,other_noncitizen,51.4
2019,male,55-59,overall,736.6
2019,male,55-59,bumi_malay,347
2019,male,55-59,bumi_other,81.1
2019,male,55-59,chinese,217.6
2019,male,55-59,indian,55.3
2019,male,55-59,other_citizen,4.3
2019,male,55-59,other_noncitizen,31.3
2019,male,60-64,overall,585.1
2019,male,60-64,bumi_malay,272
2019,male,60-64,bumi_other,61.2
2019,male,60-64,chinese,184.6
2019,male,60-64,indian,43.1
2019,male,60-64,other_citizen,3.9
2019,male,60-64,other_noncitizen,20.4
2019,male,65-69,overall,428.5
2019,male,65-69,bumi_malay,198.5
2019,male,65-69,bumi_other,39.8
2019,male,65-69,chinese,145.8
2019,male,65-69,indian,30.5
2019,male,65-69,other_citizen,2.6
2019,male,65-69,other_noncitizen,11.4
2019,male,70-74,overall,294.5
2019,male,70-74,bumi_malay,128.8
2019,male,70-74,bumi_other,25.7
2019,male,70-74,chinese,112.1
2019,male,70-74,indian,19.8
2019,male,70-74,other_citizen,1.4
2019,male,70-74,other_noncitizen,6.7
2019,male,75-79,overall,163
2019,male,75-79,bumi_malay,66.7
2019,male,75-79,bumi_other,17.2
2019,male,75-79,chinese,65.2
2019,male,75-79,indian,9.2
2019,male,75-79,other_citizen,0.9
2019,male,75-79,other_noncitizen,3.7
2019,male,80-84,overall,97
2019,male,80-84,bumi_malay,37.6
2019,male,80-84,bumi_other,8.9
2019,male,80-84,chinese,41.1
2019,male,80-84,indian,6
2019,male,80-84,other_citizen,0.4
2019,male,80-84,other_noncitizen,2.9
2019,male,85+,overall,75
2019,male,85+,bumi_malay,31.9
2019,male,85+,bumi_other,9.2
2019,male,85+,chinese,24
2019,male,85+,indian,4.9
2019,male,85+,other_citizen,0.6
2019,male,85+,other_noncitizen,4.3
2020,both,overall,overall,32447.4
2020,both,overall,bumi_malay,16913
2020,both,overall,bumi_other,3736.5
2020,both,overall,chinese,6892.4
2020,both,overall,indian,1998.8
2020,both,overall,other_citizen,215.6
2020,both,overall,other_noncitizen,2691.1
2020,both,0-4,overall,2519.5
2020,both,0-4,bumi_malay,1477.8
2020,both,0-4,bumi_other,297.8
2020,both,0-4,chinese,412.3
2020,both,0-4,indian,124.9
2020,both,0-4,other_citizen,16.6
2020,both,0-4,other_noncitizen,190
2020,both,09-May,overall,2641.2
2020,both,09-May,bumi_malay,1508.2
2020,both,09-May,bumi_other,300.6
2020,both,09-May,chinese,512.3
2020,both,09-May,indian,152.3
2020,both,09-May,other_citizen,17.9
2020,both,09-May,other_noncitizen,149.9
2020,both,14-Oct,overall,2611.2
2020,both,14-Oct,bumi_malay,1412.8
2020,both,14-Oct,bumi_other,379.6
2020,both,14-Oct,chinese,564.4
2020,both,14-Oct,indian,169.1
2020,both,14-Oct,other_citizen,13.7
2020,both,14-Oct,other_noncitizen,71.6
2020,both,15-19,overall,2839.5
2020,both,15-19,bumi_malay,1640.8
2020,both,15-19,bumi_other,355.6
2020,both,15-19,chinese,513.7
2020,both,15-19,indian,167
2020,both,15-19,other_citizen,20.5
2020,both,15-19,other_noncitizen,141.9
2020,both,20-24,overall,2867
2020,both,20-24,bumi_malay,1485.9
2020,both,20-24,bumi_other,339.7
2020,both,20-24,chinese,485
2020,both,20-24,indian,159.3
2020,both,20-24,other_citizen,20.1
2020,both,20-24,other_noncitizen,376.9
2020,both,25-29,overall,2891.6
2020,both,25-29,bumi_malay,1383
2020,both,25-29,bumi_other,346.4
2020,both,25-29,chinese,488.5
2020,both,25-29,indian,160.2
2020,both,25-29,other_citizen,21.3
2020,both,25-29,other_noncitizen,492.2
2020,both,30-34,overall,2907.2
2020,both,30-34,bumi_malay,1458
2020,both,30-34,bumi_other,320.2
2020,both,30-34,chinese,529.2
2020,both,30-34,indian,169.1
2020,both,30-34,other_citizen,23.5
2020,both,30-34,other_noncitizen,407.2
2020,both,35-39,overall,2742.6
2020,both,35-39,bumi_malay,1373.2
2020,both,35-39,bumi_other,299.2
2020,both,35-39,chinese,578.3
2020,both,35-39,indian,175
2020,both,35-39,other_citizen,19.3
2020,both,35-39,other_noncitizen,297.5
2020,both,40-44,overall,2194.8
2020,both,40-44,bumi_malay,1085.5
2020,both,40-44,bumi_other,223.6
2020,both,40-44,chinese,524.6
2020,both,40-44,indian,149.8
2020,both,40-44,other_citizen,14.2
2020,both,40-44,other_noncitizen,197.1
2020,both,45-49,overall,1843.7
2020,both,45-49,bumi_malay,908.1
2020,both,45-49,bumi_other,199.6
2020,both,45-49,chinese,481.9
2020,both,45-49,indian,126.6
2020,both,45-49,other_citizen,11
2020,both,45-49,other_noncitizen,116.7
2020,both,50-54,overall,1586
2020,both,50-54,bumi_malay,789.3
2020,both,50-54,bumi_other,176.8
2020,both,50-54,chinese,435.9
2020,both,50-54,indian,111.8
2020,both,50-54,other_citizen,9.1
2020,both,50-54,other_noncitizen,63.1
2020,both,55-59,overall,1459.8
2020,both,55-59,bumi_malay,737.3
2020,both,55-59,bumi_other,151.9
2020,both,55-59,chinese,417
2020,both,55-59,indian,108.1
2020,both,55-59,other_citizen,7.9
2020,both,55-59,other_noncitizen,37.6
2020,both,60-64,overall,1152.1
2020,both,60-64,bumi_malay,573
2020,both,60-64,bumi_other,116.7
2020,both,60-64,chinese,347
2020,both,60-64,indian,84.9
2020,both,60-64,other_citizen,6.2
2020,both,60-64,other_noncitizen,24.3
2020,both,65-69,overall,917.4
2020,both,65-69,bumi_malay,469.2
2020,both,65-69,bumi_other,95.3
2020,both,65-69,chinese,231.7
2020,both,65-69,indian,61.8
2020,both,65-69,other_citizen,6.5
2020,both,65-69,other_noncitizen,52.9
2020,both,70-74,overall,611.4
2020,both,70-74,bumi_malay,306.4
2020,both,70-74,bumi_other,58.4
2020,both,70-74,chinese,174.2
2020,both,70-74,indian,40.6
2020,both,70-74,other_citizen,4
2020,both,70-74,other_noncitizen,28
2020,both,75-79,overall,329.3
2020,both,75-79,bumi_malay,155.6
2020,both,75-79,bumi_other,37.4
2020,both,75-79,chinese,100.1
2020,both,75-79,indian,18.8
2020,both,75-79,other_citizen,2
2020,both,75-79,other_noncitizen,15.4
2020,both,80-84,overall,194.6
2020,both,80-84,bumi_malay,87.7
2020,both,80-84,bumi_other,20.1
2020,both,80-84,chinese,62.6
2020,both,80-84,indian,11.2
2020,both,80-84,other_citizen,0.9
2020,both,80-84,other_noncitizen,12.2
2020,both,85+,overall,138.5
2020,both,85+,bumi_malay,61.2
2020,both,85+,bumi_other,17.6
2020,both,85+,chinese,33.8
2020,both,85+,indian,8.3
2020,both,85+,other_citizen,1
2020,both,85+,other_noncitizen,16.5
2020,female,overall,overall,15481.2
2020,female,overall,bumi_malay,8349.3
2020,female,overall,bumi_other,1848.5
2020,female,overall,chinese,3374.6
2020,female,overall,indian,991.3
2020,female,overall,other_citizen,98.9
2020,female,overall,other_noncitizen,818.6
2020,female,0-4,overall,1233
2020,female,0-4,bumi_malay,724.2
2020,female,0-4,bumi_other,144
2020,female,0-4,chinese,204.2
2020,female,0-4,indian,62.5
2020,female,0-4,other_citizen,8
2020,female,0-4,other_noncitizen,90
2020,female,09-May,overall,1273.1
2020,female,09-May,bumi_malay,728.9
2020,female,09-May,bumi_other,145.8
2020,female,09-May,chinese,245.8
2020,female,09-May,indian,73.2
2020,female,09-May,other_citizen,8.5
2020,female,09-May,other_noncitizen,70.8
2020,female,14-Oct,overall,1259.6
2020,female,14-Oct,bumi_malay,682.4
2020,female,14-Oct,bumi_other,184.9
2020,female,14-Oct,chinese,269.9
2020,female,14-Oct,indian,82.1
2020,female,14-Oct,other_citizen,6.4
2020,female,14-Oct,other_noncitizen,33.9
2020,female,15-19,overall,1350.9
2020,female,15-19,bumi_malay,787.1
2020,female,15-19,bumi_other,174.3
2020,female,15-19,chinese,245.9
2020,female,15-19,indian,79.9
2020,female,15-19,other_citizen,8.7
2020,female,15-19,other_noncitizen,54.9
2020,female,20-24,overall,1322.4
2020,female,20-24,bumi_malay,724.1
2020,female,20-24,bumi_other,169.6
2020,female,20-24,chinese,234.8
2020,female,20-24,indian,77.1
2020,female,20-24,other_citizen,8.9
2020,female,20-24,other_noncitizen,107.9
2020,female,25-29,overall,1310
2020,female,25-29,bumi_malay,687
2020,female,25-29,bumi_other,174.6
2020,female,25-29,chinese,241
2020,female,25-29,indian,79.8
2020,female,25-29,other_citizen,9.1
2020,female,25-29,other_noncitizen,118.5
2020,female,30-34,overall,1342.1
2020,female,30-34,bumi_malay,731
2020,female,30-34,bumi_other,162.2
2020,female,30-34,chinese,266
2020,female,30-34,indian,83.6
2020,female,30-34,other_citizen,9.9
2020,female,30-34,other_noncitizen,89.5
2020,female,35-39,overall,1278.2
2020,female,35-39,bumi_malay,678.9
2020,female,35-39,bumi_other,148.5
2020,female,35-39,chinese,286.4
2020,female,35-39,indian,85.1
2020,female,35-39,other_citizen,8.6
2020,female,35-39,other_noncitizen,70.7
2020,female,40-44,overall,1027.7
2020,female,40-44,bumi_malay,530.8
2020,female,40-44,bumi_other,111.8
2020,female,40-44,chinese,254.5
2020,female,40-44,indian,72.6
2020,female,40-44,other_citizen,6.7
2020,female,40-44,other_noncitizen,51.4
2020,female,45-49,overall,885.9
2020,female,45-49,bumi_malay,450
2020,female,45-49,bumi_other,100.9
2020,female,45-49,chinese,233.3
2020,female,45-49,indian,63.6
2020,female,45-49,other_citizen,5.5
2020,female,45-49,other_noncitizen,32.7
2020,female,50-54,overall,782
2020,female,50-54,bumi_malay,398.1
2020,female,50-54,bumi_other,87.5
2020,female,50-54,chinese,215.3
2020,female,50-54,indian,56.7
2020,female,50-54,other_citizen,4.5
2020,female,50-54,other_noncitizen,19.9
2020,female,55-59,overall,716.4
2020,female,55-59,bumi_malay,369.4
2020,female,55-59,bumi_other,75.6
2020,female,55-59,chinese,200.1
2020,female,55-59,indian,54.8
2020,female,55-59,other_citizen,3.8
2020,female,55-59,other_noncitizen,12.6
2020,female,60-64,overall,575.2
2020,female,60-64,bumi_malay,292.4
2020,female,60-64,bumi_other,56.7
2020,female,60-64,chinese,170.3
2020,female,60-64,indian,45
2020,female,60-64,other_citizen,2.8
2020,female,60-64,other_noncitizen,8.1
2020,female,65-69,overall,460.4
2020,female,65-69,bumi_malay,238.5
2020,female,65-69,bumi_other,44.8
2020,female,65-69,chinese,116.2
2020,female,65-69,indian,32.6
2020,female,65-69,other_citizen,3.1
2020,female,65-69,other_noncitizen,25.2
2020,female,70-74,overall,313.8
2020,female,70-74,bumi_malay,159.4
2020,female,70-74,bumi_other,29.7
2020,female,70-74,chinese,88.2
2020,female,70-74,indian,22.1
2020,female,70-74,other_citizen,2
2020,female,70-74,other_noncitizen,12.6
2020,female,75-79,overall,172.8
2020,female,75-79,bumi_malay,84.5
2020,female,75-79,bumi_other,18.6
2020,female,75-79,chinese,51.5
2020,female,75-79,indian,10.2
2020,female,75-79,other_citizen,1.2
2020,female,75-79,other_noncitizen,6.9
2020,female,80-84,overall,105.5
2020,female,80-84,bumi_malay,49.8
2020,female,80-84,bumi_other,10.3
2020,female,80-84,chinese,33.2
2020,female,80-84,indian,6.1
2020,female,80-84,other_citizen,0.5
2020,female,80-84,other_noncitizen,5.6
2020,female,85+,overall,72
2020,female,85+,bumi_malay,32.8
2020,female,85+,bumi_other,8.7
2020,female,85+,chinese,18.1
2020,female,85+,indian,4.6
2020,female,85+,other_citizen,0.5
2020,female,85+,other_noncitizen,7.3
2020,male,overall,overall,16966.2
2020,male,overall,bumi_malay,8563.7
2020,male,overall,bumi_other,1888.1
2020,male,overall,chinese,3517.8
2020,male,overall,indian,1007.4
2020,male,overall,other_citizen,116.7
2020,male,overall,other_noncitizen,1872.5
2020,male,0-4,overall,1286.4
2020,male,0-4,bumi_malay,753.6
2020,male,0-4,bumi_other,153.8
2020,male,0-4,chinese,208
2020,male,0-4,indian,62.4
2020,male,0-4,other_citizen,8.6
2020,male,0-4,other_noncitizen,100
2020,male,09-May,overall,1368.1
2020,male,09-May,bumi_malay,779.2
2020,male,09-May,bumi_other,154.8
2020,male,09-May,chinese,266.5
2020,male,09-May,indian,79.1
2020,male,09-May,other_citizen,9.3
2020,male,09-May,other_noncitizen,79.2
2020,male,14-Oct,overall,1351.6
2020,male,14-Oct,bumi_malay,730.5
2020,male,14-Oct,bumi_other,194.7
2020,male,14-Oct,chinese,294.5
2020,male,14-Oct,indian,87
2020,male,14-Oct,other_citizen,7.3
2020,male,14-Oct,other_noncitizen,37.7
2020,male,15-19,overall,1488.6
2020,male,15-19,bumi_malay,853.7
2020,male,15-19,bumi_other,181.3
2020,male,15-19,chinese,267.9
2020,male,15-19,indian,87.1
2020,male,15-19,other_citizen,11.8
2020,male,15-19,other_noncitizen,87
2020,male,20-24,overall,1544.6
2020,male,20-24,bumi_malay,761.8
2020,male,20-24,bumi_other,170
2020,male,20-24,chinese,250.2
2020,male,20-24,indian,82.3
2020,male,20-24,other_citizen,11.2
2020,male,20-24,other_noncitizen,269
2020,male,25-29,overall,1581.6
2020,male,25-29,bumi_malay,696
2020,male,25-29,bumi_other,171.8
2020,male,25-29,chinese,247.5
2020,male,25-29,indian,80.4
2020,male,25-29,other_citizen,12.2
2020,male,25-29,other_noncitizen,373.7
2020,male,30-34,overall,1565
2020,male,30-34,bumi_malay,727
2020,male,30-34,bumi_other,158
2020,male,30-34,chinese,263.2
2020,male,30-34,indian,85.5
2020,male,30-34,other_citizen,13.6
2020,male,30-34,other_noncitizen,317.6
2020,male,35-39,overall,1464.4
2020,male,35-39,bumi_malay,694.3
2020,male,35-39,bumi_other,150.7
2020,male,35-39,chinese,291.9
2020,male,35-39,indian,90
2020,male,35-39,other_citizen,10.7
2020,male,35-39,other_noncitizen,226.8
2020,male,40-44,overall,1167.1
2020,male,40-44,bumi_malay,554.7
2020,male,40-44,bumi_other,111.9
2020,male,40-44,chinese,270.1
2020,male,40-44,indian,77.2
2020,male,40-44,other_citizen,7.5
2020,male,40-44,other_noncitizen,145.7
2020,male,45-49,overall,957.8
2020,male,45-49,bumi_malay,458.1
2020,male,45-49,bumi_other,98.7
2020,male,45-49,chinese,248.6
2020,male,45-49,indian,63
2020,male,45-49,other_citizen,5.5
2020,male,45-49,other_noncitizen,83.9
2020,male,50-54,overall,804
2020,male,50-54,bumi_malay,391.2
2020,male,50-54,bumi_other,89.3
2020,male,50-54,chinese,220.6
2020,male,50-54,indian,55.1
2020,male,50-54,other_citizen,4.6
2020,male,50-54,other_noncitizen,43.2
2020,male,55-59,overall,743.4
2020,male,55-59,bumi_malay,367.8
2020,male,55-59,bumi_other,76.3
2020,male,55-59,chinese,216.8
2020,male,55-59,indian,53.3
2020,male,55-59,other_citizen,4
2020,male,55-59,other_noncitizen,25
2020,male,60-64,overall,576.8
2020,male,60-64,bumi_malay,280.6
2020,male,60-64,bumi_other,60
2020,male,60-64,chinese,176.7
2020,male,60-64,indian,39.9
2020,male,60-64,other_citizen,3.4
2020,male,60-64,other_noncitizen,16.2
2020,male,65-69,overall,457
2020,male,65-69,bumi_malay,230.7
2020,male,65-69,bumi_other,50.5
2020,male,65-69,chinese,115.5
2020,male,65-69,indian,29.3
2020,male,65-69,other_citizen,3.3
2020,male,65-69,other_noncitizen,27.7
2020,male,70-74,overall,297.6
2020,male,70-74,bumi_malay,147
2020,male,70-74,bumi_other,28.7
2020,male,70-74,chinese,86
2020,male,70-74,indian,18.5
2020,male,70-74,other_citizen,2
2020,male,70-74,other_noncitizen,15.4
2020,male,75-79,overall,156.5
2020,male,75-79,bumi_malay,71.1
2020,male,75-79,bumi_other,18.8
2020,male,75-79,chinese,48.7
2020,male,75-79,indian,8.6
2020,male,75-79,other_citizen,0.8
2020,male,75-79,other_noncitizen,8.5
2020,male,80-84,overall,89.2
2020,male,80-84,bumi_malay,37.9
2020,male,80-84,bumi_other,9.8
2020,male,80-84,chinese,29.4
2020,male,80-84,indian,5.2
2020,male,80-84,other_citizen,0.4
2020,male,80-84,other_noncitizen,6.6
2020,male,85+,overall,66.5
2020,male,85+,bumi_malay,28.4
2020,male,85+,bumi_other,8.9
2020,male,85+,chinese,15.7
2020,male,85+,indian,3.7
2020,male,85+,other_citizen,0.5
2020,male,85+,other_noncitizen,9.2
2021,both,overall,overall,32576.3
2021,both,overall,bumi_malay,17248.4
2021,both,overall,bumi_other,3654.1
2021,both,overall,chinese,6891.7
2021,both,overall,indian,2002.6
2021,both,overall,other_citizen,220.1
2021,both,overall,other_noncitizen,2559.5
2021,both,0-4,overall,2445.5
2021,both,0-4,bumi_malay,1485
2021,both,0-4,bumi_other,277.1
2021,both,0-4,chinese,367.6
2021,both,0-4,indian,116
2021,both,0-4,other_citizen,19.6
2021,both,0-4,other_noncitizen,180.3
2021,both,09-May,overall,2639.5
2021,both,09-May,bumi_malay,1530.9
2021,both,09-May,bumi_other,297.8
2021,both,09-May,chinese,503.6
2021,both,09-May,indian,147.4
2021,both,09-May,other_citizen,17.3
2021,both,09-May,other_noncitizen,142.5
2021,both,14-Oct,overall,2600.1
2021,both,14-Oct,bumi_malay,1446.3
2021,both,14-Oct,bumi_other,349.5
2021,both,14-Oct,chinese,552.8
2021,both,14-Oct,indian,168
2021,both,14-Oct,other_citizen,14.9
2021,both,14-Oct,other_noncitizen,68.6
2021,both,15-19,overall,2800.7
2021,both,15-19,bumi_malay,1601.5
2021,both,15-19,bumi_other,346.5
2021,both,15-19,chinese,529.4
2021,both,15-19,indian,168.6
2021,both,15-19,other_citizen,19
2021,both,15-19,other_noncitizen,135.6
2021,both,20-24,overall,2893
2021,both,20-24,bumi_malay,1540.2
2021,both,20-24,bumi_other,328.4
2021,both,20-24,chinese,486.8
2021,both,20-24,indian,159.3
2021,both,20-24,other_citizen,20
2021,both,20-24,other_noncitizen,358.2
2021,both,25-29,overall,2851.7
2021,both,25-29,bumi_malay,1387.5
2021,both,25-29,bumi_other,335.5
2021,both,25-29,chinese,482.4
2021,both,25-29,indian,157.8
2021,both,25-29,other_citizen,20.5
2021,both,25-29,other_noncitizen,467.9
2021,both,30-34,overall,2865.5
2021,both,30-34,bumi_malay,1453.7
2021,both,30-34,bumi_other,313.5
2021,both,30-34,chinese,520.5
2021,both,30-34,indian,167.2
2021,both,30-34,other_citizen,23.2
2021,both,30-34,other_noncitizen,387.5
2021,both,35-39,overall,2777.9
2021,both,35-39,bumi_malay,1425.7
2021,both,35-39,bumi_other,298.6
2021,both,35-39,chinese,574.4
2021,both,35-39,indian,175.6
2021,both,35-39,other_citizen,20.7
2021,both,35-39,other_noncitizen,282.8
2021,both,40-44,overall,2267.2
2021,both,40-44,bumi_malay,1144.5
2021,both,40-44,bumi_other,228.8
2021,both,40-44,chinese,535.9
2021,both,40-44,indian,155.5
2021,both,40-44,other_citizen,14.8
2021,both,40-44,other_noncitizen,187.7
2021,both,45-49,overall,1870.2
2021,both,45-49,bumi_malay,934.1
2021,both,45-49,bumi_other,197.4
2021,both,45-49,chinese,487.3
2021,both,45-49,indian,129
2021,both,45-49,other_citizen,11.4
2021,both,45-49,other_noncitizen,111
2021,both,50-54,overall,1605.5
2021,both,50-54,bumi_malay,806.5
2021,both,50-54,bumi_other,175.1
2021,both,50-54,chinese,441.8
2021,both,50-54,indian,112.8
2021,both,50-54,other_citizen,9.2
2021,both,50-54,other_noncitizen,60.2
2021,both,55-59,overall,1460.8
2021,both,55-59,bumi_malay,742.5
2021,both,55-59,bumi_other,152.3
2021,both,55-59,chinese,415
2021,both,55-59,indian,107.2
2021,both,55-59,other_citizen,7.9
2021,both,55-59,other_noncitizen,35.9
2021,both,60-64,overall,1208.7
2021,both,60-64,bumi_malay,607.3
2021,both,60-64,bumi_other,120.2
2021,both,60-64,chinese,362.3
2021,both,60-64,indian,89.2
2021,both,60-64,other_citizen,6.5
2021,both,60-64,other_noncitizen,23.1
2021,both,65-69,overall,951.3
2021,both,65-69,bumi_malay,484.3
2021,both,65-69,bumi_other,96.5
2021,both,65-69,chinese,249.5
2021,both,65-69,indian,64.6
2021,both,65-69,other_citizen,6.3
2021,both,65-69,other_noncitizen,50.2
2021,both,70-74,overall,645
2021,both,70-74,bumi_malay,330.4
2021,both,70-74,bumi_other,60.2
2021,both,70-74,chinese,180.2
2021,both,70-74,indian,43.2
2021,both,70-74,other_citizen,4.5
2021,both,70-74,other_noncitizen,26.5
2021,both,75-79,overall,353.6
2021,both,75-79,bumi_malay,171.9
2021,both,75-79,bumi_other,38.2
2021,both,75-79,chinese,105.7
2021,both,75-79,indian,21
2021,both,75-79,other_citizen,2.2
2021,both,75-79,other_noncitizen,14.5
2021,both,80-84,overall,201.2
2021,both,80-84,bumi_malay,92.4
2021,both,80-84,bumi_other,20.8
2021,both,80-84,chinese,63.9
2021,both,80-84,indian,11.6
2021,both,80-84,other_citizen,1
2021,both,80-84,other_noncitizen,11.5
2021,both,85+,overall,139.1
2021,both,85+,bumi_malay,63.6
2021,both,85+,bumi_other,17.6
2021,both,85+,chinese,32.8
2021,both,85+,indian,8.4
2021,both,85+,other_citizen,1
2021,both,85+,other_noncitizen,15.6
2021,female,overall,overall,15575.8
2021,female,overall,bumi_malay,8513.6
2021,female,overall,bumi_other,1808.4
2021,female,overall,chinese,3377.6
2021,female,overall,indian,994.6
2021,female,overall,other_citizen,101.2
2021,female,overall,other_noncitizen,780.5
2021,female,0-4,overall,1195.8
2021,female,0-4,bumi_malay,727.1
2021,female,0-4,bumi_other,134.3
2021,female,0-4,chinese,181.6
2021,female,0-4,indian,57.9
2021,female,0-4,other_citizen,9.4
2021,female,0-4,other_noncitizen,85.4
2021,female,09-May,overall,1276.2
2021,female,09-May,bumi_malay,741.8
2021,female,09-May,bumi_other,143.2
2021,female,09-May,chinese,244
2021,female,09-May,indian,71.5
2021,female,09-May,other_citizen,8.3
2021,female,09-May,other_noncitizen,67.3
2021,female,14-Oct,overall,1252.5
2021,female,14-Oct,bumi_malay,697.3
2021,female,14-Oct,bumi_other,171
2021,female,14-Oct,chinese,263.4
2021,female,14-Oct,indian,81.3
2021,female,14-Oct,other_citizen,7
2021,female,14-Oct,other_noncitizen,32.5
2021,female,15-19,overall,1329.9
2021,female,15-19,bumi_malay,766.3
2021,female,15-19,bumi_other,169
2021,female,15-19,chinese,253
2021,female,15-19,indian,80.9
2021,female,15-19,other_citizen,8.1
2021,female,15-19,other_noncitizen,52.7
2021,female,20-24,overall,1338.2
2021,female,20-24,bumi_malay,750
2021,female,20-24,bumi_other,163.8
2021,female,20-24,chinese,235.8
2021,female,20-24,indian,76.9
2021,female,20-24,other_citizen,8.9
2021,female,20-24,other_noncitizen,102.9
2021,female,25-29,overall,1291.7
2021,female,25-29,bumi_malay,685.8
2021,female,25-29,bumi_other,169
2021,female,25-29,chinese,236.8
2021,female,25-29,indian,78.2
2021,female,25-29,other_citizen,8.9
2021,female,25-29,other_noncitizen,113
2021,female,30-34,overall,1326.9
2021,female,30-34,bumi_malay,728.3
2021,female,30-34,bumi_other,159
2021,female,30-34,chinese,261.2
2021,female,30-34,indian,83.2
2021,female,30-34,other_citizen,9.7
2021,female,30-34,other_noncitizen,85.4
2021,female,35-39,overall,1306.6
2021,female,35-39,bumi_malay,708.7
2021,female,35-39,bumi_other,148.7
2021,female,35-39,chinese,287
2021,female,35-39,indian,85.8
2021,female,35-39,other_citizen,9
2021,female,35-39,other_noncitizen,67.4
2021,female,40-44,overall,1058.1
2021,female,40-44,bumi_malay,555.6
2021,female,40-44,bumi_other,114
2021,female,40-44,chinese,257.8
2021,female,40-44,indian,74.6
2021,female,40-44,other_citizen,7.1
2021,female,40-44,other_noncitizen,49.1
2021,female,45-49,overall,905.8
2021,female,45-49,bumi_malay,465.7
2021,female,45-49,bumi_other,100.1
2021,female,45-49,chinese,238
2021,female,45-49,indian,65.2
2021,female,45-49,other_citizen,5.6
2021,female,45-49,other_noncitizen,31.3
2021,female,50-54,overall,791.8
2021,female,50-54,bumi_malay,405.6
2021,female,50-54,bumi_other,87.2
2021,female,50-54,chinese,217.8
2021,female,50-54,indian,57.5
2021,female,50-54,other_citizen,4.6
2021,female,50-54,other_noncitizen,19.1
2021,female,55-59,overall,722.4
2021,female,55-59,bumi_malay,374.4
2021,female,55-59,bumi_other,76
2021,female,55-59,chinese,201.5
2021,female,55-59,indian,54.5
2021,female,55-59,other_citizen,3.9
2021,female,55-59,other_noncitizen,12.1
2021,female,60-64,overall,601.3
2021,female,60-64,bumi_malay,307.9
2021,female,60-64,bumi_other,58.9
2021,female,60-64,chinese,176.8
2021,female,60-64,indian,47
2021,female,60-64,other_citizen,3
2021,female,60-64,other_noncitizen,7.7
2021,female,65-69,overall,480.1
2021,female,65-69,bumi_malay,248.1
2021,female,65-69,bumi_other,45.4
2021,female,65-69,chinese,125.2
2021,female,65-69,indian,34.3
2021,female,65-69,other_citizen,3.1
2021,female,65-69,other_noncitizen,23.9
2021,female,70-74,overall,331.6
2021,female,70-74,bumi_malay,171.5
2021,female,70-74,bumi_other,30.4
2021,female,70-74,chinese,92.1
2021,female,70-74,indian,23.5
2021,female,70-74,other_citizen,2.2
2021,female,70-74,other_noncitizen,11.9
2021,female,75-79,overall,186.8
2021,female,75-79,bumi_malay,93.5
2021,female,75-79,bumi_other,19.3
2021,female,75-79,chinese,54.7
2021,female,75-79,indian,11.5
2021,female,75-79,other_citizen,1.4
2021,female,75-79,other_noncitizen,6.5
2021,female,80-84,overall,109.2
2021,female,80-84,bumi_malay,52.3
2021,female,80-84,bumi_other,10.6
2021,female,80-84,chinese,34.2
2021,female,80-84,indian,6.2
2021,female,80-84,other_citizen,0.5
2021,female,80-84,other_noncitizen,5.3
2021,female,85+,overall,71.1
2021,female,85+,bumi_malay,33.7
2021,female,85+,bumi_other,8.6
2021,female,85+,chinese,16.8
2021,female,85+,indian,4.6
2021,female,85+,other_citizen,0.5
2021,female,85+,other_noncitizen,6.9
2021,male,overall,overall,17000.5
2021,male,overall,bumi_malay,8734.8
2021,male,overall,bumi_other,1845.7
2021,male,overall,chinese,3514.1
2021,male,overall,indian,1008
2021,male,overall,other_citizen,118.9
2021,male,overall,other_noncitizen,1779
2021,male,0-4,overall,1249.8
2021,male,0-4,bumi_malay,757.9
2021,male,0-4,bumi_other,142.7
2021,male,0-4,chinese,186
2021,male,0-4,indian,58.1
2021,male,0-4,other_citizen,10.1
2021,male,0-4,other_noncitizen,94.9
2021,male,09-May,overall,1363.3
2021,male,09-May,bumi_malay,789
2021,male,09-May,bumi_other,154.6
2021,male,09-May,chinese,259.6
2021,male,09-May,indian,75.9
2021,male,09-May,other_citizen,9
2021,male,09-May,other_noncitizen,75.2
2021,male,14-Oct,overall,1347.6
2021,male,14-Oct,bumi_malay,749
2021,male,14-Oct,bumi_other,178.5
2021,male,14-Oct,chinese,289.4
2021,male,14-Oct,indian,86.7
2021,male,14-Oct,other_citizen,7.9
2021,male,14-Oct,other_noncitizen,36.1
2021,male,15-19,overall,1470.8
2021,male,15-19,bumi_malay,835.2
2021,male,15-19,bumi_other,177.6
2021,male,15-19,chinese,276.4
2021,male,15-19,indian,87.7
2021,male,15-19,other_citizen,10.8
2021,male,15-19,other_noncitizen,83
2021,male,20-24,overall,1554.7
2021,male,20-24,bumi_malay,790.2
2021,male,20-24,bumi_other,164.6
2021,male,20-24,chinese,251.1
2021,male,20-24,indian,82.4
2021,male,20-24,other_citizen,11.2
2021,male,20-24,other_noncitizen,255.4
2021,male,25-29,overall,1560
2021,male,25-29,bumi_malay,701.8
2021,male,25-29,bumi_other,166.5
2021,male,25-29,chinese,245.6
2021,male,25-29,indian,79.7
2021,male,25-29,other_citizen,11.6
2021,male,25-29,other_noncitizen,354.9
2021,male,30-34,overall,1538.7
2021,male,30-34,bumi_malay,725.4
2021,male,30-34,bumi_other,154.5
2021,male,30-34,chinese,259.2
2021,male,30-34,indian,84
2021,male,30-34,other_citizen,13.5
2021,male,30-34,other_noncitizen,302.1
2021,male,35-39,overall,1471.3
2021,male,35-39,bumi_malay,717
2021,male,35-39,bumi_other,150
2021,male,35-39,chinese,287.5
2021,male,35-39,indian,89.9
2021,male,35-39,other_citizen,11.7
2021,male,35-39,other_noncitizen,215.4
2021,male,40-44,overall,1209.1
2021,male,40-44,bumi_malay,588.9
2021,male,40-44,bumi_other,114.8
2021,male,40-44,chinese,278.1
2021,male,40-44,indian,80.9
2021,male,40-44,other_citizen,7.7
2021,male,40-44,other_noncitizen,138.6
2021,male,45-49,overall,964.4
2021,male,45-49,bumi_malay,468.4
2021,male,45-49,bumi_other,97.3
2021,male,45-49,chinese,249.3
2021,male,45-49,indian,63.8
2021,male,45-49,other_citizen,5.8
2021,male,45-49,other_noncitizen,79.7
2021,male,50-54,overall,813.7
2021,male,50-54,bumi_malay,400.9
2021,male,50-54,bumi_other,87.9
2021,male,50-54,chinese,223.9
2021,male,50-54,indian,55.3
2021,male,50-54,other_citizen,4.6
2021,male,50-54,other_noncitizen,41.1
2021,male,55-59,overall,738.4
2021,male,55-59,bumi_malay,368.1
2021,male,55-59,bumi_other,76.4
2021,male,55-59,chinese,213.5
2021,male,55-59,indian,52.7
2021,male,55-59,other_citizen,4
2021,male,55-59,other_noncitizen,23.7
2021,male,60-64,overall,607.4
2021,male,60-64,bumi_malay,299.5
2021,male,60-64,bumi_other,61.2
2021,male,60-64,chinese,185.5
2021,male,60-64,indian,42.2
2021,male,60-64,other_citizen,3.6
2021,male,60-64,other_noncitizen,15.4
2021,male,65-69,overall,471.2
2021,male,65-69,bumi_malay,236.1
2021,male,65-69,bumi_other,51.1
2021,male,65-69,chinese,124.3
2021,male,65-69,indian,30.3
2021,male,65-69,other_citizen,3.3
2021,male,65-69,other_noncitizen,26.2
2021,male,70-74,overall,313.4
2021,male,70-74,bumi_malay,158.9
2021,male,70-74,bumi_other,29.9
2021,male,70-74,chinese,88.1
2021,male,70-74,indian,19.7
2021,male,70-74,other_citizen,2.3
2021,male,70-74,other_noncitizen,14.6
2021,male,75-79,overall,166.8
2021,male,75-79,bumi_malay,78.5
2021,male,75-79,bumi_other,18.9
2021,male,75-79,chinese,51
2021,male,75-79,indian,9.5
2021,male,75-79,other_citizen,0.9
2021,male,75-79,other_noncitizen,8
2021,male,80-84,overall,92
2021,male,80-84,bumi_malay,40.1
2021,male,80-84,bumi_other,10.2
2021,male,80-84,chinese,29.7
2021,male,80-84,indian,5.4
2021,male,80-84,other_citizen,0.4
2021,male,80-84,other_noncitizen,6.2
2021,male,85+,overall,67.9
2021,male,85+,bumi_malay,29.9
2021,male,85+,bumi_other,9
2021,male,85+,chinese,16
2021,male,85+,indian,3.8
2021,male,85+,other_citizen,0.5
2021,male,85+,other_noncitizen,8.7
2022,both,overall,overall,32698.1
2022,both,overall,bumi_malay,17422
2022,both,overall,bumi_other,3679.8
2022,both,overall,chinese,6873.7
2022,both,overall,indian,1999.9
2022,both,overall,other_citizen,222.8
2022,both,overall,other_noncitizen,2500
2022,both,0-4,overall,2374.2
2022,both,0-4,bumi_malay,1478.3
2022,both,0-4,bumi_other,271.3
2022,both,0-4,chinese,319.2
2022,both,0-4,indian,107.2
2022,both,0-4,other_citizen,20.9
2022,both,0-4,other_noncitizen,177.2
2022,both,09-May,overall,2592.8
2022,both,09-May,bumi_malay,1518.1
2022,both,09-May,bumi_other,293.7
2022,both,09-May,chinese,482.7
2022,both,09-May,indian,141.2
2022,both,09-May,other_citizen,17.1
2022,both,09-May,other_noncitizen,140
2022,both,14-Oct,overall,2613
2022,both,14-Oct,bumi_malay,1480
2022,both,14-Oct,bumi_other,335
2022,both,14-Oct,chinese,548.5
2022,both,14-Oct,indian,166.3
2022,both,14-Oct,other_citizen,15.9
2022,both,14-Oct,other_noncitizen,67.3
2022,both,15-19,overall,2781.9
2022,both,15-19,bumi_malay,1564.6
2022,both,15-19,bumi_other,352.2
2022,both,15-19,chinese,543.9
2022,both,15-19,indian,170.7
2022,both,15-19,other_citizen,17.6
2022,both,15-19,other_noncitizen,132.8
2022,both,20-24,overall,2912.8
2022,both,20-24,bumi_malay,1565.8
2022,both,20-24,bumi_other,329.6
2022,both,20-24,chinese,488.7
2022,both,20-24,indian,158.6
2022,both,20-24,other_citizen,20
2022,both,20-24,other_noncitizen,350.1
2022,both,25-29,overall,2835
2022,both,25-29,bumi_malay,1389.9
2022,both,25-29,bumi_other,332.5
2022,both,25-29,chinese,479.4
2022,both,25-29,indian,156.6
2022,both,25-29,other_citizen,19.8
2022,both,25-29,other_noncitizen,456.8
2022,both,30-34,overall,2850.1
2022,both,30-34,bumi_malay,1446.6
2022,both,30-34,bumi_other,321
2022,both,30-34,chinese,515.1
2022,both,30-34,indian,166.9
2022,both,30-34,other_citizen,22.9
2022,both,30-34,other_noncitizen,377.6
2022,both,35-39,overall,2777
2022,both,35-39,bumi_malay,1444.4
2022,both,35-39,bumi_other,302
2022,both,35-39,chinese,561
2022,both,35-39,indian,172.9
2022,both,35-39,other_citizen,21.5
2022,both,35-39,other_noncitizen,275.3
2022,both,40-44,overall,2359.1
2022,both,40-44,bumi_malay,1202.1
2022,both,40-44,bumi_other,243.7
2022,both,40-44,chinese,553.1
2022,both,40-44,indian,161.9
2022,both,40-44,other_citizen,15.7
2022,both,40-44,other_noncitizen,182.7
2022,both,45-49,overall,1893.9
2022,both,45-49,bumi_malay,954.5
2022,both,45-49,bumi_other,198.5
2022,both,45-49,chinese,489.7
2022,both,45-49,indian,131.3
2022,both,45-49,other_citizen,11.8
2022,both,45-49,other_noncitizen,108.1
2022,both,50-54,overall,1638.3
2022,both,50-54,bumi_malay,825.1
2022,both,50-54,bumi_other,179.7
2022,both,50-54,chinese,451.2
2022,both,50-54,indian,114.2
2022,both,50-54,other_citizen,9.3
2022,both,50-54,other_noncitizen,58.7
2022,both,55-59,overall,1452
2022,both,55-59,bumi_malay,737.7
2022,both,55-59,bumi_other,154.2
2022,both,55-59,chinese,411.8
2022,both,55-59,indian,105.4
2022,both,55-59,other_citizen,8
2022,both,55-59,other_noncitizen,35
2022,both,60-64,overall,1254.3
2022,both,60-64,bumi_malay,632.9
2022,both,60-64,bumi_other,125.8
2022,both,60-64,chinese,374.4
2022,both,60-64,indian,92.1
2022,both,60-64,other_citizen,6.6
2022,both,60-64,other_noncitizen,22.5
2022,both,65-69,overall,974.5
2022,both,65-69,bumi_malay,489.6
2022,both,65-69,bumi_other,98.2
2022,both,65-69,chinese,265.1
2022,both,65-69,indian,66.4
2022,both,65-69,other_citizen,6.1
2022,both,65-69,other_noncitizen,49.1
2022,both,70-74,overall,674.5
2022,both,70-74,bumi_malay,348.4
2022,both,70-74,bumi_other,64.4
2022,both,70-74,chinese,186
2022,both,70-74,indian,45.2
2022,both,70-74,other_citizen,4.6
2022,both,70-74,other_noncitizen,25.9
2022,both,75-79,overall,377.1
2022,both,75-79,bumi_malay,186.7
2022,both,75-79,bumi_other,38.7
2022,both,75-79,chinese,111.5
2022,both,75-79,indian,23.3
2022,both,75-79,other_citizen,2.7
2022,both,75-79,other_noncitizen,14.2
2022,both,80-84,overall,203.1
2022,both,80-84,bumi_malay,94.1
2022,both,80-84,bumi_other,22.2
2022,both,80-84,chinese,62.7
2022,both,80-84,indian,11.5
2022,both,80-84,other_citizen,1.3
2022,both,80-84,other_noncitizen,11.2
2022,both,85+,overall,134.5
2022,both,85+,bumi_malay,63.1
2022,both,85+,bumi_other,17.1
2022,both,85+,chinese,29.8
2022,both,85+,indian,8.2
2022,both,85+,other_citizen,1.1
2022,both,85+,other_noncitizen,15.3
2022,female,overall,overall,15658.3
2022,female,overall,bumi_malay,8602.4
2022,female,overall,bumi_other,1822
2022,female,overall,chinese,3372.6
2022,female,overall,indian,994.8
2022,female,overall,other_citizen,102.6
2022,female,overall,other_noncitizen,763.9
2022,female,0-4,overall,1159.3
2022,female,0-4,bumi_malay,722.9
2022,female,0-4,bumi_other,131.1
2022,female,0-4,chinese,157.7
2022,female,0-4,indian,53.7
2022,female,0-4,other_citizen,10.1
2022,female,0-4,other_noncitizen,84
2022,female,09-May,overall,1256.6
2022,female,09-May,bumi_malay,737
2022,female,09-May,bumi_other,141.5
2022,female,09-May,chinese,235
2022,female,09-May,indian,68.7
2022,female,09-May,other_citizen,8.3
2022,female,09-May,other_noncitizen,66.1
2022,female,14-Oct,overall,1258.3
2022,female,14-Oct,bumi_malay,713.4
2022,female,14-Oct,bumi_other,164.1
2022,female,14-Oct,chinese,261.2
2022,female,14-Oct,indian,80.3
2022,female,14-Oct,other_citizen,7.5
2022,female,14-Oct,other_noncitizen,31.9
2022,female,15-19,overall,1322.3
2022,female,15-19,bumi_malay,749.5
2022,female,15-19,bumi_other,171.5
2022,female,15-19,chinese,259.9
2022,female,15-19,indian,82.3
2022,female,15-19,other_citizen,7.7
2022,female,15-19,other_noncitizen,51.6
2022,female,20-24,overall,1347.2
2022,female,20-24,bumi_malay,761.6
2022,female,20-24,bumi_other,163.4
2022,female,20-24,chinese,236.2
2022,female,20-24,indian,76.5
2022,female,20-24,other_citizen,8.8
2022,female,20-24,other_noncitizen,100.7
2022,female,25-29,overall,1281.1
2022,female,25-29,bumi_malay,683.3
2022,female,25-29,bumi_other,167.5
2022,female,25-29,chinese,234.1
2022,female,25-29,indian,76.9
2022,female,25-29,other_citizen,8.7
2022,female,25-29,other_noncitizen,110.5
2022,female,30-34,overall,1321.3
2022,female,30-34,bumi_malay,724.2
2022,female,30-34,bumi_other,162.9
2022,female,30-34,chinese,257.6
2022,female,30-34,indian,83.5
2022,female,30-34,other_citizen,9.7
2022,female,30-34,other_noncitizen,83.4
2022,female,35-39,overall,1312.9
2022,female,35-39,bumi_malay,720.7
2022,female,35-39,bumi_other,151
2022,female,35-39,chinese,281.4
2022,female,35-39,indian,84.8
2022,female,35-39,other_citizen,9.2
2022,female,35-39,other_noncitizen,65.8
2022,female,40-44,overall,1102.5
2022,female,40-44,bumi_malay,581.9
2022,female,40-44,bumi_other,121.2
2022,female,40-44,chinese,266.6
2022,female,40-44,indian,77.4
2022,female,40-44,other_citizen,7.5
2022,female,40-44,other_noncitizen,47.9
2022,female,45-49,overall,922
2022,female,45-49,bumi_malay,478.3
2022,female,45-49,bumi_other,100.6
2022,female,45-49,chinese,240.4
2022,female,45-49,indian,66.5
2022,female,45-49,other_citizen,5.7
2022,female,45-49,other_noncitizen,30.6
2022,female,50-54,overall,808
2022,female,50-54,bumi_malay,414.4
2022,female,50-54,bumi_other,90.2
2022,female,50-54,chinese,221.7
2022,female,50-54,indian,58.4
2022,female,50-54,other_citizen,4.7
2022,female,50-54,other_noncitizen,18.7
2022,female,55-59,overall,722.8
2022,female,55-59,bumi_malay,374.1
2022,female,55-59,bumi_other,76.8
2022,female,55-59,chinese,202.3
2022,female,55-59,indian,53.9
2022,female,55-59,other_citizen,3.9
2022,female,55-59,other_noncitizen,11.8
2022,female,60-64,overall,624.6
2022,female,60-64,bumi_malay,320.8
2022,female,60-64,bumi_other,62.3
2022,female,60-64,chinese,182.3
2022,female,60-64,indian,48.4
2022,female,60-64,other_citizen,3.1
2022,female,60-64,other_noncitizen,7.5
2022,female,65-69,overall,494.1
2022,female,65-69,bumi_malay,252.1
2022,female,65-69,bumi_other,46.5
2022,female,65-69,chinese,133.5
2022,female,65-69,indian,35.6
2022,female,65-69,other_citizen,2.9
2022,female,65-69,other_noncitizen,23.5
2022,female,70-74,overall,347
2022,female,70-74,bumi_malay,180.6
2022,female,70-74,bumi_other,32
2022,female,70-74,chinese,95.8
2022,female,70-74,indian,24.7
2022,female,70-74,other_citizen,2.4
2022,female,70-74,other_noncitizen,11.6
2022,female,75-79,overall,200.8
2022,female,75-79,bumi_malay,101.6
2022,female,75-79,bumi_other,19.9
2022,female,75-79,chinese,58.5
2022,female,75-79,indian,12.9
2022,female,75-79,other_citizen,1.5
2022,female,75-79,other_noncitizen,6.4
2022,female,80-84,overall,110.2
2022,female,80-84,bumi_malay,53.1
2022,female,80-84,bumi_other,11.3
2022,female,80-84,chinese,33.8
2022,female,80-84,indian,6.1
2022,female,80-84,other_citizen,0.7
2022,female,80-84,other_noncitizen,5.2
2022,female,85+,overall,67.3
2022,female,85+,bumi_malay,32.8
2022,female,85+,bumi_other,8.3
2022,female,85+,chinese,14.6
2022,female,85+,indian,4.3
2022,female,85+,other_citizen,0.5
2022,female,85+,other_noncitizen,6.8
2022,male,overall,overall,17039.8
2022,male,overall,bumi_malay,8819.5
2022,male,overall,bumi_other,1857.8
2022,male,overall,chinese,3501.1
2022,male,overall,indian,1005.1
2022,male,overall,other_citizen,120.2
2022,male,overall,other_noncitizen,1736.1
2022,male,0-4,overall,1214.8
2022,male,0-4,bumi_malay,755.4
2022,male,0-4,bumi_other,140.2
2022,male,0-4,chinese,161.5
2022,male,0-4,indian,53.6
2022,male,0-4,other_citizen,10.9
2022,male,0-4,other_noncitizen,93.3
2022,male,09-May,overall,1336.3
2022,male,09-May,bumi_malay,781
2022,male,09-May,bumi_other,152.2
2022,male,09-May,chinese,247.7
2022,male,09-May,indian,72.6
2022,male,09-May,other_citizen,8.8
2022,male,09-May,other_noncitizen,73.9
2022,male,14-Oct,overall,1354.7
2022,male,14-Oct,bumi_malay,766.6
2022,male,14-Oct,bumi_other,171
2022,male,14-Oct,chinese,287.3
2022,male,14-Oct,indian,86
2022,male,14-Oct,other_citizen,8.4
2022,male,14-Oct,other_noncitizen,35.4
2022,male,15-19,overall,1459.6
2022,male,15-19,bumi_malay,815.1
2022,male,15-19,bumi_other,180.7
2022,male,15-19,chinese,284.1
2022,male,15-19,indian,88.4
2022,male,15-19,other_citizen,9.9
2022,male,15-19,other_noncitizen,81.3
2022,male,20-24,overall,1565.6
2022,male,20-24,bumi_malay,804.2
2022,male,20-24,bumi_other,166.2
2022,male,20-24,chinese,252.4
2022,male,20-24,indian,82.1
2022,male,20-24,other_citizen,11.2
2022,male,20-24,other_noncitizen,249.4
2022,male,25-29,overall,1553.9
2022,male,25-29,bumi_malay,706.6
2022,male,25-29,bumi_other,165
2022,male,25-29,chinese,245.2
2022,male,25-29,indian,79.7
2022,male,25-29,other_citizen,11.1
2022,male,25-29,other_noncitizen,346.3
2022,male,30-34,overall,1528.8
2022,male,30-34,bumi_malay,722.4
2022,male,30-34,bumi_other,158.1
2022,male,30-34,chinese,257.4
2022,male,30-34,indian,83.4
2022,male,30-34,other_citizen,13.3
2022,male,30-34,other_noncitizen,294.2
2022,male,35-39,overall,1464.2
2022,male,35-39,bumi_malay,723.8
2022,male,35-39,bumi_other,151
2022,male,35-39,chinese,279.6
2022,male,35-39,indian,88
2022,male,35-39,other_citizen,12.3
2022,male,35-39,other_noncitizen,209.5
2022,male,40-44,overall,1256.6
2022,male,40-44,bumi_malay,620.2
2022,male,40-44,bumi_other,122.6
2022,male,40-44,chinese,286.5
2022,male,40-44,indian,84.5
2022,male,40-44,other_citizen,8.2
2022,male,40-44,other_noncitizen,134.7
2022,male,45-49,overall,971.9
2022,male,45-49,bumi_malay,476.2
2022,male,45-49,bumi_other,97.9
2022,male,45-49,chinese,249.4
2022,male,45-49,indian,64.8
2022,male,45-49,other_citizen,6.1
2022,male,45-49,other_noncitizen,77.5
2022,male,50-54,overall,830.2
2022,male,50-54,bumi_malay,410.8
2022,male,50-54,bumi_other,89.5
2022,male,50-54,chinese,229.5
2022,male,50-54,indian,55.9
2022,male,50-54,other_citizen,4.6
2022,male,50-54,other_noncitizen,40.1
2022,male,55-59,overall,729.2
2022,male,55-59,bumi_malay,363.6
2022,male,55-59,bumi_other,77.3
2022,male,55-59,chinese,209.6
2022,male,55-59,indian,51.5
2022,male,55-59,other_citizen,4.1
2022,male,55-59,other_noncitizen,23.2
2022,male,60-64,overall,629.7
2022,male,60-64,bumi_malay,312.1
2022,male,60-64,bumi_other,63.5
2022,male,60-64,chinese,192
2022,male,60-64,indian,43.7
2022,male,60-64,other_citizen,3.5
2022,male,60-64,other_noncitizen,15
2022,male,65-69,overall,480.5
2022,male,65-69,bumi_malay,237.5
2022,male,65-69,bumi_other,51.7
2022,male,65-69,chinese,131.6
2022,male,65-69,indian,30.8
2022,male,65-69,other_citizen,3.2
2022,male,65-69,other_noncitizen,25.6
2022,male,70-74,overall,327.4
2022,male,70-74,bumi_malay,167.8
2022,male,70-74,bumi_other,32.4
2022,male,70-74,chinese,90.2
2022,male,70-74,indian,20.5
2022,male,70-74,other_citizen,2.3
2022,male,70-74,other_noncitizen,14.3
2022,male,75-79,overall,176.3
2022,male,75-79,bumi_malay,85.1
2022,male,75-79,bumi_other,18.8
2022,male,75-79,chinese,52.9
2022,male,75-79,indian,10.4
2022,male,75-79,other_citizen,1.2
2022,male,75-79,other_noncitizen,7.9
2022,male,80-84,overall,92.9
2022,male,80-84,bumi_malay,41
2022,male,80-84,bumi_other,10.9
2022,male,80-84,chinese,28.9
2022,male,80-84,indian,5.4
2022,male,80-84,other_citizen,0.6
2022,male,80-84,other_noncitizen,6.1
2022,male,85+,overall,67.2
2022,male,85+,bumi_malay,30.3
2022,male,85+,bumi_other,8.9
2022,male,85+,chinese,15.2
2022,male,85+,indian,3.8
2022,male,85+,other_citizen,0.5
2022,male,85+,other_noncitizen,8.5
2023,both,overall,overall,33401.8
2023,both,overall,bumi_malay,17614.9
2023,both,overall,bumi_other,3726.5
2023,both,overall,chinese,6866.2
2023,both,overall,indian,2002.7
2023,both,overall,other_citizen,226.9
2023,both,overall,other_noncitizen,2964.8
2023,both,0-4,overall,2366.5
2023,both,0-4,bumi_malay,1479.9
2023,both,0-4,bumi_other,273.1
2023,both,0-4,chinese,277.9
2023,both,0-4,indian,100.9
2023,both,0-4,other_citizen,23
2023,both,0-4,other_noncitizen,211.8
2023,both,09-May,overall,2584.3
2023,both,09-May,bumi_malay,1512.4
2023,both,09-May,bumi_other,291.1
2023,both,09-May,chinese,459.9
2023,both,09-May,indian,136.3
2023,both,09-May,other_citizen,17.3
2023,both,09-May,other_noncitizen,167.3
2023,both,14-Oct,overall,2618.4
2023,both,14-Oct,bumi_malay,1496.8
2023,both,14-Oct,bumi_other,321.3
2023,both,14-Oct,chinese,540.5
2023,both,14-Oct,indian,162.8
2023,both,14-Oct,other_citizen,16.7
2023,both,14-Oct,other_noncitizen,80.3
2023,both,15-19,overall,2774.3
2023,both,15-19,bumi_malay,1519.2
2023,both,15-19,bumi_other,357.4
2023,both,15-19,chinese,552.1
2023,both,15-19,indian,170.4
2023,both,15-19,other_citizen,16.4
2023,both,15-19,other_noncitizen,158.7
2023,both,20-24,overall,3041.8
2023,both,20-24,bumi_malay,1607.1
2023,both,20-24,bumi_other,335.1
2023,both,20-24,chinese,503.2
2023,both,20-24,indian,161
2023,both,20-24,other_citizen,20.2
2023,both,20-24,other_noncitizen,415.4
2023,both,25-29,overall,2925.2
2023,both,25-29,bumi_malay,1403.5
2023,both,25-29,bumi_other,329.3
2023,both,25-29,chinese,476
2023,both,25-29,indian,156
2023,both,25-29,other_citizen,19.4
2023,both,25-29,other_noncitizen,541.1
2023,both,30-34,overall,2889.4
2023,both,30-34,bumi_malay,1423.7
2023,both,30-34,bumi_other,326.8
2023,both,30-34,chinese,505.4
2023,both,30-34,indian,165.1
2023,both,30-34,other_citizen,22.2
2023,both,30-34,other_noncitizen,446.2
2023,both,35-39,overall,2844.6
2023,both,35-39,bumi_malay,1464.9
2023,both,35-39,bumi_other,306.6
2023,both,35-39,chinese,554.3
2023,both,35-39,indian,171.3
2023,both,35-39,other_citizen,22.3
2023,both,35-39,other_noncitizen,325.2
2023,both,40-44,overall,2477.8
2023,both,40-44,bumi_malay,1257.4
2023,both,40-44,bumi_other,259.5
2023,both,40-44,chinese,562.4
2023,both,40-44,indian,166.4
2023,both,40-44,other_citizen,16.4
2023,both,40-44,other_noncitizen,215.7
2023,both,45-49,overall,1955.5
2023,both,45-49,bumi_malay,982.7
2023,both,45-49,bumi_other,201.2
2023,both,45-49,chinese,496.5
2023,both,45-49,indian,135
2023,both,45-49,other_citizen,12.4
2023,both,45-49,other_noncitizen,127.7
2023,both,50-54,overall,1675.9
2023,both,50-54,bumi_malay,840.3
2023,both,50-54,bumi_other,182.9
2023,both,50-54,chinese,457.5
2023,both,50-54,indian,116
2023,both,50-54,other_citizen,9.6
2023,both,50-54,other_noncitizen,69.6
2023,both,55-59,overall,1472
2023,both,55-59,bumi_malay,743.6
2023,both,55-59,bumi_other,159.4
2023,both,55-59,chinese,414.5
2023,both,55-59,indian,104.9
2023,both,55-59,other_citizen,8.2
2023,both,55-59,other_noncitizen,41.5
2023,both,60-64,overall,1290.9
2023,both,60-64,bumi_malay,651.4
2023,both,60-64,bumi_other,129.8
2023,both,60-64,chinese,381.8
2023,both,60-64,indian,94.5
2023,both,60-64,other_citizen,6.7
2023,both,60-64,other_noncitizen,26.7
2023,both,65-69,overall,1014.8
2023,both,65-69,bumi_malay,497.9
2023,both,65-69,bumi_other,100.9
2023,both,65-69,chinese,283.1
2023,both,65-69,indian,68.7
2023,both,65-69,other_citizen,5.8
2023,both,65-69,other_noncitizen,58.5
2023,both,70-74,overall,712.8
2023,both,70-74,bumi_malay,368.5
2023,both,70-74,bumi_other,69.9
2023,both,70-74,chinese,191.3
2023,both,70-74,indian,47.4
2023,both,70-74,other_citizen,4.9
2023,both,70-74,other_noncitizen,30.8
2023,both,75-79,overall,413.1
2023,both,75-79,bumi_malay,206
2023,both,75-79,bumi_other,40.9
2023,both,75-79,chinese,120.1
2023,both,75-79,indian,26.2
2023,both,75-79,other_citizen,2.9
2023,both,75-79,other_noncitizen,16.9
2023,both,80-84,overall,204.9
2023,both,80-84,bumi_malay,94.2
2023,both,80-84,bumi_other,23.6
2023,both,80-84,chinese,61.1
2023,both,80-84,indian,11.3
2023,both,80-84,other_citizen,1.4
2023,both,80-84,other_noncitizen,13.3
2023,both,85+,overall,139.6
2023,both,85+,bumi_malay,65.6
2023,both,85+,bumi_other,17.8
2023,both,85+,chinese,28.6
2023,both,85+,indian,8.4
2023,both,85+,other_citizen,1.1
2023,both,85+,other_noncitizen,18.2
2023,female,overall,overall,15929.5
2023,female,overall,bumi_malay,8700.5
2023,female,overall,bumi_other,1845.8
2023,female,overall,chinese,3372.4
2023,female,overall,indian,997.6
2023,female,overall,other_citizen,104.7
2023,female,overall,other_noncitizen,908.5
2023,female,0-4,overall,1150.8
2023,female,0-4,bumi_malay,720.6
2023,female,0-4,bumi_other,131.8
2023,female,0-4,chinese,136.7
2023,female,0-4,indian,50.1
2023,female,0-4,other_citizen,11.2
2023,female,0-4,other_noncitizen,100.4
2023,female,09-May,overall,1260.1
2023,female,09-May,bumi_malay,738.9
2023,female,09-May,bumi_other,140.9
2023,female,09-May,chinese,225.6
2023,female,09-May,indian,67.4
2023,female,09-May,other_citizen,8.3
2023,female,09-May,other_noncitizen,79
2023,female,14-Oct,overall,1258.5
2023,female,14-Oct,bumi_malay,720.2
2023,female,14-Oct,bumi_other,156.7
2023,female,14-Oct,chinese,257.6
2023,female,14-Oct,indian,77.9
2023,female,14-Oct,other_citizen,7.9
2023,female,14-Oct,other_noncitizen,38.1
2023,female,15-19,overall,1319.9
2023,female,15-19,bumi_malay,730.2
2023,female,15-19,bumi_other,173.9
2023,female,15-19,chinese,264.1
2023,female,15-19,indian,82.6
2023,female,15-19,other_citizen,7.3
2023,female,15-19,other_noncitizen,61.7
2023,female,20-24,overall,1391
2023,female,20-24,bumi_malay,778.6
2023,female,20-24,bumi_other,165.1
2023,female,20-24,chinese,241.4
2023,female,20-24,indian,77.3
2023,female,20-24,other_citizen,8.7
2023,female,20-24,other_noncitizen,119.9
2023,female,25-29,overall,1300.9
2023,female,25-29,bumi_malay,687.4
2023,female,25-29,bumi_other,165.9
2023,female,25-29,chinese,231.5
2023,female,25-29,indian,76.1
2023,female,25-29,other_citizen,8.7
2023,female,25-29,other_noncitizen,131.4
2023,female,30-34,overall,1318.9
2023,female,30-34,bumi_malay,710.8
2023,female,30-34,bumi_other,165.6
2023,female,30-34,chinese,251.6
2023,female,30-34,indian,82.9
2023,female,30-34,other_citizen,9.3
2023,female,30-34,other_noncitizen,98.7
2023,female,35-39,overall,1339.2
2023,female,35-39,bumi_malay,734.3
2023,female,35-39,bumi_other,154.3
2023,female,35-39,chinese,278.9
2023,female,35-39,indian,84.3
2023,female,35-39,other_citizen,9.5
2023,female,35-39,other_noncitizen,77.9
2023,female,40-44,overall,1157.1
2023,female,40-44,bumi_malay,610
2023,female,40-44,bumi_other,128.7
2023,female,40-44,chinese,273.9
2023,female,40-44,indian,80.1
2023,female,40-44,other_citizen,7.7
2023,female,40-44,other_noncitizen,56.6
2023,female,45-49,overall,947.5
2023,female,45-49,bumi_malay,492
2023,female,45-49,bumi_other,102
2023,female,45-49,chinese,243.6
2023,female,45-49,indian,67.8
2023,female,45-49,other_citizen,5.9
2023,female,45-49,other_noncitizen,36.1
2023,female,50-54,overall,824.4
2023,female,50-54,bumi_malay,421.3
2023,female,50-54,bumi_other,92.6
2023,female,50-54,chinese,224.1
2023,female,50-54,indian,59.4
2023,female,50-54,other_citizen,5
2023,female,50-54,other_noncitizen,22.1
2023,female,55-59,overall,734.9
2023,female,55-59,bumi_malay,378.6
2023,female,55-59,bumi_other,79.1
2023,female,55-59,chinese,205.1
2023,female,55-59,indian,53.9
2023,female,55-59,other_citizen,4
2023,female,55-59,other_noncitizen,14
2023,female,60-64,overall,643.1
2023,female,60-64,bumi_malay,330.4
2023,female,60-64,bumi_other,65.1
2023,female,60-64,chinese,185.9
2023,female,60-64,indian,49.5
2023,female,60-64,other_citizen,3.2
2023,female,60-64,other_noncitizen,8.9
2023,female,65-69,overall,516.4
2023,female,65-69,bumi_malay,257.5
2023,female,65-69,bumi_other,48.3
2023,female,65-69,chinese,142.8
2023,female,65-69,indian,37.2
2023,female,65-69,other_citizen,2.7
2023,female,65-69,other_noncitizen,28
2023,female,70-74,overall,366.6
2023,female,70-74,bumi_malay,191.3
2023,female,70-74,bumi_other,34.1
2023,female,70-74,chinese,99.1
2023,female,70-74,indian,25.8
2023,female,70-74,other_citizen,2.5
2023,female,70-74,other_noncitizen,13.9
2023,female,75-79,overall,220.7
2023,female,75-79,bumi_malay,111.9
2023,female,75-79,bumi_other,21.3
2023,female,75-79,chinese,63.7
2023,female,75-79,indian,14.7
2023,female,75-79,other_citizen,1.6
2023,female,75-79,other_noncitizen,7.6
2023,female,80-84,overall,111.4
2023,female,80-84,bumi_malay,53
2023,female,80-84,bumi_other,11.9
2023,female,80-84,chinese,33.4
2023,female,80-84,indian,6.1
2023,female,80-84,other_citizen,0.8
2023,female,80-84,other_noncitizen,6.1
2023,female,85+,overall,68.2
2023,female,85+,bumi_malay,33.4
2023,female,85+,bumi_other,8.4
2023,female,85+,chinese,13.4
2023,female,85+,indian,4.3
2023,female,85+,other_citizen,0.5
2023,female,85+,other_noncitizen,8.1
2023,male,overall,overall,17472.3
2023,male,overall,bumi_malay,8914.4
2023,male,overall,bumi_other,1880.7
2023,male,overall,chinese,3493.8
2023,male,overall,indian,1005.1
2023,male,overall,other_citizen,122.1
2023,male,overall,other_noncitizen,2056.3
2023,male,0-4,overall,1215.7
2023,male,0-4,bumi_malay,759.3
2023,male,0-4,bumi_other,141.3
2023,male,0-4,chinese,141.2
2023,male,0-4,indian,50.8
2023,male,0-4,other_citizen,11.8
2023,male,0-4,other_noncitizen,111.4
2023,male,09-May,overall,1324.1
2023,male,09-May,bumi_malay,773.5
2023,male,09-May,bumi_other,150.2
2023,male,09-May,chinese,234.3
2023,male,09-May,indian,68.9
2023,male,09-May,other_citizen,9
2023,male,09-May,other_noncitizen,88.2
2023,male,14-Oct,overall,1359.9
2023,male,14-Oct,bumi_malay,776.6
2023,male,14-Oct,bumi_other,164.5
2023,male,14-Oct,chinese,282.9
2023,male,14-Oct,indian,84.9
2023,male,14-Oct,other_citizen,8.8
2023,male,14-Oct,other_noncitizen,42.2
2023,male,15-19,overall,1454.4
2023,male,15-19,bumi_malay,789
2023,male,15-19,bumi_other,183.6
2023,male,15-19,chinese,288
2023,male,15-19,indian,87.8
2023,male,15-19,other_citizen,9.1
2023,male,15-19,other_noncitizen,96.9
2023,male,20-24,overall,1650.8
2023,male,20-24,bumi_malay,828.5
2023,male,20-24,bumi_other,169.9
2023,male,20-24,chinese,261.8
2023,male,20-24,indian,83.7
2023,male,20-24,other_citizen,11.4
2023,male,20-24,other_noncitizen,295.5
2023,male,25-29,overall,1624.4
2023,male,25-29,bumi_malay,716.1
2023,male,25-29,bumi_other,163.4
2023,male,25-29,chinese,244.6
2023,male,25-29,indian,79.9
2023,male,25-29,other_citizen,10.7
2023,male,25-29,other_noncitizen,409.7
2023,male,30-34,overall,1570.5
2023,male,30-34,bumi_malay,712.9
2023,male,30-34,bumi_other,161.3
2023,male,30-34,chinese,253.9
2023,male,30-34,indian,82.2
2023,male,30-34,other_citizen,12.8
2023,male,30-34,other_noncitizen,347.5
2023,male,35-39,overall,1505.3
2023,male,35-39,bumi_malay,730.6
2023,male,35-39,bumi_other,152.4
2023,male,35-39,chinese,275.4
2023,male,35-39,indian,87
2023,male,35-39,other_citizen,12.8
2023,male,35-39,other_noncitizen,247.2
2023,male,40-44,overall,1320.7
2023,male,40-44,bumi_malay,647.4
2023,male,40-44,bumi_other,130.7
2023,male,40-44,chinese,288.5
2023,male,40-44,indian,86.3
2023,male,40-44,other_citizen,8.8
2023,male,40-44,other_noncitizen,159
2023,male,45-49,overall,1008.1
2023,male,45-49,bumi_malay,490.7
2023,male,45-49,bumi_other,99.2
2023,male,45-49,chinese,252.9
2023,male,45-49,indian,67.2
2023,male,45-49,other_citizen,6.6
2023,male,45-49,other_noncitizen,91.6
2023,male,50-54,overall,851.5
2023,male,50-54,bumi_malay,419
2023,male,50-54,bumi_other,90.3
2023,male,50-54,chinese,233.4
2023,male,50-54,indian,56.7
2023,male,50-54,other_citizen,4.7
2023,male,50-54,other_noncitizen,47.5
2023,male,55-59,overall,737.1
2023,male,55-59,bumi_malay,364.9
2023,male,55-59,bumi_other,80.2
2023,male,55-59,chinese,209.4
2023,male,55-59,indian,50.9
2023,male,55-59,other_citizen,4.2
2023,male,55-59,other_noncitizen,27.5
2023,male,60-64,overall,647.9
2023,male,60-64,bumi_malay,321
2023,male,60-64,bumi_other,64.7
2023,male,60-64,chinese,195.9
2023,male,60-64,indian,45
2023,male,60-64,other_citizen,3.5
2023,male,60-64,other_noncitizen,17.8
2023,male,65-69,overall,498.4
2023,male,65-69,bumi_malay,240.4
2023,male,65-69,bumi_other,52.6
2023,male,65-69,chinese,140.3
2023,male,65-69,indian,31.5
2023,male,65-69,other_citizen,3.1
2023,male,65-69,other_noncitizen,30.6
2023,male,70-74,overall,346.2
2023,male,70-74,bumi_malay,177.2
2023,male,70-74,bumi_other,35.7
2023,male,70-74,chinese,92.2
2023,male,70-74,indian,21.6
2023,male,70-74,other_citizen,2.5
2023,male,70-74,other_noncitizen,17
2023,male,75-79,overall,192.4
2023,male,75-79,bumi_malay,94.1
2023,male,75-79,bumi_other,19.7
2023,male,75-79,chinese,56.4
2023,male,75-79,indian,11.5
2023,male,75-79,other_citizen,1.3
2023,male,75-79,other_noncitizen,9.3
2023,male,80-84,overall,93.6
2023,male,80-84,bumi_malay,41.2
2023,male,80-84,bumi_other,11.7
2023,male,80-84,chinese,27.6
2023,male,80-84,indian,5.2
2023,male,80-84,other_citizen,0.6
2023,male,80-84,other_noncitizen,7.2
2023,male,85+,overall,71.4
2023,male,85+,bumi_malay,32.1
2023,male,85+,bumi_other,9.3
2023,male,85+,chinese,15.1
2023,male,85+,indian,4.1
2023,male,85+,other_citizen,0.6
2023,male,85+,other_noncitizen,10.1
2024,both,overall,overall,34052.1
2024,both,overall,bumi_malay,17812.8
2024,both,overall,bumi_other,3749.2
2024,both,overall,chinese,6857.3
2024,both,overall,indian,2005.1
2024,both,overall,other_citizen,230.8
2024,both,overall,other_noncitizen,3396.9
2024,both,0-4,overall,2355.4
2024,both,0-4,bumi_malay,1471.3
2024,both,0-4,bumi_other,273.2
2024,both,0-4,chinese,246
2024,both,0-4,indian,96.3
2024,both,0-4,other_citizen,25.4
2024,both,0-4,other_noncitizen,243.1
2024,both,09-May,overall,2574.7
2024,both,09-May,bumi_malay,1508.1
2024,both,09-May,bumi_other,286.5
2024,both,09-May,chinese,440.3
2024,both,09-May,indian,131.2
2024,both,09-May,other_citizen,17.3
2024,both,09-May,other_noncitizen,191.3
2024,both,14-Oct,overall,2620.7
2024,both,14-Oct,bumi_malay,1518.8
2024,both,14-Oct,bumi_other,305.4
2024,both,14-Oct,chinese,529.6
2024,both,14-Oct,indian,158.6
2024,both,14-Oct,other_citizen,17.2
2024,both,14-Oct,other_noncitizen,91.1
2024,both,15-19,overall,2724.6
2024,both,15-19,bumi_malay,1452.5
2024,both,15-19,bumi_other,358.8
2024,both,15-19,chinese,550.5
2024,both,15-19,indian,167.2
2024,both,15-19,other_citizen,15
2024,both,15-19,other_noncitizen,180.5
2024,both,20-24,overall,3156.6
2024,both,20-24,bumi_malay,1645.5
2024,both,20-24,bumi_other,337.1
2024,both,20-24,chinese,514.4
2024,both,20-24,indian,164.8
2024,both,20-24,other_citizen,20
2024,both,20-24,other_noncitizen,474.8
2024,both,25-29,overall,3036.3
2024,both,25-29,bumi_malay,1439.8
2024,both,25-29,bumi_other,325.6
2024,both,25-29,chinese,475.8
2024,both,25-29,indian,156.6
2024,both,25-29,other_citizen,19.3
2024,both,25-29,other_noncitizen,619.3
2024,both,30-34,overall,2956.1
2024,both,30-34,bumi_malay,1420.7
2024,both,30-34,bumi_other,333.7
2024,both,30-34,chinese,504.2
2024,both,30-34,indian,163.9
2024,both,30-34,other_citizen,21.9
2024,both,30-34,other_noncitizen,511.7
2024,both,35-39,overall,2856.7
2024,both,35-39,bumi_malay,1454.3
2024,both,35-39,bumi_other,303.6
2024,both,35-39,chinese,535.1
2024,both,35-39,indian,167.6
2024,both,35-39,other_citizen,22.3
2024,both,35-39,other_noncitizen,373.8
2024,both,40-44,overall,2608
2024,both,40-44,bumi_malay,1321.3
2024,both,40-44,bumi_other,274.6
2024,both,40-44,chinese,575.6
2024,both,40-44,indian,170.9
2024,both,40-44,other_citizen,17.7
2024,both,40-44,other_noncitizen,247.9
2024,both,45-49,overall,2018.4
2024,both,45-49,bumi_malay,1014.3
2024,both,45-49,bumi_other,204.2
2024,both,45-49,chinese,501.3
2024,both,45-49,indian,138.9
2024,both,45-49,other_citizen,12.9
2024,both,45-49,other_noncitizen,146.9
2024,both,50-54,overall,1723.2
2024,both,50-54,bumi_malay,863.1
2024,both,50-54,bumi_other,185.7
2024,both,50-54,chinese,465.9
2024,both,50-54,indian,118.6
2024,both,50-54,other_citizen,10
2024,both,50-54,other_noncitizen,79.8
2024,both,55-59,overall,1472.8
2024,both,55-59,bumi_malay,739.8
2024,both,55-59,bumi_other,160.9
2024,both,55-59,chinese,412.8
2024,both,55-59,indian,103.4
2024,both,55-59,other_citizen,8.2
2024,both,55-59,other_noncitizen,47.6
2024,both,60-64,overall,1339.6
2024,both,60-64,bumi_malay,677.2
2024,both,60-64,bumi_other,135.1
2024,both,60-64,chinese,392.4
2024,both,60-64,indian,97.3
2024,both,60-64,other_citizen,6.9
2024,both,60-64,other_noncitizen,30.6
2024,both,65-69,overall,1051.4
2024,both,65-69,bumi_malay,504.3
2024,both,65-69,bumi_other,102.2
2024,both,65-69,chinese,301.1
2024,both,65-69,indian,71.1
2024,both,65-69,other_citizen,5.6
2024,both,65-69,other_noncitizen,67.2
2024,both,70-74,overall,750.4
2024,both,70-74,bumi_malay,387.9
2024,both,70-74,bumi_other,75.9
2024,both,70-74,chinese,196.4
2024,both,70-74,indian,49.5
2024,both,70-74,other_citizen,5.3
2024,both,70-74,other_noncitizen,35.4
2024,both,75-79,overall,446.3
2024,both,75-79,bumi_malay,224.8
2024,both,75-79,bumi_other,43.2
2024,both,75-79,chinese,127.3
2024,both,75-79,indian,28.5
2024,both,75-79,other_citizen,3.2
2024,both,75-79,other_noncitizen,19.4
2024,both,80-84,overall,215.3
2024,both,80-84,bumi_malay,99.4
2024,both,80-84,bumi_other,24.9
2024,both,80-84,chinese,61.8
2024,both,80-84,indian,12.1
2024,both,80-84,other_citizen,1.6
2024,both,80-84,other_noncitizen,15.3
2024,both,85+,overall,145.6
2024,both,85+,bumi_malay,69.4
2024,both,85+,bumi_other,18.7
2024,both,85+,chinese,26.9
2024,both,85+,indian,8.5
2024,both,85+,other_citizen,1.1
2024,both,85+,other_noncitizen,20.9
2024,female,overall,overall,16173.1
2024,female,overall,bumi_malay,8800.7
2024,female,overall,bumi_other,1857.6
2024,female,overall,chinese,3371.4
2024,female,overall,indian,1000
2024,female,overall,other_citizen,106.7
2024,female,overall,other_noncitizen,1036.7
2024,female,0-4,overall,1140.6
2024,female,0-4,bumi_malay,714.1
2024,female,0-4,bumi_other,131.7
2024,female,0-4,chinese,119.8
2024,female,0-4,indian,47.5
2024,female,0-4,other_citizen,12.3
2024,female,0-4,other_noncitizen,115.2
2024,female,09-May,overall,1258.9
2024,female,09-May,bumi_malay,738.7
2024,female,09-May,bumi_other,138.5
2024,female,09-May,chinese,217.4
2024,female,09-May,indian,65.5
2024,female,09-May,other_citizen,8.4
2024,female,09-May,other_noncitizen,90.4
2024,female,14-Oct,overall,1261.2
2024,female,14-Oct,bumi_malay,732.4
2024,female,14-Oct,bumi_other,148.8
2024,female,14-Oct,chinese,252.9
2024,female,14-Oct,indian,75.8
2024,female,14-Oct,other_citizen,8.1
2024,female,14-Oct,other_noncitizen,43.2
2024,female,15-19,overall,1296.7
2024,female,15-19,bumi_malay,700.3
2024,female,15-19,bumi_other,174.6
2024,female,15-19,chinese,263.7
2024,female,15-19,indian,81.2
2024,female,15-19,other_citizen,6.8
2024,female,15-19,other_noncitizen,70.1
2024,female,20-24,overall,1428.9
2024,female,20-24,bumi_malay,793.4
2024,female,20-24,bumi_other,165.5
2024,female,20-24,chinese,245.9
2024,female,20-24,indian,79
2024,female,20-24,other_citizen,8.6
2024,female,20-24,other_noncitizen,136.5
2024,female,25-29,overall,1332.2
2024,female,25-29,bumi_malay,703.2
2024,female,25-29,bumi_other,163.7
2024,female,25-29,chinese,231
2024,female,25-29,indian,76.3
2024,female,25-29,other_citizen,8.7
2024,female,25-29,other_noncitizen,149.3
2024,female,30-34,overall,1330.1
2024,female,30-34,bumi_malay,707.6
2024,female,30-34,bumi_other,168.6
2024,female,30-34,chinese,249.9
2024,female,30-34,indian,82.2
2024,female,30-34,other_citizen,9.3
2024,female,30-34,other_noncitizen,112.5
2024,female,35-39,overall,1335.2
2024,female,35-39,bumi_malay,730.6
2024,female,35-39,bumi_other,153.7
2024,female,35-39,chinese,269.6
2024,female,35-39,indian,83
2024,female,35-39,other_citizen,9.4
2024,female,35-39,other_noncitizen,89
2024,female,40-44,overall,1223.4
2024,female,40-44,bumi_malay,647.9
2024,female,40-44,bumi_other,136.4
2024,female,40-44,chinese,283.1
2024,female,40-44,indian,83.1
2024,female,40-44,other_citizen,8.2
2024,female,40-44,other_noncitizen,64.6
2024,female,45-49,overall,967.4
2024,female,45-49,bumi_malay,503.1
2024,female,45-49,bumi_other,103.3
2024,female,45-49,chinese,244.7
2024,female,45-49,indian,68.9
2024,female,45-49,other_citizen,6
2024,female,45-49,other_noncitizen,41.3
2024,female,50-54,overall,845.7
2024,female,50-54,bumi_malay,432.1
2024,female,50-54,bumi_other,94.5
2024,female,50-54,chinese,228
2024,female,50-54,indian,60.7
2024,female,50-54,other_citizen,5.1
2024,female,50-54,other_noncitizen,25.3
2024,female,55-59,overall,737.3
2024,female,55-59,bumi_malay,377.8
2024,female,55-59,bumi_other,80.2
2024,female,55-59,chinese,205.6
2024,female,55-59,indian,53.5
2024,female,55-59,other_citizen,4.1
2024,female,55-59,other_noncitizen,16.1
2024,female,60-64,overall,667.4
2024,female,60-64,bumi_malay,343.9
2024,female,60-64,bumi_other,68.2
2024,female,60-64,chinese,191
2024,female,60-64,indian,50.8
2024,female,60-64,other_citizen,3.4
2024,female,60-64,other_noncitizen,10.2
2024,female,65-69,overall,536.4
2024,female,65-69,bumi_malay,261.6
2024,female,65-69,bumi_other,49.6
2024,female,65-69,chinese,151.8
2024,female,65-69,indian,38.7
2024,female,65-69,other_citizen,2.6
2024,female,65-69,other_noncitizen,32.1
2024,female,70-74,overall,386.4
2024,female,70-74,bumi_malay,202
2024,female,70-74,bumi_other,36.5
2024,female,70-74,chinese,102.3
2024,female,70-74,indian,27
2024,female,70-74,other_citizen,2.6
2024,female,70-74,other_noncitizen,15.9
2024,female,75-79,overall,238.6
2024,female,75-79,bumi_malay,121.4
2024,female,75-79,bumi_other,22.6
2024,female,75-79,chinese,68.1
2024,female,75-79,indian,16.1
2024,female,75-79,other_citizen,1.7
2024,female,75-79,other_noncitizen,8.7
2024,female,80-84,overall,117.1
2024,female,80-84,bumi_malay,55.8
2024,female,80-84,bumi_other,12.5
2024,female,80-84,chinese,34.2
2024,female,80-84,indian,6.6
2024,female,80-84,other_citizen,0.9
2024,female,80-84,other_noncitizen,7.1
2024,female,85+,overall,69.7
2024,female,85+,bumi_malay,34.9
2024,female,85+,bumi_other,8.7
2024,female,85+,chinese,12.3
2024,female,85+,indian,4.1
2024,female,85+,other_citizen,0.5
2024,female,85+,other_noncitizen,9.3
2024,male,overall,overall,17879
2024,male,overall,bumi_malay,9012.1
2024,male,overall,bumi_other,1891.6
2024,male,overall,chinese,3486
2024,male,overall,indian,1005.2
2024,male,overall,other_citizen,124
2024,male,overall,other_noncitizen,2360.2
2024,male,0-4,overall,1214.8
2024,male,0-4,bumi_malay,757.3
2024,male,0-4,bumi_other,141.5
2024,male,0-4,chinese,126.2
2024,male,0-4,indian,48.8
2024,male,0-4,other_citizen,13.1
2024,male,0-4,other_noncitizen,127.9
2024,male,09-May,overall,1315.8
2024,male,09-May,bumi_malay,769.4
2024,male,09-May,bumi_other,148
2024,male,09-May,chinese,222.9
2024,male,09-May,indian,65.7
2024,male,09-May,other_citizen,9
2024,male,09-May,other_noncitizen,100.9
2024,male,14-Oct,overall,1359.5
2024,male,14-Oct,bumi_malay,786.5
2024,male,14-Oct,bumi_other,156.6
2024,male,14-Oct,chinese,276.7
2024,male,14-Oct,indian,82.8
2024,male,14-Oct,other_citizen,9
2024,male,14-Oct,other_noncitizen,47.9
2024,male,15-19,overall,1427.9
2024,male,15-19,bumi_malay,752.3
2024,male,15-19,bumi_other,184.2
2024,male,15-19,chinese,286.8
2024,male,15-19,indian,86
2024,male,15-19,other_citizen,8.2
2024,male,15-19,other_noncitizen,110.4
2024,male,20-24,overall,1727.6
2024,male,20-24,bumi_malay,852.1
2024,male,20-24,bumi_other,171.6
2024,male,20-24,chinese,268.5
2024,male,20-24,indian,85.8
2024,male,20-24,other_citizen,11.4
2024,male,20-24,other_noncitizen,338.4
2024,male,25-29,overall,1704.1
2024,male,25-29,bumi_malay,736.6
2024,male,25-29,bumi_other,161.9
2024,male,25-29,chinese,244.8
2024,male,25-29,indian,80.3
2024,male,25-29,other_citizen,10.6
2024,male,25-29,other_noncitizen,470
2024,male,30-34,overall,1626
2024,male,30-34,bumi_malay,713.1
2024,male,30-34,bumi_other,165.1
2024,male,30-34,chinese,254.3
2024,male,30-34,indian,81.7
2024,male,30-34,other_citizen,12.6
2024,male,30-34,other_noncitizen,399.3
2024,male,35-39,overall,1521.5
2024,male,35-39,bumi_malay,723.7
2024,male,35-39,bumi_other,149.9
2024,male,35-39,chinese,265.5
2024,male,35-39,indian,84.6
2024,male,35-39,other_citizen,12.9
2024,male,35-39,other_noncitizen,284.8
2024,male,40-44,overall,1384.6
2024,male,40-44,bumi_malay,673.4
2024,male,40-44,bumi_other,138.2
2024,male,40-44,chinese,292.4
2024,male,40-44,indian,87.8
2024,male,40-44,other_citizen,9.5
2024,male,40-44,other_noncitizen,183.2
2024,male,45-49,overall,1051
2024,male,45-49,bumi_malay,511.2
2024,male,45-49,bumi_other,100.9
2024,male,45-49,chinese,256.5
2024,male,45-49,indian,70
2024,male,45-49,other_citizen,6.8
2024,male,45-49,other_noncitizen,105.6
2024,male,50-54,overall,877.4
2024,male,50-54,bumi_malay,431
2024,male,50-54,bumi_other,91.3
2024,male,50-54,chinese,237.9
2024,male,50-54,indian,57.8
2024,male,50-54,other_citizen,4.9
2024,male,50-54,other_noncitizen,54.5
2024,male,55-59,overall,735.5
2024,male,55-59,bumi_malay,362.1
2024,male,55-59,bumi_other,80.6
2024,male,55-59,chinese,207.2
2024,male,55-59,indian,49.9
2024,male,55-59,other_citizen,4.2
2024,male,55-59,other_noncitizen,31.5
2024,male,60-64,overall,672.2
2024,male,60-64,bumi_malay,333.4
2024,male,60-64,bumi_other,66.9
2024,male,60-64,chinese,201.4
2024,male,60-64,indian,46.6
2024,male,60-64,other_citizen,3.5
2024,male,60-64,other_noncitizen,20.4
2024,male,65-69,overall,515.1
2024,male,65-69,bumi_malay,242.7
2024,male,65-69,bumi_other,52.6
2024,male,65-69,chinese,149.3
2024,male,65-69,indian,32.4
2024,male,65-69,other_citizen,2.9
2024,male,65-69,other_noncitizen,35.2
2024,male,70-74,overall,364.1
2024,male,70-74,bumi_malay,185.9
2024,male,70-74,bumi_other,39.4
2024,male,70-74,chinese,94.1
2024,male,70-74,indian,22.6
2024,male,70-74,other_citizen,2.7
2024,male,70-74,other_noncitizen,19.5
2024,male,75-79,overall,207.8
2024,male,75-79,bumi_malay,103.4
2024,male,75-79,bumi_other,20.6
2024,male,75-79,chinese,59.2
2024,male,75-79,indian,12.4
2024,male,75-79,other_citizen,1.5
2024,male,75-79,other_noncitizen,10.7
2024,male,80-84,overall,98.2
2024,male,80-84,bumi_malay,43.7
2024,male,80-84,bumi_other,12.4
2024,male,80-84,chinese,27.6
2024,male,80-84,indian,5.6
2024,male,80-84,other_citizen,0.7
2024,male,80-84,other_noncitizen,8.3
2024,male,85+,overall,75.8
2024,male,85+,bumi_malay,34.6
2024,male,85+,bumi_other,10
2024,male,85+,chinese,14.7
2024,male,85+,indian,4.4
2024,male,85+,other_citizen,0.6
2024,male,85+,other_noncitizen,11.7
2025,both,overall,overall,34231.7
2025,both,overall,bumi_malay,17981.2
2025,both,overall,bumi_other,3779.8
2025,both,overall,chinese,6849.6
2025,both,overall,indian,2006.1
2025,both,overall,other_citizen,234.3
2025,both,overall,other_noncitizen,3380.7
2025,both,0-4,overall,2306.7
2025,both,0-4,bumi_malay,1459.2
2025,both,0-4,bumi_other,266.8
2025,both,0-4,chinese,218.9
2025,both,0-4,indian,91.7
2025,both,0-4,other_citizen,28
2025,both,0-4,other_noncitizen,242.2
2025,both,09-May,overall,2516.4
2025,both,09-May,bumi_malay,1485.5
2025,both,09-May,bumi_other,286.5
2025,both,09-May,chinese,412.5
2025,both,09-May,indian,124.7
2025,both,09-May,other_citizen,16.7
2025,both,09-May,other_noncitizen,190.5
2025,both,14-Oct,overall,2579.3
2025,both,14-Oct,bumi_malay,1518.4
2025,both,14-Oct,bumi_other,288.2
2025,both,14-Oct,chinese,512.2
2025,both,14-Oct,indian,152.1
2025,both,14-Oct,other_citizen,17.7
2025,both,14-Oct,other_noncitizen,90.7
2025,both,15-19,overall,2705.2
2025,both,15-19,bumi_malay,1419.8
2025,both,15-19,bumi_other,362.6
2025,both,15-19,chinese,561.5
2025,both,15-19,indian,168.1
2025,both,15-19,other_citizen,13.5
2025,both,15-19,other_noncitizen,179.7
2025,both,20-24,overall,3155.5
2025,both,20-24,bumi_malay,1645.9
2025,both,20-24,bumi_other,339.4
2025,both,20-24,chinese,512.6
2025,both,20-24,indian,165.3
2025,both,20-24,other_citizen,19.8
2025,both,20-24,other_noncitizen,472.5
2025,both,25-29,overall,3086.8
2025,both,25-29,bumi_malay,1487.1
2025,both,25-29,bumi_other,324.4
2025,both,25-29,chinese,482.4
2025,both,25-29,indian,157.3
2025,both,25-29,other_citizen,19.2
2025,both,25-29,other_noncitizen,616.2
2025,both,30-34,overall,2889.4
2025,both,30-34,bumi_malay,1383.1
2025,both,30-34,bumi_other,332.6
2025,both,30-34,chinese,485.8
2025,both,30-34,indian,158.2
2025,both,30-34,other_citizen,20.6
2025,both,30-34,other_noncitizen,509.3
2025,both,35-39,overall,2849.4
2025,both,35-39,bumi_malay,1455.4
2025,both,35-39,bumi_other,307.1
2025,both,35-39,chinese,525.8
2025,both,35-39,indian,166.7
2025,both,35-39,other_citizen,22.6
2025,both,35-39,other_noncitizen,371.9
2025,both,40-44,overall,2660.6
2025,both,40-44,bumi_malay,1365.4
2025,both,40-44,bumi_other,285.2
2025,both,40-44,chinese,573.1
2025,both,40-44,indian,171.6
2025,both,40-44,other_citizen,18.7
2025,both,40-44,other_noncitizen,246.6
2025,both,45-49,overall,2104.6
2025,both,45-49,bumi_malay,1070.4
2025,both,45-49,bumi_other,212.9
2025,both,45-49,chinese,516.1
2025,both,45-49,indian,145.4
2025,both,45-49,other_citizen,13.7
2025,both,45-49,other_noncitizen,146.1
2025,both,50-54,overall,1759.2
2025,both,50-54,bumi_malay,886.4
2025,both,50-54,bumi_other,189
2025,both,50-54,chinese,472.4
2025,both,50-54,indian,121.4
2025,both,50-54,other_citizen,10.6
2025,both,50-54,other_noncitizen,79.4
2025,both,55-59,overall,1505.9
2025,both,55-59,bumi_malay,756.8
2025,both,55-59,bumi_other,165.4
2025,both,55-59,chinese,422.8
2025,both,55-59,indian,105
2025,both,55-59,other_citizen,8.6
2025,both,55-59,other_noncitizen,47.3
2025,both,60-64,overall,1366.1
2025,both,60-64,bumi_malay,691.4
2025,both,60-64,bumi_other,139.7
2025,both,60-64,chinese,398.6
2025,both,60-64,indian,99
2025,both,60-64,other_citizen,7.1
2025,both,60-64,other_noncitizen,30.5
2025,both,65-69,overall,1090.3
2025,both,65-69,bumi_malay,516.7
2025,both,65-69,bumi_other,104
2025,both,65-69,chinese,322.9
2025,both,65-69,indian,74.3
2025,both,65-69,other_citizen,5.4
2025,both,65-69,other_noncitizen,67
2025,both,70-74,overall,786.4
2025,both,70-74,bumi_malay,409.1
2025,both,70-74,bumi_other,82.8
2025,both,70-74,chinese,201.8
2025,both,70-74,indian,51.6
2025,both,70-74,other_citizen,5.7
2025,both,70-74,other_noncitizen,35.3
2025,both,75-79,overall,486.3
2025,both,75-79,bumi_malay,247
2025,both,75-79,bumi_other,46.5
2025,both,75-79,chinese,138.4
2025,both,75-79,indian,31.5
2025,both,75-79,other_citizen,3.5
2025,both,75-79,other_noncitizen,19.3
2025,both,80-84,overall,228.9
2025,both,80-84,bumi_malay,107.8
2025,both,80-84,bumi_other,26
2025,both,80-84,chinese,64.6
2025,both,80-84,indian,13.5
2025,both,80-84,other_citizen,1.8
2025,both,80-84,other_noncitizen,15.3
2025,both,85+,overall,154.6
2025,both,85+,bumi_malay,75.8
2025,both,85+,bumi_other,20.6
2025,both,85+,chinese,27.3
2025,both,85+,indian,8.8
2025,both,85+,other_citizen,1.2
2025,both,85+,other_noncitizen,20.8
2025,female,overall,overall,16273.9
2025,female,overall,bumi_malay,8886.8
2025,female,overall,bumi_other,1873.8
2025,female,overall,chinese,3371.3
2025,female,overall,indian,1001.7
2025,female,overall,other_citizen,108.5
2025,female,overall,other_noncitizen,1031.8
2025,female,0-4,overall,1114.2
2025,female,0-4,bumi_malay,706.3
2025,female,0-4,bumi_other,128.7
2025,female,0-4,chinese,105.8
2025,female,0-4,indian,45
2025,female,0-4,other_citizen,13.6
2025,female,0-4,other_noncitizen,114.8
2025,female,09-May,overall,1232.1
2025,female,09-May,bumi_malay,728.7
2025,female,09-May,bumi_other,138.6
2025,female,09-May,chinese,204.4
2025,female,09-May,indian,62.4
2025,female,09-May,other_citizen,8
2025,female,09-May,other_noncitizen,90.1
2025,female,14-Oct,overall,1244.2
2025,female,14-Oct,bumi_malay,734
2025,female,14-Oct,bumi_other,139.9
2025,female,14-Oct,chinese,245.9
2025,female,14-Oct,indian,73
2025,female,14-Oct,other_citizen,8.4
2025,female,14-Oct,other_noncitizen,43
2025,female,15-19,overall,1289.3
2025,female,15-19,bumi_malay,686.2
2025,female,15-19,bumi_other,176.7
2025,female,15-19,chinese,268.5
2025,female,15-19,indian,81.7
2025,female,15-19,other_citizen,6.3
2025,female,15-19,other_noncitizen,69.8
2025,female,20-24,overall,1425.1
2025,female,20-24,bumi_malay,790.2
2025,female,20-24,bumi_other,166.6
2025,female,20-24,chinese,244.7
2025,female,20-24,indian,79.3
2025,female,20-24,other_citizen,8.5
2025,female,20-24,other_noncitizen,135.8
2025,female,25-29,overall,1355.1
2025,female,25-29,bumi_malay,725.6
2025,female,25-29,bumi_other,162.4
2025,female,25-29,chinese,233.6
2025,female,25-29,indian,76.4
2025,female,25-29,other_citizen,8.6
2025,female,25-29,other_noncitizen,148.6
2025,female,30-34,overall,1295.7
2025,female,30-34,bumi_malay,688
2025,female,30-34,bumi_other,168
2025,female,30-34,chinese,239.8
2025,female,30-34,indian,79.2
2025,female,30-34,other_citizen,8.9
2025,female,30-34,other_noncitizen,111.9
2025,female,35-39,overall,1332.6
2025,female,35-39,bumi_malay,731.1
2025,female,35-39,bumi_other,156
2025,female,35-39,chinese,264.6
2025,female,35-39,indian,82.9
2025,female,35-39,other_citizen,9.5
2025,female,35-39,other_noncitizen,88.5
2025,female,40-44,overall,1260.5
2025,female,40-44,bumi_malay,677.3
2025,female,40-44,bumi_other,142.2
2025,female,40-44,chinese,284.3
2025,female,40-44,indian,84.1
2025,female,40-44,other_citizen,8.4
2025,female,40-44,other_noncitizen,64.3
2025,female,45-49,overall,1004.6
2025,female,45-49,bumi_malay,526.3
2025,female,45-49,bumi_other,107.2
2025,female,45-49,chinese,252.1
2025,female,45-49,indian,71.4
2025,female,45-49,other_citizen,6.5
2025,female,45-49,other_noncitizen,41.1
2025,female,50-54,overall,861.6
2025,female,50-54,bumi_malay,442.3
2025,female,50-54,bumi_other,96.4
2025,female,50-54,chinese,230.3
2025,female,50-54,indian,62.1
2025,female,50-54,other_citizen,5.2
2025,female,50-54,other_noncitizen,25.2
2025,female,55-59,overall,754.9
2025,female,55-59,bumi_malay,386.1
2025,female,55-59,bumi_other,82.7
2025,female,55-59,chinese,211.3
2025,female,55-59,indian,54.5
2025,female,55-59,other_citizen,4.3
2025,female,55-59,other_noncitizen,16
2025,female,60-64,overall,681.9
2025,female,60-64,bumi_malay,351.6
2025,female,60-64,bumi_other,70.6
2025,female,60-64,chinese,194.5
2025,female,60-64,indian,51.5
2025,female,60-64,other_citizen,3.5
2025,female,60-64,other_noncitizen,10.2
2025,female,65-69,overall,558.7
2025,female,65-69,bumi_malay,269.4
2025,female,65-69,bumi_other,51.4
2025,female,65-69,chinese,162.8
2025,female,65-69,indian,40.7
2025,female,65-69,other_citizen,2.5
2025,female,65-69,other_noncitizen,31.9
2025,female,70-74,overall,405.4
2025,female,70-74,bumi_malay,213.2
2025,female,70-74,bumi_other,39.7
2025,female,70-74,chinese,105.8
2025,female,70-74,indian,28
2025,female,70-74,other_citizen,2.9
2025,female,70-74,other_noncitizen,15.9
2025,female,75-79,overall,259.9
2025,female,75-79,bumi_malay,132.9
2025,female,75-79,bumi_other,24.1
2025,female,75-79,chinese,74.5
2025,female,75-79,indian,17.9
2025,female,75-79,other_citizen,1.8
2025,female,75-79,other_noncitizen,8.6
2025,female,80-84,overall,124.4
2025,female,80-84,bumi_malay,60
2025,female,80-84,bumi_other,13
2025,female,80-84,chinese,35.9
2025,female,80-84,indian,7.4
2025,female,80-84,other_citizen,1
2025,female,80-84,other_noncitizen,7
2025,female,85+,overall,73.7
2025,female,85+,bumi_malay,37.8
2025,female,85+,bumi_other,9.5
2025,female,85+,chinese,12.4
2025,female,85+,indian,4.1
2025,female,85+,other_citizen,0.6
2025,female,85+,other_noncitizen,9.2
2025,male,overall,overall,17957.7
2025,male,overall,bumi_malay,9094.4
2025,male,overall,bumi_other,1906
2025,male,overall,chinese,3478.3
2025,male,overall,indian,1004.4
2025,male,overall,other_citizen,125.8
2025,male,overall,other_noncitizen,2348.9
2025,male,0-4,overall,1192.5
2025,male,0-4,bumi_malay,752.9
2025,male,0-4,bumi_other,138.1
2025,male,0-4,chinese,113
2025,male,0-4,indian,46.7
2025,male,0-4,other_citizen,14.4
2025,male,0-4,other_noncitizen,127.4
2025,male,09-May,overall,1284.3
2025,male,09-May,bumi_malay,756.8
2025,male,09-May,bumi_other,147.9
2025,male,09-May,chinese,208.1
2025,male,09-May,indian,62.3
2025,male,09-May,other_citizen,8.7
2025,male,09-May,other_noncitizen,100.5
2025,male,14-Oct,overall,1335.1
2025,male,14-Oct,bumi_malay,784.4
2025,male,14-Oct,bumi_other,148.3
2025,male,14-Oct,chinese,266.4
2025,male,14-Oct,indian,79
2025,male,14-Oct,other_citizen,9.3
2025,male,14-Oct,other_noncitizen,47.6
2025,male,15-19,overall,1415.9
2025,male,15-19,bumi_malay,733.7
2025,male,15-19,bumi_other,185.9
2025,male,15-19,chinese,293
2025,male,15-19,indian,86.4
2025,male,15-19,other_citizen,7.1
2025,male,15-19,other_noncitizen,109.9
2025,male,20-24,overall,1730.5
2025,male,20-24,bumi_malay,855.7
2025,male,20-24,bumi_other,172.8
2025,male,20-24,chinese,267.9
2025,male,20-24,indian,86
2025,male,20-24,other_citizen,11.4
2025,male,20-24,other_noncitizen,336.7
2025,male,25-29,overall,1731.6
2025,male,25-29,bumi_malay,761.5
2025,male,25-29,bumi_other,162
2025,male,25-29,chinese,248.8
2025,male,25-29,indian,80.9
2025,male,25-29,other_citizen,10.7
2025,male,25-29,other_noncitizen,467.7
2025,male,30-34,overall,1593.7
2025,male,30-34,bumi_malay,695.1
2025,male,30-34,bumi_other,164.5
2025,male,30-34,chinese,246
2025,male,30-34,indian,79
2025,male,30-34,other_citizen,11.7
2025,male,30-34,other_noncitizen,397.4
2025,male,35-39,overall,1516.8
2025,male,35-39,bumi_malay,724.3
2025,male,35-39,bumi_other,151
2025,male,35-39,chinese,261.3
2025,male,35-39,indian,83.8
2025,male,35-39,other_citizen,13.1
2025,male,35-39,other_noncitizen,283.4
2025,male,40-44,overall,1400
2025,male,40-44,bumi_malay,688.1
2025,male,40-44,bumi_other,143
2025,male,40-44,chinese,288.8
2025,male,40-44,indian,87.5
2025,male,40-44,other_citizen,10.3
2025,male,40-44,other_noncitizen,182.3
2025,male,45-49,overall,1100.1
2025,male,45-49,bumi_malay,544.2
2025,male,45-49,bumi_other,105.7
2025,male,45-49,chinese,263.9
2025,male,45-49,indian,74
2025,male,45-49,other_citizen,7.2
2025,male,45-49,other_noncitizen,105.1
2025,male,50-54,overall,897.5
2025,male,50-54,bumi_malay,444.1
2025,male,50-54,bumi_other,92.6
2025,male,50-54,chinese,242.1
2025,male,50-54,indian,59.2
2025,male,50-54,other_citizen,5.3
2025,male,50-54,other_noncitizen,54.3
2025,male,55-59,overall,751
2025,male,55-59,bumi_malay,370.7
2025,male,55-59,bumi_other,82.7
2025,male,55-59,chinese,211.5
2025,male,55-59,indian,50.5
2025,male,55-59,other_citizen,4.3
2025,male,55-59,other_noncitizen,31.3
2025,male,60-64,overall,684.3
2025,male,60-64,bumi_malay,339.8
2025,male,60-64,bumi_other,69.1
2025,male,60-64,chinese,204
2025,male,60-64,indian,47.5
2025,male,60-64,other_citizen,3.6
2025,male,60-64,other_noncitizen,20.3
2025,male,65-69,overall,531.7
2025,male,65-69,bumi_malay,247.3
2025,male,65-69,bumi_other,52.7
2025,male,65-69,chinese,160.1
2025,male,65-69,indian,33.6
2025,male,65-69,other_citizen,2.9
2025,male,65-69,other_noncitizen,35
2025,male,70-74,overall,381
2025,male,70-74,bumi_malay,195.9
2025,male,70-74,bumi_other,43.1
2025,male,70-74,chinese,96.1
2025,male,70-74,indian,23.6
2025,male,70-74,other_citizen,2.9
2025,male,70-74,other_noncitizen,19.4
2025,male,75-79,overall,226.3
2025,male,75-79,bumi_malay,114.1
2025,male,75-79,bumi_other,22.4
2025,male,75-79,chinese,63.9
2025,male,75-79,indian,13.6
2025,male,75-79,other_citizen,1.7
2025,male,75-79,other_noncitizen,10.7
2025,male,80-84,overall,104.5
2025,male,80-84,bumi_malay,47.8
2025,male,80-84,bumi_other,13
2025,male,80-84,chinese,28.7
2025,male,80-84,indian,6.1
2025,male,80-84,other_citizen,0.8
2025,male,80-84,other_noncitizen,8.2
2025,male,85+,overall,80.9
2025,male,85+,bumi_malay,38
2025,male,85+,bumi_other,11.1
2025,male,85+,chinese,14.8
2025,male,85+,indian,4.8
2025,male,85+,other_citizen,0.6
2025,male,85+,other_noncitizen,11.6
